ISO-10303-21;
HEADER;
FILE_DESCRIPTION (( 'STEP AP214' ),
    '1' );
FILE_NAME ('EDD1A5CE-FB3B-493F-AF3A-D747A036161D.STEP',
    '2026-03-19T12:02:00',
    ( '' ),
    ( '' ),
    'SwSTEP 2.0',
    'SolidWorks 2022',
    '' );
FILE_SCHEMA (( 'AUTOMOTIVE_DESIGN' ));
ENDSEC;

DATA;
#1 = FACE_OUTER_BOUND ( 'NONE', #7909, .T. ) ;
#2 = EDGE_CURVE ( 'NONE', #729, #7638, #9494, .T. ) ;
#3 = VECTOR ( 'NONE', #2153, 1000.000000000000000 ) ;
#4 = CARTESIAN_POINT ( 'NONE',  ( 1.245000000000000329, 0.1000000000000000056, -2.100000000000000089 ) ) ;
#5 = CARTESIAN_POINT ( 'NONE',  ( -2.220000000000000195, 0.1000000000000000056, 0.1250000000000000000 ) ) ;
#6 = MECHANICAL_DESIGN_GEOMETRIC_PRESENTATION_REPRESENTATION (  '', ( #3803 ), #11049 ) ;
#7 = DIRECTION ( 'NONE',  ( -0.9915095306014207743, 0.0000000000000000000, 0.1300340368001786928 ) ) ;
#8 = UNCERTAINTY_MEASURE_WITH_UNIT (LENGTH_MEASURE( 1.000000000000000082E-05 ), #10858, 'distance_accuracy_value', 'NONE');
#9 = CARTESIAN_POINT ( 'NONE',  ( 0.0000000000000000000, 0.0000000000000000000, 0.0000000000000000000 ) ) ;
#10 = VERTEX_POINT ( 'NONE', #2983 ) ;
#11 = EDGE_LOOP ( 'NONE', ( #5561, #10846, #6794, #9835 ) ) ;
#12 = VECTOR ( 'NONE', #2709, 1000.000000000000000 ) ;
#13 = EDGE_LOOP ( 'NONE', ( #9196, #6313, #7089, #9141 ) ) ;
#14 = ORIENTED_EDGE ( 'NONE', *, *, #3086, .T. ) ;
#15 = CARTESIAN_POINT ( 'NONE',  ( -2.499999999999999556, 0.0000000000000000000, 0.8750000000000001110 ) ) ;
#16 = CARTESIAN_POINT ( 'NONE',  ( -1.539442046517550011, 0.9000000000000001332, -0.2901890142345550094 ) ) ;
#17 = FACE_OUTER_BOUND ( 'NONE', #7145, .T. ) ;
#18 = CARTESIAN_POINT ( 'NONE',  ( -2.500000000000000000, 0.0000000000000000000, -1.875000000000000000 ) ) ;
#19 = LINE ( 'NONE', #8035, #7825 ) ;
#20 = DIRECTION ( 'NONE',  ( -0.0000000000000000000, -1.000000000000000000, -0.0000000000000000000 ) ) ;
#21 = ORIENTED_EDGE ( 'NONE', *, *, #6352, .T. ) ;
#22 =( GEOMETRIC_REPRESENTATION_CONTEXT ( 3 ) GLOBAL_UNCERTAINTY_ASSIGNED_CONTEXT ( ( #8339 ) ) GLOBAL_UNIT_ASSIGNED_CONTEXT ( ( #835, #5360, #1010 ) ) REPRESENTATION_CONTEXT ( 'NONE', 'WORKASPACE' ) );
#23 = AXIS2_PLACEMENT_3D ( 'NONE', #6578, #10035, #1037 ) ;
#24 = DIRECTION ( 'NONE',  ( 1.000000000000000000, -0.0000000000000000000, 0.0000000000000000000 ) ) ;
#25 = EDGE_LOOP ( 'NONE', ( #8720, #5508, #1064, #1881 ) ) ;
#26 = AXIS2_PLACEMENT_3D ( 'NONE', #4351, #9909, #1736 ) ;
#27 = EDGE_CURVE ( 'NONE', #2388, #6972, #1562, .T. ) ;
#28 = VERTEX_POINT ( 'NONE', #6514 ) ;
#29 = ORIENTED_EDGE ( 'NONE', *, *, #10401, .F. ) ;
#30 = DIRECTION ( 'NONE',  ( 1.000000000000000000, 0.0000000000000000000, -0.0000000000000000000 ) ) ;
#31 = FACE_OUTER_BOUND ( 'NONE', #3471, .T. ) ;
#32 = DIRECTION ( 'NONE',  ( -1.000000000000000000, 0.0000000000000000000, -0.0000000000000000000 ) ) ;
#33 = EDGE_CURVE ( 'NONE', #1536, #8228, #8529, .T. ) ;
#34 = VERTEX_POINT ( 'NONE', #8475 ) ;
#35 = DIRECTION ( 'NONE',  ( 0.0000000000000000000, 0.0000000000000000000, 1.000000000000000000 ) ) ;
#36 = FILL_AREA_STYLE_COLOUR ( '', #5965 ) ;
#37 = CARTESIAN_POINT ( 'NONE',  ( 0.1250000000000000000, -0.03000000000000000583, -2.220000000000000195 ) ) ;
#38 = CARTESIAN_POINT ( 'NONE',  ( -0.2516666666666663166, 0.0000000000000000000, -2.100000000000000089 ) ) ;
#39 = CARTESIAN_POINT ( 'NONE',  ( 1.745000000000000551, 0.0000000000000000000, -2.100000000000000089 ) ) ;
#40 = VERTEX_POINT ( 'NONE', #218 ) ;
#41 = LINE ( 'NONE', #10111, #9329 ) ;
#42 = CARTESIAN_POINT ( 'NONE',  ( 1.125000000000000222, 0.1000000000000000056, 2.220000000000000195 ) ) ;
#43 = ORIENTED_EDGE ( 'NONE', *, *, #7359, .T. ) ;
#44 = ADVANCED_FACE ( 'NONE', ( #4831 ), #5616, .F. ) ;
#45 = VERTEX_POINT ( 'NONE', #3828 ) ;
#46 = CARTESIAN_POINT ( 'NONE',  ( 0.8750000000000001110, 0.0000000000000000000, 2.220000000000000195 ) ) ;
#47 = CARTESIAN_POINT ( 'NONE',  ( 2.500000000000000000, 0.0000000000000000000, 1.875000000000000000 ) ) ;
#48 = VECTOR ( 'NONE', #549, 1000.000000000000000 ) ;
#49 = CARTESIAN_POINT ( 'NONE',  ( -1.375000000000000000, 0.0000000000000000000, -2.500000000000000000 ) ) ;
#50 = B_SPLINE_SURFACE_WITH_KNOTS ( 'NONE', 3, 1, ( 
 ( #3175, #6819 ),
 ( #9736, #8722 ),
 ( #625, #4251 ),
 ( #7758, #1570 ),
 ( #2284, #5931 ),
 ( #10518, #7870 ),
 ( #5082, #570 ),
 ( #4194, #8045 ) ),
 .UNSPECIFIED., .F., .F., .F.,
 ( 4, 1, 1, 1, 1, 4 ),
 ( 2, 2 ),
 ( 0.0000000000000000000, 0.1250000000000000000, 0.2500000000000000000, 0.5000000000000000000, 0.7500000000000000000, 1.000000000000000000 ),
 ( 0.0000000000000000000, 1.000000000000000000 ),
 .UNSPECIFIED. ) ;
#51 = SURFACE_SIDE_STYLE ('',( #6469 ) ) ;
#52 = CARTESIAN_POINT ( 'NONE',  ( 1.317638399051593412, -0.03000000000000000930, 2.112932771566822687 ) ) ;
#53 = PLANE ( 'NONE',  #1564 ) ;
#54 = LINE ( 'NONE', #9817, #1508 ) ;
#55 = EDGE_LOOP ( 'NONE', ( #2667, #6761, #9939, #2732 ) ) ;
#56 = EDGE_CURVE ( 'NONE', #5750, #10000, #6579, .T. ) ;
#57 = FILL_AREA_STYLE ('',( #7259 ) ) ;
#58 = ORIENTED_EDGE ( 'NONE', *, *, #7416, .F. ) ;
#59 = DIRECTION ( 'NONE',  ( 0.0000000000000000000, 1.000000000000000000, 0.0000000000000000000 ) ) ;
#60 = B_SPLINE_CURVE_WITH_KNOTS ( 'NONE', 3,
 ( #6942, #5037, #5098, #4209, #11373, #9463 ),
 .UNSPECIFIED., .F., .F.,
 ( 4, 2, 4 ),
 ( 0.0000000000000000000, 0.5000000000000000000, 1.000000000000000000 ),
 .UNSPECIFIED. ) ;
#61 = EDGE_LOOP ( 'NONE', ( #3723, #9429, #10032, #5543 ) ) ;
#62 = LINE ( 'NONE', #1167, #505 ) ;
#63 = SURFACE_SIDE_STYLE ('',( #1007 ) ) ;
#64 = DIRECTION ( 'NONE',  ( 0.0000000000000000000, 0.0000000000000000000, -1.000000000000000000 ) ) ;
#65 = CARTESIAN_POINT ( 'NONE',  ( 2.500000000000000000, 0.9000000000000001332, 0.6250000000000001110 ) ) ;
#66 = FACE_OUTER_BOUND ( 'NONE', #1682, .T. ) ;
#67 = AXIS2_PLACEMENT_3D ( 'NONE', #1923, #5614, #10328 ) ;
#68 = VERTEX_POINT ( 'NONE', #3050 ) ;
#69 = EDGE_CURVE ( 'NONE', #4348, #6366, #2037, .T. ) ;
#70 = EDGE_CURVE ( 'NONE', #9472, #5750, #5675, .T. ) ;
#71 = CARTESIAN_POINT ( 'NONE',  ( -1.125000000000000222, 0.0000000000000000000, -2.406666666666666732 ) ) ;
#72 = ORIENTED_EDGE ( 'NONE', *, *, #9077, .F. ) ;
#73 = FILL_AREA_STYLE_COLOUR ( '', #6585 ) ;
#74 = EDGE_LOOP ( 'NONE', ( #2749, #2656, #7788, #4675 ) ) ;
#75 = VERTEX_POINT ( 'NONE', #4769 ) ;
#76 = SURFACE_STYLE_FILL_AREA ( #8217 ) ;
#77 = CARTESIAN_POINT ( 'NONE',  ( 2.500000000000000000, 0.0000000000000000000, -0.04166666666666667129 ) ) ;
#78 = SURFACE_STYLE_FILL_AREA ( #9845 ) ;
#79 = CARTESIAN_POINT ( 'NONE',  ( 2.100000000000000089, 0.0000000000000000000, 0.2864159265358970918 ) ) ;
#80 = FACE_OUTER_BOUND ( 'NONE', #9522, .T. ) ;
#81 = FACE_OUTER_BOUND ( 'NONE', #7189, .T. ) ;
#82 = ORIENTED_EDGE ( 'NONE', *, *, #5749, .F. ) ;
#83 = CARTESIAN_POINT ( 'NONE',  ( 2.220000000000000195, 0.0000000000000000000, -1.125000000000000222 ) ) ;
#84 = SURFACE_SIDE_STYLE ('',( #9372 ) ) ;
#85 = ORIENTED_EDGE ( 'NONE', *, *, #9851, .F. ) ;
#86 = ADVANCED_FACE ( 'NONE', ( #7644 ), #8417, .T. ) ;
#87 = VERTEX_POINT ( 'NONE', #11296 ) ;
#88 = ORIENTED_EDGE ( 'NONE', *, *, #6708, .T. ) ;
#89 = CARTESIAN_POINT ( 'NONE',  ( 2.406666666666666732, 0.0000000000000000000, -1.625000000000000222 ) ) ;
#90 = CARTESIAN_POINT ( 'NONE',  ( 0.6379327715668227095, -0.03000000000000001277, -2.157361600948405123 ) ) ;
#91 = CARTESIAN_POINT ( 'NONE',  ( -2.500000000000000000, 0.0000000000000000000, 0.5416666666666662966 ) ) ;
#92 = EDGE_LOOP ( 'NONE', ( #2806, #9585, #4843, #540, #4628 ) ) ;
#93 = CARTESIAN_POINT ( 'NONE',  ( 1.872859023482720042, 0.9000000000000001332, 0.1249850370245180059 ) ) ;
#94 = CARTESIAN_POINT ( 'NONE',  ( 1.486270063746210068, 0.9000000000000001332, 0.1258332384051620012 ) ) ;
#95 = SURFACE_STYLE_FILL_AREA ( #1815 ) ;
#96 = EDGE_CURVE ( 'NONE', #6163, #5194, #10277, .T. ) ;
#97 = CARTESIAN_POINT ( 'NONE',  ( 2.188584073464102886, 0.0000000000000000000, 1.125000000000000666 ) ) ;
#98 = MECHANICAL_DESIGN_GEOMETRIC_PRESENTATION_REPRESENTATION (  '', ( #9602 ), #1046 ) ;
#99 = EDGE_CURVE ( 'NONE', #8998, #7514, #2149, .T. ) ;
#100 = B_SPLINE_CURVE_WITH_KNOTS ( 'NONE', 3,
 ( #8013, #7901, #11670, #3505, #2209, #7643 ),
 .UNSPECIFIED., .F., .F.,
 ( 4, 2, 4 ),
 ( 0.0000000000000000000, 0.5000000000000000000, 1.000000000000000000 ),
 .UNSPECIFIED. ) ;
#101 = ORIENTED_EDGE ( 'NONE', *, *, #3919, .F. ) ;
#102 = CARTESIAN_POINT ( 'NONE',  ( 0.7550000000000000044, 0.1000000000000000056, 2.100000000000000089 ) ) ;
#103 = ORIENTED_EDGE ( 'NONE', *, *, #7225, .F. ) ;
#104 = ORIENTED_EDGE ( 'NONE', *, *, #1575, .T. ) ;
#105 = CARTESIAN_POINT ( 'NONE',  ( 0.2549999999999994493, 0.0000000000000000000, 2.100000000000000089 ) ) ;
#106 = CARTESIAN_POINT ( 'NONE',  ( -2.406666666666666732, 0.0000000000000000000, -0.3750000000000000000 ) ) ;
#107 = CARTESIAN_POINT ( 'NONE',  ( 1.823365593190780176, 0.8899999999999997913, -0.05997179474196869670 ) ) ;
#108 =( LENGTH_UNIT ( ) NAMED_UNIT ( * ) SI_UNIT ( .MILLI., .METRE. ) );
#109 = CARTESIAN_POINT ( 'NONE',  ( -0.7549999999999993383, -0.03000000000000000583, 2.100000000000000089 ) ) ;
#110 = CARTESIAN_POINT ( 'NONE',  ( 2.100000000000000533, -0.03000000000000000930, -0.2135840734641029082 ) ) ;
#111 = EDGE_CURVE ( 'NONE', #1086, #5871, #5922, .T. ) ;
#112 = VERTEX_POINT ( 'NONE', #7809 ) ;
#113 = MECHANICAL_DESIGN_GEOMETRIC_PRESENTATION_REPRESENTATION (  '', ( #8276 ), #4106 ) ;
#114 = CARTESIAN_POINT ( 'NONE',  ( -1.375000000000000000, 0.0000000000000000000, -2.500000000000000000 ) ) ;
#115 = CARTESIAN_POINT ( 'NONE',  ( 0.2135840734641029637, 0.0000000000000000000, -2.100000000000000533 ) ) ;
#116 = DIRECTION ( 'NONE',  ( 0.0000000000000000000, 0.0000000000000000000, 1.000000000000000000 ) ) ;
#117 = ORIENTED_EDGE ( 'NONE', *, *, #8213, .T. ) ;
#118 = CARTESIAN_POINT ( 'NONE',  ( 0.7549999999999997824, -0.03000000000000000583, -2.100000000000000089 ) ) ;
#119 = LINE ( 'NONE', #1124, #8865 ) ;
#120 = CARTESIAN_POINT ( 'NONE',  ( -0.3750000000000000000, 0.1000000000000000194, 2.500052547825884819 ) ) ;
#121 = FILL_AREA_STYLE ('',( #8265 ) ) ;
#122 = AXIS2_PLACEMENT_3D ( 'NONE', #8014, #7266, #4279 ) ;
#123 = EDGE_CURVE ( 'NONE', #3043, #3719, #6921, .T. ) ;
#124 = VECTOR ( 'NONE', #828, 1000.000000000000000 ) ;
#125 = PLANE ( 'NONE',  #6900 ) ;
#126 = ORIENTED_EDGE ( 'NONE', *, *, #27, .F. ) ;
#127 =( NAMED_UNIT ( * ) SI_UNIT ( $, .STERADIAN. ) SOLID_ANGLE_UNIT ( ) );
#128 = AXIS2_PLACEMENT_3D ( 'NONE', #10423, #7614, #3977 ) ;
#129 = ORIENTED_EDGE ( 'NONE', *, *, #7936, .F. ) ;
#130 = ORIENTED_EDGE ( 'NONE', *, *, #7786, .T. ) ;
#131 = ORIENTED_EDGE ( 'NONE', *, *, #9344, .F. ) ;
#132 = LINE ( 'NONE', #2134, #5229 ) ;
#133 = B_SPLINE_CURVE_WITH_KNOTS ( 'NONE', 3,
 ( #10729, #2483, #1658, #4397 ),
 .UNSPECIFIED., .F., .F.,
 ( 4, 4 ),
 ( 0.0000000000000000000, 1.000000000000000000 ),
 .UNSPECIFIED. ) ;
#134 = LINE ( 'NONE', #1202, #8558 ) ;
#135 = FACE_OUTER_BOUND ( 'NONE', #6175, .T. ) ;
#136 = DIRECTION ( 'NONE',  ( -1.000000000000000000, 0.0000000000000000000, -0.0000000000000000000 ) ) ;
#137 = CARTESIAN_POINT ( 'NONE',  ( 1.637932771566822598, -0.03000000000000000930, 2.157361600948406011 ) ) ;
#138 = UNCERTAINTY_MEASURE_WITH_UNIT (LENGTH_MEASURE( 1.000000000000000082E-05 ), #11339, 'distance_accuracy_value', 'NONE');
#139 = DIRECTION ( 'NONE',  ( 0.0000000000000000000, 0.0000000000000000000, 1.000000000000000000 ) ) ;
#140 = CARTESIAN_POINT ( 'NONE',  ( -1.375000000000000000, 0.0000000000000000000, 2.500000000000000000 ) ) ;
#141 = EDGE_CURVE ( 'NONE', #3818, #2039, #11567, .T. ) ;
#142 = EDGE_LOOP ( 'NONE', ( #1882, #1220, #4021, #8468 ) ) ;
#143 = DIRECTION ( 'NONE',  ( 0.0000000000000000000, -1.000000000000000000, 0.0000000000000000000 ) ) ;
#144 = CARTESIAN_POINT ( 'NONE',  ( -1.977494503307630103, 0.9000000000000001332, 0.1941246698585440134 ) ) ;
#145 = EDGE_LOOP ( 'NONE', ( #11072, #5302, #8450, #10174 ) ) ;
#146 = VERTEX_POINT ( 'NONE', #1503 ) ;
#147 = DIRECTION ( 'NONE',  ( 0.0000000000000000000, 0.0000000000000000000, -1.000000000000000000 ) ) ;
#148 = VECTOR ( 'NONE', #3628, 1000.000000000000000 ) ;
#149 = CARTESIAN_POINT ( 'NONE',  ( -2.499999999999999556, 0.0000000000000000000, 0.1250000000000000555 ) ) ;
#150 = FILL_AREA_STYLE ('',( #2753 ) ) ;
#151 = VERTEX_POINT ( 'NONE', #7919 ) ;
#152 = CARTESIAN_POINT ( 'NONE',  ( 2.220000000000000195, 0.1000000000000000056, -1.754999999999999893 ) ) ;
#153 = CARTESIAN_POINT ( 'NONE',  ( -2.220000000000000195, 0.0000000000000000000, 0.8750000000000001110 ) ) ;
#154 = CARTESIAN_POINT ( 'NONE',  ( -2.100000000000000089, -0.03000000000000000930, 0.2864159265358970918 ) ) ;
#155 = EDGE_CURVE ( 'NONE', #1019, #5928, #10819, .T. ) ;
#156 = VERTEX_POINT ( 'NONE', #4183 ) ;
#157 = CARTESIAN_POINT ( 'NONE',  ( 2.220000000000000195, 0.1000000000000000056, 0.7449999999999999956 ) ) ;
#158 = CARTESIAN_POINT ( 'NONE',  ( -0.7549999999999990052, -0.03000000000000000583, -2.100000000000000089 ) ) ;
#159 = VECTOR ( 'NONE', #6214, 1000.000000000000000 ) ;
#160 = ORIENTED_EDGE ( 'NONE', *, *, #5191, .F. ) ;
#161 = EDGE_CURVE ( 'NONE', #2733, #913, #616, .T. ) ;
#162 = PLANE ( 'NONE',  #221 ) ;
#163 = ORIENTED_EDGE ( 'NONE', *, *, #8661, .T. ) ;
#164 = ORIENTED_EDGE ( 'NONE', *, *, #10371, .F. ) ;
#165 = SURFACE_SIDE_STYLE ('',( #10180 ) ) ;
#166 = CARTESIAN_POINT ( 'NONE',  ( -2.220000000000000195, 0.0000000000000000000, -0.3750000000000000000 ) ) ;
#167 = CARTESIAN_POINT ( 'NONE',  ( -0.6250000000000001110, 0.1000000000000000194, -2.500052547825884819 ) ) ;
#168 = EDGE_CURVE ( 'NONE', #1870, #3745, #3340, .T. ) ;
#169 = SURFACE_STYLE_USAGE ( .BOTH. , #1173 ) ;
#170 =( GEOMETRIC_REPRESENTATION_CONTEXT ( 3 ) GLOBAL_UNCERTAINTY_ASSIGNED_CONTEXT ( ( #8426 ) ) GLOBAL_UNIT_ASSIGNED_CONTEXT ( ( #9601, #2330, #5069 ) ) REPRESENTATION_CONTEXT ( 'NONE', 'WORKASPACE' ) );
#171 = CARTESIAN_POINT ( 'NONE',  ( 2.100000000000000089, -0.03000000000000000930, -1.286415926535898091 ) ) ;
#172 = PLANE ( 'NONE',  #10144 ) ;
#173 = ORIENTED_EDGE ( 'NONE', *, *, #6609, .F. ) ;
#174 = LINE ( 'NONE', #2895, #5603 ) ;
#175 = ADVANCED_FACE ( 'NONE', ( #3282 ), #7747, .T. ) ;
#176 = AXIS2_PLACEMENT_3D ( 'NONE', #6532, #5687, #1170 ) ;
#177 = EDGE_CURVE ( 'NONE', #11550, #11071, #7114, .T. ) ;
#178 =( LENGTH_UNIT ( ) NAMED_UNIT ( * ) SI_UNIT ( .MILLI., .METRE. ) );
#179 = CARTESIAN_POINT ( 'NONE',  ( 2.100000000000000089, 0.0000000000000000000, 1.748333333333333517 ) ) ;
#180 = VERTEX_POINT ( 'NONE', #8659 ) ;
#181 = DIRECTION ( 'NONE',  ( 0.0000000000000000000, 0.0000000000000000000, -1.000000000000000000 ) ) ;
#182 = CARTESIAN_POINT ( 'NONE',  ( -0.6823616009484061440, -0.0000000000000000000, -2.112932771566822687 ) ) ;
#183 = LINE ( 'NONE', #6667, #6843 ) ;
#184 = CARTESIAN_POINT ( 'NONE',  ( -2.220000000000000195, 0.1000000000000000056, -0.2449999999999999956 ) ) ;
#185 = CARTESIAN_POINT ( 'NONE',  ( 0.2135840734641019922, -0.03000000000000000930, 2.100000000000000533 ) ) ;
#186 = CARTESIAN_POINT ( 'NONE',  ( 2.291666666666666519, 0.0000000000000000000, 2.500000000000000000 ) ) ;
#187 = EDGE_LOOP ( 'NONE', ( #5541, #1132, #4632, #4138 ) ) ;
#188 = VECTOR ( 'NONE', #7962, 1000.000000000000000 ) ;
#189 = B_SPLINE_CURVE_WITH_KNOTS ( 'NONE', 3,
 ( #9318, #10165, #10039, #5564, #1156, #4770 ),
 .UNSPECIFIED., .F., .F.,
 ( 4, 2, 4 ),
 ( 0.0000000000000000000, 0.5000000000000000000, 1.000000000000000000 ),
 .UNSPECIFIED. ) ;
#190 = CARTESIAN_POINT ( 'NONE',  ( -1.750000000000000000, -0.03000000000000000236, -1.750000000000000000 ) ) ;
#191 = ORIENTED_EDGE ( 'NONE', *, *, #11473, .F. ) ;
#192 = ORIENTED_EDGE ( 'NONE', *, *, #11399, .F. ) ;
#193 = STYLED_ITEM ( 'NONE', ( #7104 ), #11120 ) ;
#194 = EDGE_LOOP ( 'NONE', ( #10300, #8070, #4752, #643 ) ) ;
#195 = CARTESIAN_POINT ( 'NONE',  ( 0.3176383990515939115, -0.03000000000000001277, -2.112932771566823131 ) ) ;
#196 = EDGE_CURVE ( 'NONE', #8528, #8641, #9101, .T. ) ;
#197 = CARTESIAN_POINT ( 'NONE',  ( 2.500447051772229923, 0.1000000000000000056, 0.7916666666666666297 ) ) ;
#198 = CARTESIAN_POINT ( 'NONE',  ( 2.500000000000000000, 0.0000000000000000000, 0.04166666666666667129 ) ) ;
#199 = PLANE ( 'NONE',  #7241 ) ;
#200 = CARTESIAN_POINT ( 'NONE',  ( -2.500223525886114739, 0.1000000000000000194, -0.6250000000000001110 ) ) ;
#201 = CARTESIAN_POINT ( 'NONE',  ( -1.125000000000000222, 0.0000000000000000000, -2.500000000000000000 ) ) ;
#202 = CARTESIAN_POINT ( 'NONE',  ( 1.375000000000000222, -0.03000000000000000930, 2.500105095651770082 ) ) ;
#203 = VECTOR ( 'NONE', #3625, 1000.000000000000000 ) ;
#204 = ORIENTED_EDGE ( 'NONE', *, *, #10045, .F. ) ;
#205 = VECTOR ( 'NONE', #5008, 1000.000000000000000 ) ;
#206 = CARTESIAN_POINT ( 'NONE',  ( -1.375000000000000000, 0.1000000000000000056, 2.500105095651770082 ) ) ;
#207 = COLOUR_RGB ( '',1.000000000000000000, 1.000000000000000000, 1.000000000000000000 ) ;
#208 = ORIENTED_EDGE ( 'NONE', *, *, #1919, .F. ) ;
#209 = VERTEX_POINT ( 'NONE', #4071 ) ;
#210 = EDGE_CURVE ( 'NONE', #4594, #10355, #1557, .T. ) ;
#211 = CARTESIAN_POINT ( 'NONE',  ( -2.188584073464102442, -0.03000000000000000930, 1.875000000000000000 ) ) ;
#212 = VECTOR ( 'NONE', #8509, 1000.000000000000000 ) ;
#213 = ORIENTED_EDGE ( 'NONE', *, *, #10556, .T. ) ;
#214 = CARTESIAN_POINT ( 'NONE',  ( 1.625000000000000222, 0.03333333333333334675, 2.500000000000000000 ) ) ;
#215 = CARTESIAN_POINT ( 'NONE',  ( 1.862067228433177402, -0.0000000000000000000, -2.157361600948406455 ) ) ;
#216 = CARTESIAN_POINT ( 'NONE',  ( 1.875000000000000000, 0.0000000000000000000, 2.220000000000000195 ) ) ;
#217 = MECHANICAL_DESIGN_GEOMETRIC_PRESENTATION_REPRESENTATION (  '', ( #7799 ), #2851 ) ;
#218 = CARTESIAN_POINT ( 'NONE',  ( -2.100000000000000089, -0.03000000000000000583, -0.2450000000000010225 ) ) ;
#219 = CARTESIAN_POINT ( 'NONE',  ( -0.6250000000000000000, 0.0000000000000000000, 2.220000000000000195 ) ) ;
#220 = PLANE ( 'NONE',  #5014 ) ;
#221 = AXIS2_PLACEMENT_3D ( 'NONE', #3777, #8364, #7536 ) ;
#222 = LINE ( 'NONE', #1873, #10471 ) ;
#223 = EDGE_LOOP ( 'NONE', ( #4350, #7381, #104, #4722, #8923 ) ) ;
#224 = FILL_AREA_STYLE_COLOUR ( '', #8328 ) ;
#225 = UNCERTAINTY_MEASURE_WITH_UNIT (LENGTH_MEASURE( 1.000000000000000082E-05 ), #1928, 'distance_accuracy_value', 'NONE');
#226 = ORIENTED_EDGE ( 'NONE', *, *, #10891, .T. ) ;
#227 = EDGE_CURVE ( 'NONE', #2735, #3662, #669, .T. ) ;
#228 = EDGE_CURVE ( 'NONE', #9816, #10779, #3398, .T. ) ;
#229 = FACE_OUTER_BOUND ( 'NONE', #1995, .T. ) ;
#230 = SURFACE_STYLE_FILL_AREA ( #6703 ) ;
#231 = ORIENTED_EDGE ( 'NONE', *, *, #856, .F. ) ;
#232 = CARTESIAN_POINT ( 'NONE',  ( 0.3750000000000000000, 0.0000000000000000000, 2.220000000000000195 ) ) ;
#233 = DIRECTION ( 'NONE',  ( 0.0000000000000000000, 0.0000000000000000000, -1.000000000000000000 ) ) ;
#234 = CARTESIAN_POINT ( 'NONE',  ( 1.745313572323379914, 0.8900000000000000133, -0.3316052058057050167 ) ) ;
#235 = CARTESIAN_POINT ( 'NONE',  ( 1.770969632319310039, 0.8900000000000000133, -0.1624096040365370086 ) ) ;
#236 = LINE ( 'NONE', #3907, #3599 ) ;
#237 = EDGE_LOOP ( 'NONE', ( #8948, #5461, #10178, #7327, #7027, #11663 ) ) ;
#238 = EDGE_CURVE ( 'NONE', #3746, #6405, #11347, .T. ) ;
#239 = DIRECTION ( 'NONE',  ( 0.2549369136994359963, 0.0000000000000000000, 0.9669576878195893510 ) ) ;
#240 = B_SPLINE_CURVE_WITH_KNOTS ( 'NONE', 3,
 ( #6075, #1555, #2207, #2873 ),
 .UNSPECIFIED., .F., .F.,
 ( 4, 4 ),
 ( 0.0000000000000000000, 1.000000000000000000 ),
 .UNSPECIFIED. ) ;
#241 = STYLED_ITEM ( 'NONE', ( #4285 ), #1651 ) ;
#242 = FACE_OUTER_BOUND ( 'NONE', #6643, .T. ) ;
#243 = ORIENTED_EDGE ( 'NONE', *, *, #6110, .F. ) ;
#244 = DIRECTION ( 'NONE',  ( -1.000000000000000000, 0.0000000000000000000, -0.0000000000000000000 ) ) ;
#245 = DIRECTION ( 'NONE',  ( 1.000000000000000000, 0.0000000000000000000, 0.0000000000000000000 ) ) ;
#246 = CARTESIAN_POINT ( 'NONE',  ( 1.375000000000000000, 0.0000000000000000000, -2.220000000000000195 ) ) ;
#247 = CARTESIAN_POINT ( 'NONE',  ( -2.220000000000000195, -0.03000000000000000583, -1.125000000000000222 ) ) ;
#248 = VERTEX_POINT ( 'NONE', #2800 ) ;
#249 = EDGE_CURVE ( 'NONE', #8089, #8407, #1425, .T. ) ;
#250 = CARTESIAN_POINT ( 'NONE',  ( 1.375000000000000000, 0.1000000000000000056, 2.500105095651770082 ) ) ;
#251 = ORIENTED_EDGE ( 'NONE', *, *, #1665, .T. ) ;
#252 = VERTEX_POINT ( 'NONE', #2558 ) ;
#253 = AXIS2_PLACEMENT_3D ( 'NONE', #1071, #5648, #7382 ) ;
#254 = DIRECTION ( 'NONE',  ( 0.0000000000000000000, 0.0000000000000000000, 1.000000000000000000 ) ) ;
#255 = CARTESIAN_POINT ( 'NONE',  ( 0.3749999999999999445, 0.1000000000000000194, 2.500052547825884819 ) ) ;
#256 = CARTESIAN_POINT ( 'NONE',  ( 2.313333333333333464, 0.0000000000000000000, 0.3750000000000000000 ) ) ;
#257 = CARTESIAN_POINT ( 'NONE',  ( 0.8125733770720220406, 0.9000000000000001332, 0.3196573895971220325 ) ) ;
#258 = UNCERTAINTY_MEASURE_WITH_UNIT (LENGTH_MEASURE( 1.000000000000000082E-05 ), #3577, 'distance_accuracy_value', 'NONE');
#259 = CARTESIAN_POINT ( 'NONE',  ( 0.7450000000000009948, -0.03000000000000000930, -2.100000000000000089 ) ) ;
#260 = VERTEX_POINT ( 'NONE', #11628 ) ;
#261 = CARTESIAN_POINT ( 'NONE',  ( -1.885473175945169944, 0.8999999999999990230, 0.2992137922188750077 ) ) ;
#262 = AXIS2_PLACEMENT_3D ( 'NONE', #10525, #11363, #7826 ) ;
#263 = VERTEX_POINT ( 'NONE', #4410 ) ;
#264 = ADVANCED_FACE ( 'NONE', ( #6195 ), #4584, .T. ) ;
#265 = ORIENTED_EDGE ( 'NONE', *, *, #4490, .F. ) ;
#266 = CARTESIAN_POINT ( 'NONE',  ( -1.875000000000000000, -0.03000000000000000583, 2.220000000000000195 ) ) ;
#267 = ORIENTED_EDGE ( 'NONE', *, *, #3678, .T. ) ;
#268 = CARTESIAN_POINT ( 'NONE',  ( -1.875000000000000000, 0.1000000000000000194, -2.500052547825884819 ) ) ;
#269 = CARTESIAN_POINT ( 'NONE',  ( 1.755000000000000115, 0.0000000000000000000, -2.100000000000000089 ) ) ;
#270 = CARTESIAN_POINT ( 'NONE',  ( -2.500447051772229923, 0.1000000000000000056, -0.8750000000000000000 ) ) ;
#271 = CARTESIAN_POINT ( 'NONE',  ( -0.6250000000000000000, -0.03000000000000000930, 2.500105095651770082 ) ) ;
#272 = SURFACE_SIDE_STYLE ('',( #2985 ) ) ;
#273 = CARTESIAN_POINT ( 'NONE',  ( -2.100000000000000533, -0.03000000000000000930, 1.213584073464102131 ) ) ;
#274 = ORIENTED_EDGE ( 'NONE', *, *, #7952, .F. ) ;
#275 = CARTESIAN_POINT ( 'NONE',  ( 0.8876227070459510315, 0.8900000000000000133, -0.4851034148729890250 ) ) ;
#276 = EDGE_CURVE ( 'NONE', #3053, #5596, #791, .T. ) ;
#277 = LINE ( 'NONE', #1160, #3988 ) ;
#278 = ORIENTED_EDGE ( 'NONE', *, *, #739, .F. ) ;
#279 = FACE_OUTER_BOUND ( 'NONE', #10192, .T. ) ;
#280 = DIRECTION ( 'NONE',  ( 1.000000000000000000, -0.0000000000000000000, 0.0000000000000000000 ) ) ;
#281 = DIRECTION ( 'NONE',  ( 0.0000000000000000000, 0.0000000000000000000, -1.000000000000000000 ) ) ;
#282 = ORIENTED_EDGE ( 'NONE', *, *, #6757, .F. ) ;
#283 = CARTESIAN_POINT ( 'NONE',  ( 2.100000000000000089, 0.0000000000000000000, -1.745000000000000551 ) ) ;
#284 = FILL_AREA_STYLE_COLOUR ( '', #6916 ) ;
#285 = CARTESIAN_POINT ( 'NONE',  ( 0.2083333333333333148, 0.1000000000000000056, -2.500105095651770082 ) ) ;
#286 = B_SPLINE_CURVE_WITH_KNOTS ( 'NONE', 3,
 ( #2889, #5691, #10238, #11780 ),
 .UNSPECIFIED., .F., .F.,
 ( 4, 4 ),
 ( 0.0000000000000000000, 1.000000000000000000 ),
 .UNSPECIFIED. ) ;
#287 = DIRECTION ( 'NONE',  ( 0.0000000000000000000, 0.0000000000000000000, -1.000000000000000000 ) ) ;
#288 = CARTESIAN_POINT ( 'NONE',  ( 1.349513207137740034, 0.8900000000000000133, -0.3316052058057050167 ) ) ;
#289 =( GEOMETRIC_REPRESENTATION_CONTEXT ( 3 ) GLOBAL_UNCERTAINTY_ASSIGNED_CONTEXT ( ( #425 ) ) GLOBAL_UNIT_ASSIGNED_CONTEXT ( ( #1985, #1095, #10333 ) ) REPRESENTATION_CONTEXT ( 'NONE', 'WORKASPACE' ) );
#290 = LINE ( 'NONE', #7544, #7659 ) ;
#291 = EDGE_CURVE ( 'NONE', #3571, #9310, #3699, .T. ) ;
#292 = B_SPLINE_CURVE_WITH_KNOTS ( 'NONE', 3,
 ( #5911, #5004, #7637, #4120, #10323, #8649 ),
 .UNSPECIFIED., .F., .F.,
 ( 4, 2, 4 ),
 ( 0.0000000000000000000, 0.5000000000000000000, 1.000000000000000000 ),
 .UNSPECIFIED. ) ;
#293 = ORIENTED_EDGE ( 'NONE', *, *, #4593, .T. ) ;
#294 =( LENGTH_UNIT ( ) NAMED_UNIT ( * ) SI_UNIT ( .MILLI., .METRE. ) );
#295 = CARTESIAN_POINT ( 'NONE',  ( -1.637175584610570001, 0.8999999999999993561, 0.1641465045022149905 ) ) ;
#296 = CARTESIAN_POINT ( 'NONE',  ( 2.500000000000000000, 0.9000000000000001332, 0.3749999999999998890 ) ) ;
#297 = VERTEX_POINT ( 'NONE', #8158 ) ;
#298 = DIRECTION ( 'NONE',  ( 0.0000000000000000000, 0.0000000000000000000, 1.000000000000000000 ) ) ;
#299 = LINE ( 'NONE', #6665, #3860 ) ;
#300 = CYLINDRICAL_SURFACE ( 'NONE', #3538, 0.1199999999999999956 ) ;
#301 = LINE ( 'NONE', #3688, #8361 ) ;
#302 = CARTESIAN_POINT ( 'NONE',  ( -1.625000000000000222, 0.1000000000000000194, 2.500052547825884819 ) ) ;
#303 = EDGE_CURVE ( 'NONE', #1129, #3320, #6256, .T. ) ;
#304 = VERTEX_POINT ( 'NONE', #8892 ) ;
#305 = STYLED_ITEM ( 'NONE', ( #5598 ), #5522 ) ;
#306 = CARTESIAN_POINT ( 'NONE',  ( 0.5050822880872269938, 0.8900000000000000133, -0.3222321078142260653 ) ) ;
#307 = VERTEX_POINT ( 'NONE', #15 ) ;
#308 = SURFACE_STYLE_FILL_AREA ( #8396 ) ;
#309 = ORIENTED_EDGE ( 'NONE', *, *, #303, .T. ) ;
#310 = ORIENTED_EDGE ( 'NONE', *, *, #4916, .F. ) ;
#311 = EDGE_CURVE ( 'NONE', #2809, #3320, #3636, .T. ) ;
#312 = MECHANICAL_DESIGN_GEOMETRIC_PRESENTATION_REPRESENTATION (  '', ( #10204 ), #6952 ) ;
#313 = CYLINDRICAL_SURFACE ( 'NONE', #5317, 0.1199999999999998845 ) ;
#314 = CARTESIAN_POINT ( 'NONE',  ( -0.2226109559785069969, 0.9000000000000001332, 0.0000000000000000000 ) ) ;
#315 = FACE_OUTER_BOUND ( 'NONE', #6330, .T. ) ;
#316 = CARTESIAN_POINT ( 'NONE',  ( 0.9468359524723238829, 0.9000000000000000222, -0.3217402378621930237 ) ) ;
#317 = DIRECTION ( 'NONE',  ( -0.7071067811865490160, 0.0000000000000000000, -0.7071067811865461294 ) ) ;
#318 =( LENGTH_UNIT ( ) NAMED_UNIT ( * ) SI_UNIT ( .MILLI., .METRE. ) );
#319 = VERTEX_POINT ( 'NONE', #1671 ) ;
#320 =( LENGTH_UNIT ( ) NAMED_UNIT ( * ) SI_UNIT ( .MILLI., .METRE. ) );
#321 = VECTOR ( 'NONE', #1308, 1000.000000000000000 ) ;
#322 = AXIS2_PLACEMENT_3D ( 'NONE', #9521, #10304, #352 ) ;
#323 = ORIENTED_EDGE ( 'NONE', *, *, #4133, .T. ) ;
#324 = ORIENTED_EDGE ( 'NONE', *, *, #5149, .F. ) ;
#325 = PLANE ( 'NONE',  #7532 ) ;
#326 = ORIENTED_EDGE ( 'NONE', *, *, #10689, .T. ) ;
#327 = SURFACE_SIDE_STYLE ('',( #1980 ) ) ;
#328 = CARTESIAN_POINT ( 'NONE',  ( 2.500223525886114739, 0.1000000000000000194, 1.875000000000000222 ) ) ;
#329 = EDGE_CURVE ( 'NONE', #6511, #6193, #7278, .T. ) ;
#330 = CARTESIAN_POINT ( 'NONE',  ( 0.6249999999999997780, -0.03000000000000000930, -2.188584073464102442 ) ) ;
#331 = CARTESIAN_POINT ( 'NONE',  ( -1.875000000000000000, 0.0000000000000000000, 2.500000000000000000 ) ) ;
#332 = CARTESIAN_POINT ( 'NONE',  ( -0.6250000000000000000, -0.03000000000000000583, -2.220000000000000195 ) ) ;
#333 = VECTOR ( 'NONE', #32, 1000.000000000000000 ) ;
#334 = LINE ( 'NONE', #10223, #8358 ) ;
#335 = EDGE_CURVE ( 'NONE', #6972, #8856, #1986, .T. ) ;
#336 = EDGE_LOOP ( 'NONE', ( #1646, #4385, #4156, #2061, #2324 ) ) ;
#337 = FACE_OUTER_BOUND ( 'NONE', #3113, .T. ) ;
#338 = DIRECTION ( 'NONE',  ( 1.000000000000000000, 0.0000000000000000000, -0.0000000000000000000 ) ) ;
#339 = B_SPLINE_CURVE_WITH_KNOTS ( 'NONE', 3,
 ( #11762, #3596, #9977, #2447, #981, #4603 ),
 .UNSPECIFIED., .F., .F.,
 ( 4, 2, 4 ),
 ( 0.0000000000000000000, 0.5000000000000000000, 1.000000000000000000 ),
 .UNSPECIFIED. ) ;
#340 = ORIENTED_EDGE ( 'NONE', *, *, #9720, .T. ) ;
#341 = CARTESIAN_POINT ( 'NONE',  ( 1.755000000000000115, 0.0000000000000000000, -2.100000000000000089 ) ) ;
#342 = ADVANCED_FACE ( 'NONE', ( #7333 ), #2620, .T. ) ;
#343 = CARTESIAN_POINT ( 'NONE',  ( -2.100000000000000089, 0.0000000000000000000, 1.213584073464102353 ) ) ;
#344 = VERTEX_POINT ( 'NONE', #5304 ) ;
#345 = CARTESIAN_POINT ( 'NONE',  ( 2.100000000000000089, 0.0000000000000000000, -1.755000000000000115 ) ) ;
#346 = DIRECTION ( 'NONE',  ( 0.0000000000000000000, 0.0000000000000000000, 1.000000000000000000 ) ) ;
#347 = EDGE_CURVE ( 'NONE', #11728, #2200, #4526, .T. ) ;
#348 = CARTESIAN_POINT ( 'NONE',  ( -0.1250000000000000555, 0.1000000000000000194, 2.500052547825884819 ) ) ;
#349 = DIRECTION ( 'NONE',  ( -0.0000000000000000000, -1.000000000000000000, 0.0000000000000000000 ) ) ;
#350 = STYLED_ITEM ( 'NONE', ( #7713 ), #7288 ) ;
#351 = DIRECTION ( 'NONE',  ( 0.0000000000000000000, 0.0000000000000000000, -1.000000000000000000 ) ) ;
#352 = DIRECTION ( 'NONE',  ( 0.0000000000000000000, -0.0000000000000000000, -1.000000000000000000 ) ) ;
#353 = ORIENTED_EDGE ( 'NONE', *, *, #9068, .T. ) ;
#354 = FACE_OUTER_BOUND ( 'NONE', #7205, .T. ) ;
#355 = CARTESIAN_POINT ( 'NONE',  ( -0.1250000000000000000, 0.1000000000000000056, -2.220000000000000195 ) ) ;
#356 =( NAMED_UNIT ( * ) PLANE_ANGLE_UNIT ( ) SI_UNIT ( $, .RADIAN. ) );
#357 = CARTESIAN_POINT ( 'NONE',  ( -2.220000000000000195, -0.03000000000000000236, 1.254999999999999893 ) ) ;
#358 = CARTESIAN_POINT ( 'NONE',  ( 2.406666666666666732, 0.0000000000000000000, -0.1250000000000000000 ) ) ;
#359 = CARTESIAN_POINT ( 'NONE',  ( 1.362067228433177402, -0.0000000000000000000, 2.157361600948406011 ) ) ;
#360 = CARTESIAN_POINT ( 'NONE',  ( -2.100000000000000089, -0.03000000000000000583, -1.754999999999999893 ) ) ;
#361 = ORIENTED_EDGE ( 'NONE', *, *, #5567, .T. ) ;
#362 = AXIS2_PLACEMENT_3D ( 'NONE', #7552, #5587, #11199 ) ;
#363 = LINE ( 'NONE', #8394, #2167 ) ;
#364 = ORIENTED_EDGE ( 'NONE', *, *, #1309, .F. ) ;
#365 = EDGE_CURVE ( 'NONE', #2388, #5802, #6239, .T. ) ;
#366 = PLANE ( 'NONE',  #4658 ) ;
#367 = ADVANCED_FACE ( 'NONE', ( #11743 ), #1795, .T. ) ;
#368 = ORIENTED_EDGE ( 'NONE', *, *, #11764, .T. ) ;
#369 = ORIENTED_EDGE ( 'NONE', *, *, #538, .T. ) ;
#370 = CARTESIAN_POINT ( 'NONE',  ( 1.790900912554659996, 0.9000000000000001332, -0.2421347249779509936 ) ) ;
#371 = CARTESIAN_POINT ( 'NONE',  ( 0.6379327715668223764, -0.03000000000000000930, 2.157361600948406011 ) ) ;
#372 = CARTESIAN_POINT ( 'NONE',  ( 1.755000000000000115, 0.0000000000000000000, -2.100000000000000089 ) ) ;
#373 = AXIS2_PLACEMENT_3D ( 'NONE', #683, #1812, #7234 ) ;
#374 = CARTESIAN_POINT ( 'NONE',  ( 2.112932771566823131, -0.0000000000000000000, -1.817638399051593634 ) ) ;
#375 = CARTESIAN_POINT ( 'NONE',  ( -0.2281496047916530268, 0.9000000000000001332, 0.3083217570670889751 ) ) ;
#376 = CARTESIAN_POINT ( 'NONE',  ( 0.3750000000000000000, 0.0000000000000000000, 2.500000000000000000 ) ) ;
#377 = CARTESIAN_POINT ( 'NONE',  ( -2.406666666666666732, 0.0000000000000000000, 1.625000000000000222 ) ) ;
#378 = ORIENTED_EDGE ( 'NONE', *, *, #7640, .F. ) ;
#379 = B_SPLINE_CURVE_WITH_KNOTS ( 'NONE', 3,
 ( #9157, #106, #7364, #166 ),
 .UNSPECIFIED., .F., .F.,
 ( 4, 4 ),
 ( 0.0000000000000000000, 1.000000000000000000 ),
 .UNSPECIFIED. ) ;
#380 = DIRECTION ( 'NONE',  ( 0.0000000000000000000, -1.000000000000000000, 0.0000000000000000000 ) ) ;
#381 = VERTEX_POINT ( 'NONE', #11216 ) ;
#382 = PRESENTATION_LAYER_ASSIGNMENT (  '', '', ( #4750 ) ) ;
#383 = ORIENTED_EDGE ( 'NONE', *, *, #2311, .F. ) ;
#384 = COLOUR_RGB ( '',1.000000000000000000, 1.000000000000000000, 1.000000000000000000 ) ;
#385 = CARTESIAN_POINT ( 'NONE',  ( 0.9610626465238190086, 0.8900000000000000133, 0.2293850321077680332 ) ) ;
#386 = EDGE_CURVE ( 'NONE', #4274, #3408, #8278, .T. ) ;
#387 = FACE_OUTER_BOUND ( 'NONE', #9559, .T. ) ;
#388 = DIRECTION ( 'NONE',  ( 0.0000000000000000000, 0.0000000000000000000, 1.000000000000000000 ) ) ;
#389 = CARTESIAN_POINT ( 'NONE',  ( -0.6823616009484062550, -0.03000000000000001277, -2.112932771566823131 ) ) ;
#390 = EDGE_LOOP ( 'NONE', ( #3369, #1366, #6273, #9548, #7797 ) ) ;
#391 = AXIS2_PLACEMENT_3D ( 'NONE', #3111, #4960, #5077 ) ;
#392 = STYLED_ITEM ( 'NONE', ( #7219 ), #9414 ) ;
#393 = SURFACE_SIDE_STYLE ('',( #11404 ) ) ;
#394 = CARTESIAN_POINT ( 'NONE',  ( -1.139044309599930083, 0.9000000000000001332, 0.1310849950463950087 ) ) ;
#395 = EDGE_CURVE ( 'NONE', #3719, #1777, #1687, .T. ) ;
#396 = EDGE_LOOP ( 'NONE', ( #11725, #3961, #9867, #5501 ) ) ;
#397 = EDGE_CURVE ( 'NONE', #1567, #8051, #9420, .T. ) ;
#398 = ORIENTED_EDGE ( 'NONE', *, *, #1684, .T. ) ;
#399 = COLOUR_RGB ( '',1.000000000000000000, 1.000000000000000000, 1.000000000000000000 ) ;
#400 = VECTOR ( 'NONE', #2231, 1000.000000000000000 ) ;
#401 = CARTESIAN_POINT ( 'NONE',  ( -2.100000000000000089, 0.0000000000000000000, -0.7549999999999990052 ) ) ;
#402 = DIRECTION ( 'NONE',  ( 0.0000000000000000000, 0.0000000000000000000, 1.000000000000000000 ) ) ;
#403 = EDGE_LOOP ( 'NONE', ( #7791, #550, #5568, #5423 ) ) ;
#404 = DIRECTION ( 'NONE',  ( -1.000000000000000000, 0.0000000000000000000, -0.0000000000000000000 ) ) ;
#405 = CARTESIAN_POINT ( 'NONE',  ( 0.3750000000000000000, 0.03333333333333333287, -2.500105095651770082 ) ) ;
#406 = VECTOR ( 'NONE', #4987, 1000.000000000000000 ) ;
#407 = CARTESIAN_POINT ( 'NONE',  ( -1.417263123745039932, 0.8900000000000000133, 0.04339776913695130717 ) ) ;
#408 = PRESENTATION_STYLE_ASSIGNMENT (( #515 ) ) ;
#409 = MECHANICAL_DESIGN_GEOMETRIC_PRESENTATION_REPRESENTATION (  '', ( #2092 ), #11259 ) ;
#410 = PLANE ( 'NONE',  #11037 ) ;
#411 =( GEOMETRIC_REPRESENTATION_CONTEXT ( 3 ) GLOBAL_UNCERTAINTY_ASSIGNED_CONTEXT ( ( #967 ) ) GLOBAL_UNIT_ASSIGNED_CONTEXT ( ( #9456, #11191, #9221 ) ) REPRESENTATION_CONTEXT ( 'NONE', 'WORKASPACE' ) );
#412 = EDGE_LOOP ( 'NONE', ( #10142, #2951, #2013, #11681 ) ) ;
#413 = EDGE_CURVE ( 'NONE', #1851, #6188, #6090, .T. ) ;
#414 = DIRECTION ( 'NONE',  ( -0.0000000000000000000, -1.000000000000000000, -0.0000000000000000000 ) ) ;
#415 = CARTESIAN_POINT ( 'NONE',  ( 1.625000000000000222, 0.0000000000000000000, -2.220000000000000195 ) ) ;
#416 = ORIENTED_EDGE ( 'NONE', *, *, #10545, .T. ) ;
#417 = LINE ( 'NONE', #4984, #7385 ) ;
#418 = CARTESIAN_POINT ( 'NONE',  ( 2.500000000000000000, 0.0000000000000000000, -1.625000000000000222 ) ) ;
#419 = CARTESIAN_POINT ( 'NONE',  ( 2.100000000000000089, -0.03000000000000000583, -0.7549999999999990052 ) ) ;
#420 = CARTESIAN_POINT ( 'NONE',  ( -0.5664332323023040239, 0.8900000000000000133, 0.3083217570670889751 ) ) ;
#421 = CARTESIAN_POINT ( 'NONE',  ( -2.220000000000000195, 0.0000000000000000000, 1.625000000000000222 ) ) ;
#422 = PLANE ( 'NONE',  #2128 ) ;
#423 = EDGE_LOOP ( 'NONE', ( #943, #3379, #584, #5286 ) ) ;
#424 = EDGE_CURVE ( 'NONE', #10355, #4810, #10948, .T. ) ;
#425 = UNCERTAINTY_MEASURE_WITH_UNIT (LENGTH_MEASURE( 1.000000000000000082E-05 ), #1985, 'distance_accuracy_value', 'NONE');
#426 = LINE ( 'NONE', #9294, #9044 ) ;
#427 = ORIENTED_EDGE ( 'NONE', *, *, #5403, .F. ) ;
#428 = CARTESIAN_POINT ( 'NONE',  ( 0.7364273885132771591, 0.9000000000000001332, -0.2532120226042440247 ) ) ;
#429 = ORIENTED_EDGE ( 'NONE', *, *, #608, .T. ) ;
#430 = ORIENTED_EDGE ( 'NONE', *, *, #9607, .T. ) ;
#431 = LINE ( 'NONE', #3093, #9246 ) ;
#432 = DIRECTION ( 'NONE',  ( 0.0000000000000000000, 0.0000000000000000000, -1.000000000000000000 ) ) ;
#433 = CARTESIAN_POINT ( 'NONE',  ( 2.000000000000000000, 0.9000000000000001332, 2.000000000000000000 ) ) ;
#434 = DIRECTION ( 'NONE',  ( 0.0000000000000000000, -0.0000000000000000000, 1.000000000000000000 ) ) ;
#435 = CARTESIAN_POINT ( 'NONE',  ( 0.8750000000000001110, -0.03000000000000000930, -2.188584073464102886 ) ) ;
#436 = MECHANICAL_DESIGN_GEOMETRIC_PRESENTATION_REPRESENTATION (  '', ( #5559 ), #9740 ) ;
#437 = FILL_AREA_STYLE ('',( #5961 ) ) ;
#438 = ORIENTED_EDGE ( 'NONE', *, *, #4420, .F. ) ;
#439 = EDGE_CURVE ( 'NONE', #6032, #8839, #3819, .T. ) ;
#440 = EDGE_CURVE ( 'NONE', #3747, #8770, #134, .T. ) ;
#441 = ORIENTED_EDGE ( 'NONE', *, *, #840, .T. ) ;
#442 = ORIENTED_EDGE ( 'NONE', *, *, #2575, .F. ) ;
#443 = CARTESIAN_POINT ( 'NONE',  ( 1.047178013952730025, 0.8900000000000000133, -0.2172683308910660083 ) ) ;
#444 = LINE ( 'NONE', #9550, #4793 ) ;
#445 = DIRECTION ( 'NONE',  ( -0.0000000000000000000, -1.000000000000000000, -0.0000000000000000000 ) ) ;
#446 = CARTESIAN_POINT ( 'NONE',  ( 1.245000000000000329, 0.0000000000000000000, -2.100000000000000089 ) ) ;
#447 = PRESENTATION_STYLE_ASSIGNMENT (( #6873 ) ) ;
#448 = AXIS2_PLACEMENT_3D ( 'NONE', #7404, #2871, #7464 ) ;
#449 = EDGE_CURVE ( 'NONE', #8504, #8827, #7243, .T. ) ;
#450 = CARTESIAN_POINT ( 'NONE',  ( -0.2549999999999992828, -0.03000000000000000583, 2.100000000000000089 ) ) ;
#451 = ORIENTED_EDGE ( 'NONE', *, *, #4202, .F. ) ;
#452 = EDGE_LOOP ( 'NONE', ( #8398, #10426, #3938, #8346 ) ) ;
#453 = CARTESIAN_POINT ( 'NONE',  ( 1.375000000000000000, 0.0000000000000000000, 2.500000000000000000 ) ) ;
#454 = CARTESIAN_POINT ( 'NONE',  ( -0.8750000000000000000, 0.0000000000000000000, 2.313333333333333464 ) ) ;
#455 = DIRECTION ( 'NONE',  ( 0.0000000000000000000, -1.000000000000000000, 0.0000000000000000000 ) ) ;
#456 = ORIENTED_EDGE ( 'NONE', *, *, #5540, .T. ) ;
#457 = CARTESIAN_POINT ( 'NONE',  ( 2.100000000000000089, -0.03000000000000000583, 0.7549999999999990052 ) ) ;
#458 = ADVANCED_FACE ( 'NONE', ( #5599 ), #6561, .F. ) ;
#459 = CARTESIAN_POINT ( 'NONE',  ( 0.1250000000000000000, 0.1000000000000000056, 2.500105095651770082 ) ) ;
#460 = FACE_OUTER_BOUND ( 'NONE', #9646, .T. ) ;
#461 = ADVANCED_FACE ( 'NONE', ( #5655 ), #313, .T. ) ;
#462 = DIRECTION ( 'NONE',  ( 0.0000000000000000000, 0.0000000000000000000, 1.000000000000000000 ) ) ;
#463 = VERTEX_POINT ( 'NONE', #5842 ) ;
#464 = CARTESIAN_POINT ( 'NONE',  ( -1.055112477585320008, 0.8900000000000000133, -0.1633154918677859890 ) ) ;
#465 = PLANE ( 'NONE',  #583 ) ;
#466 = CARTESIAN_POINT ( 'NONE',  ( 1.245000000000000329, 0.1000000000000000056, 2.100000000000000089 ) ) ;
#467 = ORIENTED_EDGE ( 'NONE', *, *, #9535, .F. ) ;
#468 = CARTESIAN_POINT ( 'NONE',  ( -1.748333333333333517, 0.0000000000000000000, 2.100000000000000089 ) ) ;
#469 = DIRECTION ( 'NONE',  ( -0.0000000000000000000, -1.000000000000000000, -0.0000000000000000000 ) ) ;
#470 = DIRECTION ( 'NONE',  ( 1.000000000000000000, 0.0000000000000000000, -0.0000000000000000000 ) ) ;
#471 = CARTESIAN_POINT ( 'NONE',  ( -1.875000000000000222, 0.0000000000000000000, -2.188584073464102886 ) ) ;
#472 = CARTESIAN_POINT ( 'NONE',  ( 0.3154900787141289853, 0.8900000000000000133, -0.04018706825244849901 ) ) ;
#473 = VERTEX_POINT ( 'NONE', #9710 ) ;
#474 = CARTESIAN_POINT ( 'NONE',  ( -0.1412354234161199984, 0.9000000000000001332, 0.0000000000000000000 ) ) ;
#475 = VERTEX_POINT ( 'NONE', #8585 ) ;
#476 = EDGE_CURVE ( 'NONE', #11051, #2555, #3390, .T. ) ;
#477 = VECTOR ( 'NONE', #11078, 1000.000000000000000 ) ;
#478 = LINE ( 'NONE', #10600, #2550 ) ;
#479 = ORIENTED_EDGE ( 'NONE', *, *, #7020, .T. ) ;
#480 = FACE_OUTER_BOUND ( 'NONE', #1381, .T. ) ;
#481 = ORIENTED_EDGE ( 'NONE', *, *, #10006, .F. ) ;
#482 = VERTEX_POINT ( 'NONE', #4226 ) ;
#483 = EDGE_CURVE ( 'NONE', #5364, #4583, #9540, .T. ) ;
#484 = CARTESIAN_POINT ( 'NONE',  ( 1.875000000000000222, 0.0000000000000000000, 2.188584073464102886 ) ) ;
#485 = CARTESIAN_POINT ( 'NONE',  ( -2.220000000000000195, -0.03000000000000000930, 0.6250000000000000000 ) ) ;
#486 = CARTESIAN_POINT ( 'NONE',  ( -1.755000000000000115, 0.0000000000000000000, 2.100000000000000089 ) ) ;
#487 = CARTESIAN_POINT ( 'NONE',  ( 0.7864159265358978690, -0.03000000000000000930, -2.100000000000000533 ) ) ;
#488 = SURFACE_STYLE_USAGE ( .BOTH. , #659 ) ;
#489 = CARTESIAN_POINT ( 'NONE',  ( -1.625000000000000222, 0.1000000000000000056, -2.500105095651770082 ) ) ;
#490 = ORIENTED_EDGE ( 'NONE', *, *, #7160, .T. ) ;
#491 = ORIENTED_EDGE ( 'NONE', *, *, #9536, .F. ) ;
#492 = VECTOR ( 'NONE', #8011, 1000.000000000000000 ) ;
#493 = CARTESIAN_POINT ( 'NONE',  ( 0.7364273885132770481, 0.8899999999999999023, -0.2532120226042439692 ) ) ;
#494 = EDGE_LOOP ( 'NONE', ( #929, #6627, #3062, #416 ) ) ;
#495 = FILL_AREA_STYLE ('',( #8598 ) ) ;
#496 = CARTESIAN_POINT ( 'NONE',  ( -2.313333333333333464, 0.0000000000000000000, -1.375000000000000000 ) ) ;
#497 = CARTESIAN_POINT ( 'NONE',  ( 2.406666666666666732, 0.0000000000000000000, 1.375000000000000000 ) ) ;
#498 = DIRECTION ( 'NONE',  ( -0.0000000000000000000, 1.000000000000000000, 0.0000000000000000000 ) ) ;
#499 = SURFACE_SIDE_STYLE ('',( #1506 ) ) ;
#500 = ORIENTED_EDGE ( 'NONE', *, *, #2603, .F. ) ;
#501 = CARTESIAN_POINT ( 'NONE',  ( 2.500223525886114739, 0.1000000000000000194, -0.6250000000000001110 ) ) ;
#502 = AXIS2_PLACEMENT_3D ( 'NONE', #1303, #8383, #7491 ) ;
#503 = ORIENTED_EDGE ( 'NONE', *, *, #1098, .T. ) ;
#504 = CARTESIAN_POINT ( 'NONE',  ( -2.220000000000000195, 0.0000000000000000000, -1.125000000000000222 ) ) ;
#505 = VECTOR ( 'NONE', #7655, 1000.000000000000000 ) ;
#506 = EDGE_CURVE ( 'NONE', #4164, #8479, #4057, .T. ) ;
#507 = CARTESIAN_POINT ( 'NONE',  ( -0.8750000000000000000, 0.0000000000000000000, 2.406666666666666732 ) ) ;
#508 = FACE_OUTER_BOUND ( 'NONE', #4918, .T. ) ;
#509 = EDGE_CURVE ( 'NONE', #8528, #2662, #11336, .T. ) ;
#510 = ORIENTED_EDGE ( 'NONE', *, *, #10033, .F. ) ;
#511 = CARTESIAN_POINT ( 'NONE',  ( -2.112932771566822687, -0.03000000000000001277, 0.1823616009484066991 ) ) ;
#512 = CARTESIAN_POINT ( 'NONE',  ( 1.395526597277665815, 0.8900000000000000133, -0.2421347249779658706 ) ) ;
#513 = CARTESIAN_POINT ( 'NONE',  ( -1.754999999999999893, 0.1000000000000000056, 2.220000000000000195 ) ) ;
#514 = DIRECTION ( 'NONE',  ( 1.247439894533389989E-15, 0.0000000000000000000, -1.000000000000000000 ) ) ;
#515 = SURFACE_STYLE_USAGE ( .BOTH. , #8557 ) ;
#516 = LINE ( 'NONE', #6826, #10089 ) ;
#517 = ORIENTED_EDGE ( 'NONE', *, *, #9851, .T. ) ;
#518 = EDGE_CURVE ( 'NONE', #2426, #6401, #4118, .T. ) ;
#519 = CARTESIAN_POINT ( 'NONE',  ( -2.220000000000000195, 0.0000000000000000000, -1.875000000000000000 ) ) ;
#520 = DIRECTION ( 'NONE',  ( -1.000000000000000000, -0.0000000000000000000, 0.0000000000000000000 ) ) ;
#521 = CARTESIAN_POINT ( 'NONE',  ( -2.112932771566822687, -0.0000000000000000000, -1.817638399051593634 ) ) ;
#522 = ADVANCED_FACE ( 'NONE', ( #6853 ), #2253, .F. ) ;
#523 = VERTEX_POINT ( 'NONE', #1323 ) ;
#524 = CARTESIAN_POINT ( 'NONE',  ( -1.755000000000000115, 0.0000000000000000000, 2.100000000000000089 ) ) ;
#525 = VECTOR ( 'NONE', #10441, 1000.000000000000114 ) ;
#526 = CARTESIAN_POINT ( 'NONE',  ( 0.6250000000000000000, 0.0000000000000000000, 2.313333333333333464 ) ) ;
#527 = B_SPLINE_CURVE_WITH_KNOTS ( 'NONE', 3,
 ( #1081, #8588, #5847, #7511 ),
 .UNSPECIFIED., .F., .F.,
 ( 4, 4 ),
 ( 0.0000000000000000000, 1.000000000000000000 ),
 .UNSPECIFIED. ) ;
#528 = SURFACE_STYLE_FILL_AREA ( #3195 ) ;
#529 = CARTESIAN_POINT ( 'NONE',  ( -1.410606984780609974, 0.8900000000000000133, -0.2390209085690840063 ) ) ;
#530 = CARTESIAN_POINT ( 'NONE',  ( -2.188584073464102442, 0.0000000000000000000, 1.625000000000000000 ) ) ;
#531 = EDGE_LOOP ( 'NONE', ( #9669, #9779, #6592, #1195 ) ) ;
#532 = CARTESIAN_POINT ( 'NONE',  ( 1.254999999999999893, 0.0000000000000000000, 2.100000000000000089 ) ) ;
#533 = CARTESIAN_POINT ( 'NONE',  ( -0.6250000000000000000, 0.0000000000000000000, -2.220000000000000195 ) ) ;
#534 = ORIENTED_EDGE ( 'NONE', *, *, #5546, .T. ) ;
#535 = UNCERTAINTY_MEASURE_WITH_UNIT (LENGTH_MEASURE( 1.000000000000000082E-05 ), #8085, 'distance_accuracy_value', 'NONE');
#536 = EDGE_CURVE ( 'NONE', #3882, #8105, #3151, .T. ) ;
#537 = AXIS2_PLACEMENT_3D ( 'NONE', #5590, #1069, #4683 ) ;
#538 = EDGE_CURVE ( 'NONE', #10779, #3770, #4956, .T. ) ;
#539 = LINE ( 'NONE', #8869, #11328 ) ;
#540 = ORIENTED_EDGE ( 'NONE', *, *, #5695, .T. ) ;
#541 = CARTESIAN_POINT ( 'NONE',  ( -2.220000000000000195, -0.03000000000000000583, 0.8750000000000000000 ) ) ;
#542 = EDGE_CURVE ( 'NONE', #2000, #319, #9382, .T. ) ;
#543 = EDGE_LOOP ( 'NONE', ( #1478, #7415, #2975, #5592 ) ) ;
#544 = ORIENTED_EDGE ( 'NONE', *, *, #1017, .F. ) ;
#545 = DIRECTION ( 'NONE',  ( 0.0000000000000000000, 0.0000000000000000000, -1.000000000000000000 ) ) ;
#546 = VECTOR ( 'NONE', #4246, 1000.000000000000000 ) ;
#547 =( LENGTH_UNIT ( ) NAMED_UNIT ( * ) SI_UNIT ( .MILLI., .METRE. ) );
#548 =( NAMED_UNIT ( * ) SI_UNIT ( $, .STERADIAN. ) SOLID_ANGLE_UNIT ( ) );
#549 = DIRECTION ( 'NONE',  ( 0.0000000000000000000, 1.000000000000000000, 0.0000000000000000000 ) ) ;
#550 = ORIENTED_EDGE ( 'NONE', *, *, #10093, .T. ) ;
#551 = STYLED_ITEM ( 'NONE', ( #1215 ), #7856 ) ;
#552 = B_SPLINE_CURVE_WITH_KNOTS ( 'NONE', 3,
 ( #1140, #8460, #4694, #11159, #3095, #5601 ),
 .UNSPECIFIED., .F., .F.,
 ( 4, 2, 4 ),
 ( 0.0000000000000000000, 0.5000000000000000000, 1.000000000000000000 ),
 .UNSPECIFIED. ) ;
#553 = ORIENTED_EDGE ( 'NONE', *, *, #1400, .F. ) ;
#554 = CARTESIAN_POINT ( 'NONE',  ( 1.625000000000000444, -0.03000000000000000930, 2.500105095651770082 ) ) ;
#555 = EDGE_CURVE ( 'NONE', #3571, #11280, #11366, .T. ) ;
#556 = EDGE_LOOP ( 'NONE', ( #9775, #9790, #10962, #2389, #8334, #5816 ) ) ;
#557 =( GEOMETRIC_REPRESENTATION_CONTEXT ( 3 ) GLOBAL_UNCERTAINTY_ASSIGNED_CONTEXT ( ( #7510 ) ) GLOBAL_UNIT_ASSIGNED_CONTEXT ( ( #2109, #3962, #4614 ) ) REPRESENTATION_CONTEXT ( 'NONE', 'WORKASPACE' ) );
#558 = DIRECTION ( 'NONE',  ( 0.0000000000000000000, 1.000000000000000000, 0.0000000000000000000 ) ) ;
#559 = CARTESIAN_POINT ( 'NONE',  ( 1.375000000000000000, 0.06666666666666666574, -2.500105095651770082 ) ) ;
#560 = CARTESIAN_POINT ( 'NONE',  ( 1.125000000000000222, 0.1000000000000000056, 2.500105095651770082 ) ) ;
#561 = CARTESIAN_POINT ( 'NONE',  ( 2.112932771566821799, -0.0000000000000000000, -0.1823616009484066991 ) ) ;
#562 = B_SPLINE_CURVE_WITH_KNOTS ( 'NONE', 3,
 ( #8042, #7165, #1512, #743 ),
 .UNSPECIFIED., .F., .F.,
 ( 4, 4 ),
 ( 0.0000000000000000000, 1.000000000000000000 ),
 .UNSPECIFIED. ) ;
#563 = DIRECTION ( 'NONE',  ( -1.000000000000000000, 0.0000000000000000000, 0.0000000000000000000 ) ) ;
#564 = DIRECTION ( 'NONE',  ( 1.000000000000000000, 0.0000000000000000000, -0.0000000000000000000 ) ) ;
#565 = VECTOR ( 'NONE', #780, 1000.000000000000000 ) ;
#566 = ADVANCED_FACE ( 'NONE', ( #605 ), #3267, .T. ) ;
#567 = ORIENTED_EDGE ( 'NONE', *, *, #3187, .T. ) ;
#568 = ORIENTED_EDGE ( 'NONE', *, *, #9952, .T. ) ;
#569 = DIRECTION ( 'NONE',  ( 1.000000000000000000, 0.0000000000000000000, -0.0000000000000000000 ) ) ;
#570 = CARTESIAN_POINT ( 'NONE',  ( -1.147507322184299960, 0.9000000000000001332, 0.1848855750470370096 ) ) ;
#571 = VECTOR ( 'NONE', #7703, 1000.000000000000000 ) ;
#572 = VERTEX_POINT ( 'NONE', #6961 ) ;
#573 = CARTESIAN_POINT ( 'NONE',  ( 2.188584073464102442, -0.03000000000000000930, 0.8750000000000000000 ) ) ;
#574 = CARTESIAN_POINT ( 'NONE',  ( 1.790900912554659996, 0.8900000000000000133, -0.2421347249779509936 ) ) ;
#575 =( GEOMETRIC_REPRESENTATION_CONTEXT ( 3 ) GLOBAL_UNCERTAINTY_ASSIGNED_CONTEXT ( ( #5490 ) ) GLOBAL_UNIT_ASSIGNED_CONTEXT ( ( #1282, #11299, #8779 ) ) REPRESENTATION_CONTEXT ( 'NONE', 'WORKASPACE' ) );
#576 = DIRECTION ( 'NONE',  ( 0.0000000000000000000, 1.000000000000000000, -0.0000000000000000000 ) ) ;
#577 = PLANE ( 'NONE',  #5272 ) ;
#578 = CARTESIAN_POINT ( 'NONE',  ( -0.1250000000000000555, 0.0000000000000000000, 2.500000000000000000 ) ) ;
#579 = VECTOR ( 'NONE', #4999, 1000.000000000000000 ) ;
#580 = DIRECTION ( 'NONE',  ( -0.0000000000000000000, -1.000000000000000000, 0.0000000000000000000 ) ) ;
#581 = ADVANCED_FACE ( 'NONE', ( #2366 ), #6009, .F. ) ;
#582 = VECTOR ( 'NONE', #9428, 1000.000000000000000 ) ;
#583 = AXIS2_PLACEMENT_3D ( 'NONE', #4092, #7719, #8681 ) ;
#584 = ORIENTED_EDGE ( 'NONE', *, *, #9194, .T. ) ;
#585 = CARTESIAN_POINT ( 'NONE',  ( 0.0000000000000000000, 0.9000000000000001332, 0.3083217570670889751 ) ) ;
#586 = LINE ( 'NONE', #7830, #2281 ) ;
#587 = CARTESIAN_POINT ( 'NONE',  ( -2.220000000000000195, -0.03000000000000000236, 1.754999999999999893 ) ) ;
#588 = VECTOR ( 'NONE', #6162, 1000.000000000000000 ) ;
#589 = SURFACE_STYLE_FILL_AREA ( #10533 ) ;
#590 = CARTESIAN_POINT ( 'NONE',  ( -2.499999999999999556, 0.0000000000000000000, 1.625000000000000222 ) ) ;
#591 = COLOUR_RGB ( '',0.6627450980392156632, 0.6862745098039215730, 0.6980392156862744724 ) ;
#592 = CARTESIAN_POINT ( 'NONE',  ( 1.125000000000000444, -0.03000000000000000930, -2.188584073464102442 ) ) ;
#593 = ORIENTED_EDGE ( 'NONE', *, *, #4423, .F. ) ;
#594 = VECTOR ( 'NONE', #8350, 1000.000000000000000 ) ;
#595 = CARTESIAN_POINT ( 'NONE',  ( 2.100000000000000533, -0.03000000000000000930, 0.2864159265358970363 ) ) ;
#596 = CARTESIAN_POINT ( 'NONE',  ( -1.286415926535898091, -0.03000000000000000930, -2.100000000000000089 ) ) ;
#597 = VERTEX_POINT ( 'NONE', #5117 ) ;
#598 = EDGE_CURVE ( 'NONE', #4995, #1536, #2421, .T. ) ;
#599 = VECTOR ( 'NONE', #10682, 1000.000000000000000 ) ;
#600 = PLANE ( 'NONE',  #5421 ) ;
#601 = ORIENTED_EDGE ( 'NONE', *, *, #9555, .F. ) ;
#602 = EDGE_LOOP ( 'NONE', ( #8272, #5586, #5184, #9287 ) ) ;
#603 = EDGE_LOOP ( 'NONE', ( #3474, #5994, #10211, #2720, #4079, #10153 ) ) ;
#604 = PLANE ( 'NONE',  #684 ) ;
#605 = FACE_OUTER_BOUND ( 'NONE', #9752, .T. ) ;
#606 = CARTESIAN_POINT ( 'NONE',  ( 1.625000000000000222, 0.0000000000000000000, -2.313333333333333464 ) ) ;
#607 = CARTESIAN_POINT ( 'NONE',  ( 0.8750000000000000000, -0.03000000000000000583, -2.220000000000000195 ) ) ;
#608 = EDGE_CURVE ( 'NONE', #4272, #9191, #6303, .T. ) ;
#609 = B_SPLINE_CURVE_WITH_KNOTS ( 'NONE', 3,
 ( #4832, #11403, #4184, #7810, #1397, #3226 ),
 .UNSPECIFIED., .F., .F.,
 ( 4, 2, 4 ),
 ( 0.0000000000000000000, 0.5000000000000000000, 1.000000000000000000 ),
 .UNSPECIFIED. ) ;
#610 = ORIENTED_EDGE ( 'NONE', *, *, #3511, .T. ) ;
#611 = ORIENTED_EDGE ( 'NONE', *, *, #608, .F. ) ;
#612 = DIRECTION ( 'NONE',  ( 1.000000000000000000, 0.0000000000000000000, -0.0000000000000000000 ) ) ;
#613 = ORIENTED_EDGE ( 'NONE', *, *, #9622, .T. ) ;
#614 = CARTESIAN_POINT ( 'NONE',  ( 2.220000000000000195, -0.03000000000000000236, -1.245000000000000329 ) ) ;
#615 = CARTESIAN_POINT ( 'NONE',  ( 1.375000000000000000, 0.1000000000000000056, -2.500105095651770082 ) ) ;
#616 = LINE ( 'NONE', #3225, #3242 ) ;
#617 = DIRECTION ( 'NONE',  ( -0.1285540286414040279, 0.0000000000000000000, 0.9917025066621870666 ) ) ;
#618 = CARTESIAN_POINT ( 'NONE',  ( 2.100000000000000089, 0.1000000000000000056, -0.2549999999999989497 ) ) ;
#619 = ORIENTED_EDGE ( 'NONE', *, *, #10676, .T. ) ;
#620 =( LENGTH_UNIT ( ) NAMED_UNIT ( * ) SI_UNIT ( .MILLI., .METRE. ) );
#621 = EDGE_CURVE ( 'NONE', #8326, #8528, #1841, .T. ) ;
#622 =( NAMED_UNIT ( * ) SI_UNIT ( $, .STERADIAN. ) SOLID_ANGLE_UNIT ( ) );
#623 = AXIS2_PLACEMENT_3D ( 'NONE', #3084, #5539, #4685 ) ;
#624 = LINE ( 'NONE', #7869, #10299 ) ;
#625 = CARTESIAN_POINT ( 'NONE',  ( -1.284324105418200190, 0.8900000000000000133, 0.04581484287409479800 ) ) ;
#626 = ORIENTED_EDGE ( 'NONE', *, *, #4305, .T. ) ;
#627 = CARTESIAN_POINT ( 'NONE',  ( -0.2226109559785069969, 0.8900000000000000133, -0.3316052058057050167 ) ) ;
#628 = CARTESIAN_POINT ( 'NONE',  ( 0.9742212868465498499, 0.8899999999999999023, 0.2856621534439928167 ) ) ;
#629 = ADVANCED_FACE ( 'NONE', ( #4394 ), #8204, .T. ) ;
#630 = DIRECTION ( 'NONE',  ( 0.0000000000000000000, 0.0000000000000000000, -1.000000000000000000 ) ) ;
#631 = CARTESIAN_POINT ( 'NONE',  ( -2.100000000000000533, -0.03000000000000000930, 0.7135840734641029082 ) ) ;
#632 = VERTEX_POINT ( 'NONE', #10855 ) ;
#633 = CARTESIAN_POINT ( 'NONE',  ( -2.500000000000000000, 0.0000000000000000000, 2.083333333333333481 ) ) ;
#634 = SURFACE_SIDE_STYLE ('',( #6156 ) ) ;
#635 = DIRECTION ( 'NONE',  ( 1.000000000000000000, -0.0000000000000000000, 0.0000000000000000000 ) ) ;
#636 = ORIENTED_EDGE ( 'NONE', *, *, #1252, .F. ) ;
#637 = CARTESIAN_POINT ( 'NONE',  ( 1.178241143838902882, 0.9000000000000001332, 0.3083217570670783170 ) ) ;
#638 = DIRECTION ( 'NONE',  ( 0.0000000000000000000, 1.000000000000000000, 0.0000000000000000000 ) ) ;
#639 = CARTESIAN_POINT ( 'NONE',  ( -1.625000000000000222, 0.1000000000000000056, 2.500105095651770082 ) ) ;
#640 = LINE ( 'NONE', #3491, #9825 ) ;
#641 = EDGE_CURVE ( 'NONE', #9155, #5318, #2604, .T. ) ;
#642 = CARTESIAN_POINT ( 'NONE',  ( 2.188584073464102442, -0.03000000000000000930, 1.625000000000000000 ) ) ;
#643 = ORIENTED_EDGE ( 'NONE', *, *, #4932, .F. ) ;
#644 = CARTESIAN_POINT ( 'NONE',  ( -1.398138699575159904, 0.8900000000000000133, -0.3477824238403219859 ) ) ;
#645 = ORIENTED_EDGE ( 'NONE', *, *, #8146, .F. ) ;
#646 = ORIENTED_EDGE ( 'NONE', *, *, #476, .F. ) ;
#647 = ORIENTED_EDGE ( 'NONE', *, *, #9569, .F. ) ;
#648 =( NAMED_UNIT ( * ) PLANE_ANGLE_UNIT ( ) SI_UNIT ( $, .RADIAN. ) );
#649 = ORIENTED_EDGE ( 'NONE', *, *, #1954, .F. ) ;
#650 = CARTESIAN_POINT ( 'NONE',  ( 1.120825563073010178, 0.8999999999999990230, 0.2727081394639729872 ) ) ;
#651 = CARTESIAN_POINT ( 'NONE',  ( -0.2226109559785069969, 0.8900000000000000133, -0.3316052058057049612 ) ) ;
#652 = VERTEX_POINT ( 'NONE', #9889 ) ;
#653 = PLANE ( 'NONE',  #122 ) ;
#654 = EDGE_CURVE ( 'NONE', #9191, #8197, #2248, .T. ) ;
#655 = CARTESIAN_POINT ( 'NONE',  ( 2.157361600948405567, -0.0000000000000000000, -0.3620672284331773461 ) ) ;
#656 = CARTESIAN_POINT ( 'NONE',  ( 1.625000000000000222, 0.0000000000000000000, -2.500000000000000000 ) ) ;
#657 = DIRECTION ( 'NONE',  ( 0.0000000000000000000, 0.0000000000000000000, -1.000000000000000000 ) ) ;
#658 = CARTESIAN_POINT ( 'NONE',  ( -2.220000000000000195, 0.0000000000000000000, -0.6250000000000000000 ) ) ;
#659 = SURFACE_SIDE_STYLE ('',( #6799 ) ) ;
#660 = VERTEX_POINT ( 'NONE', #1596 ) ;
#661 = AXIS2_PLACEMENT_3D ( 'NONE', #3681, #2664, #2781 ) ;
#662 = B_SPLINE_CURVE_WITH_KNOTS ( 'NONE', 3,
 ( #9749, #1583, #5210, #758 ),
 .UNSPECIFIED., .F., .F.,
 ( 4, 4 ),
 ( 0.0000000000000000000, 1.000000000000000000 ),
 .UNSPECIFIED. ) ;
#663 = ORIENTED_EDGE ( 'NONE', *, *, #141, .T. ) ;
#664 = EDGE_CURVE ( 'NONE', #9792, #5222, #6526, .T. ) ;
#665 = CARTESIAN_POINT ( 'NONE',  ( -2.500447051772229923, 0.1000000000000000056, -0.8750000000000000000 ) ) ;
#666 = VERTEX_POINT ( 'NONE', #4453 ) ;
#667 = FACE_OUTER_BOUND ( 'NONE', #3521, .T. ) ;
#668 = SURFACE_STYLE_FILL_AREA ( #10801 ) ;
#669 = LINE ( 'NONE', #5071, #11792 ) ;
#670 = PRESENTATION_STYLE_ASSIGNMENT (( #8833 ) ) ;
#671 = CARTESIAN_POINT ( 'NONE',  ( 2.220000000000000195, -0.03000000000000000930, 0.8750000000000000000 ) ) ;
#672 = CARTESIAN_POINT ( 'NONE',  ( -2.112932771566822687, -0.03000000000000001277, -0.8176383990515936340 ) ) ;
#673 = CARTESIAN_POINT ( 'NONE',  ( 0.7083333333333333703, 0.1000000000000000056, 2.500105095651770082 ) ) ;
#674 = DIRECTION ( 'NONE',  ( 1.000000000000000000, 0.0000000000000000000, -0.0000000000000000000 ) ) ;
#675 = VECTOR ( 'NONE', #2430, 1000.000000000000000 ) ;
#676 = ORIENTED_EDGE ( 'NONE', *, *, #4134, .F. ) ;
#677 = ORIENTED_EDGE ( 'NONE', *, *, #518, .F. ) ;
#678 = EDGE_CURVE ( 'NONE', #4810, #146, #8652, .T. ) ;
#679 = DIRECTION ( 'NONE',  ( 0.0000000000000000000, 0.0000000000000000000, -1.000000000000000000 ) ) ;
#680 = PRESENTATION_STYLE_ASSIGNMENT (( #9672 ) ) ;
#681 = EDGE_CURVE ( 'NONE', #3798, #8641, #5417, .T. ) ;
#682 = VERTEX_POINT ( 'NONE', #6121 ) ;
#683 = CARTESIAN_POINT ( 'NONE',  ( -0.2550000000000000044, 0.1000000000000000056, 2.220000000000000195 ) ) ;
#684 = AXIS2_PLACEMENT_3D ( 'NONE', #4225, #10495, #7792 ) ;
#685 = CARTESIAN_POINT ( 'NONE',  ( 1.770969632319310261, 0.8899999999999997913, -0.1624096040365370086 ) ) ;
#686 = VECTOR ( 'NONE', #2711, 1000.000000000000000 ) ;
#687 = CARTESIAN_POINT ( 'NONE',  ( -2.100000000000000089, -0.03000000000000000583, 0.7549999999999990052 ) ) ;
#688 = CARTESIAN_POINT ( 'NONE',  ( 2.406666666666666732, 0.0000000000000000000, 0.8750000000000000000 ) ) ;
#689 = CARTESIAN_POINT ( 'NONE',  ( -1.625000000000000222, -0.03000000000000000583, -2.220000000000000195 ) ) ;
#690 = EDGE_LOOP ( 'NONE', ( #309, #2341, #6966, #9342 ) ) ;
#691 =( GEOMETRIC_REPRESENTATION_CONTEXT ( 3 ) GLOBAL_UNCERTAINTY_ASSIGNED_CONTEXT ( ( #1760 ) ) GLOBAL_UNIT_ASSIGNED_CONTEXT ( ( #11371, #5035, #5993 ) ) REPRESENTATION_CONTEXT ( 'NONE', 'WORKASPACE' ) );
#692 = CARTESIAN_POINT ( 'NONE',  ( -1.125000000000000222, 0.0000000000000000000, 2.500000000000000000 ) ) ;
#693 =( LENGTH_UNIT ( ) NAMED_UNIT ( * ) SI_UNIT ( .MILLI., .METRE. ) );
#694 = CARTESIAN_POINT ( 'NONE',  ( -0.5608945834891579940, 0.8900000000000000133, -0.3316052058057050722 ) ) ;
#695 = ORIENTED_EDGE ( 'NONE', *, *, #9536, .T. ) ;
#696 = EDGE_CURVE ( 'NONE', #319, #4403, #717, .T. ) ;
#697 = CARTESIAN_POINT ( 'NONE',  ( 0.6250000000000000000, 0.0000000000000000000, -2.220000000000000195 ) ) ;
#698 = CARTESIAN_POINT ( 'NONE',  ( 0.0000000000000000000, 0.9000000000000001332, -2.500000000000000000 ) ) ;
#699 = DIRECTION ( 'NONE',  ( 0.0000000000000000000, 0.0000000000000000000, -1.000000000000000000 ) ) ;
#700 = ORIENTED_EDGE ( 'NONE', *, *, #10388, .T. ) ;
#701 = VECTOR ( 'NONE', #8555, 1000.000000000000000 ) ;
#702 = CARTESIAN_POINT ( 'NONE',  ( 2.188584073464102442, -0.03000000000000000930, 0.3750000000000000555 ) ) ;
#703 = PRESENTATION_LAYER_ASSIGNMENT (  '', '', ( #2787 ) ) ;
#704 = B_SPLINE_CURVE_WITH_KNOTS ( 'NONE', 3,
 ( #2812, #5441, #6451, #4540 ),
 .UNSPECIFIED., .F., .F.,
 ( 4, 4 ),
 ( 0.0000000000000000000, 1.000000000000000000 ),
 .UNSPECIFIED. ) ;
#705 = FILL_AREA_STYLE_COLOUR ( '', #8614 ) ;
#706 = ORIENTED_EDGE ( 'NONE', *, *, #2055, .F. ) ;
#707 = ORIENTED_EDGE ( 'NONE', *, *, #7550, .F. ) ;
#708 = EDGE_CURVE ( 'NONE', #3615, #11266, #11069, .T. ) ;
#709 = DIRECTION ( 'NONE',  ( 0.0000000000000000000, 0.0000000000000000000, 1.000000000000000000 ) ) ;
#710 = ORIENTED_EDGE ( 'NONE', *, *, #10771, .F. ) ;
#711 = CARTESIAN_POINT ( 'NONE',  ( 2.500000000000000000, 0.0000000000000000000, 1.125000000000000222 ) ) ;
#712 = ORIENTED_EDGE ( 'NONE', *, *, #4764, .T. ) ;
#713 = CARTESIAN_POINT ( 'NONE',  ( 0.4750702165680489863, 0.8999999999999990230, 0.1642817346680010004 ) ) ;
#714 = CARTESIAN_POINT ( 'NONE',  ( 0.5297931827920351333, 0.8900000000000000133, -0.3810269952153212958 ) ) ;
#715 = ORIENTED_EDGE ( 'NONE', *, *, #4083, .T. ) ;
#716 = CARTESIAN_POINT ( 'NONE',  ( 0.2549999999999994493, 0.0000000000000000000, 2.100000000000000089 ) ) ;
#717 = LINE ( 'NONE', #9059, #203 ) ;
#718 = CARTESIAN_POINT ( 'NONE',  ( 1.436427388513280112, 0.8900000000000000133, -0.3316052058057050167 ) ) ;
#719 = PLANE ( 'NONE',  #3622 ) ;
#720 = DIRECTION ( 'NONE',  ( 1.000000000000000000, 0.0000000000000000000, -0.0000000000000000000 ) ) ;
#721 = ORIENTED_EDGE ( 'NONE', *, *, #4216, .T. ) ;
#722 = VECTOR ( 'NONE', #6597, 1000.000000000000000 ) ;
#723 = CARTESIAN_POINT ( 'NONE',  ( -1.125000000000000222, 0.0000000000000000000, 2.500000000000000000 ) ) ;
#724 = EDGE_CURVE ( 'NONE', #5653, #6928, #6792, .T. ) ;
#725 = EDGE_CURVE ( 'NONE', #7960, #9358, #183, .T. ) ;
#726 = ORIENTED_EDGE ( 'NONE', *, *, #938, .T. ) ;
#727 = PLANE ( 'NONE',  #6765 ) ;
#728 = B_SPLINE_CURVE_WITH_KNOTS ( 'NONE', 3,
 ( #6010, #7015, #8760, #4339 ),
 .UNSPECIFIED., .F., .F.,
 ( 4, 4 ),
 ( 0.0000000000000000000, 1.000000000000000000 ),
 .UNSPECIFIED. ) ;
#729 = VERTEX_POINT ( 'NONE', #10065 ) ;
#730 = VECTOR ( 'NONE', #10696, 1000.000000000000000 ) ;
#731 = ORIENTED_EDGE ( 'NONE', *, *, #793, .F. ) ;
#732 = PRESENTATION_STYLE_ASSIGNMENT (( #1610 ) ) ;
#733 = CARTESIAN_POINT ( 'NONE',  ( 1.875000000000000222, 0.1000000000000000194, 2.500052547825884819 ) ) ;
#734 = DIRECTION ( 'NONE',  ( -0.0000000000000000000, -1.000000000000000000, -0.0000000000000000000 ) ) ;
#735 =( LENGTH_UNIT ( ) NAMED_UNIT ( * ) SI_UNIT ( .MILLI., .METRE. ) );
#736 = CARTESIAN_POINT ( 'NONE',  ( 2.500447051772229923, -0.03000000000000000930, 0.3750000000000000555 ) ) ;
#737 = CARTESIAN_POINT ( 'NONE',  ( -1.349104182627449910, 0.9000000000000001332, 0.3250809995088330129 ) ) ;
#738 = ORIENTED_EDGE ( 'NONE', *, *, #3556, .T. ) ;
#739 = EDGE_CURVE ( 'NONE', #11728, #6950, #1008, .T. ) ;
#740 = ORIENTED_EDGE ( 'NONE', *, *, #10228, .F. ) ;
#741 = STYLED_ITEM ( 'NONE', ( #3363 ), #8068 ) ;
#742 = ORIENTED_EDGE ( 'NONE', *, *, #11384, .T. ) ;
#743 = CARTESIAN_POINT ( 'NONE',  ( 2.500000000000000000, 0.0000000000000000000, 1.125000000000000222 ) ) ;
#744 = CARTESIAN_POINT ( 'NONE',  ( 1.537827266784729918, 0.9000000000000001332, 0.3083217570670889751 ) ) ;
#745 = DIRECTION ( 'NONE',  ( 0.0000000000000000000, 0.0000000000000000000, 1.000000000000000000 ) ) ;
#746 = ORIENTED_EDGE ( 'NONE', *, *, #11101, .F. ) ;
#747 = CARTESIAN_POINT ( 'NONE',  ( -0.3750000000000000000, 0.0000000000000000000, 2.220000000000000195 ) ) ;
#748 = FACE_OUTER_BOUND ( 'NONE', #2412, .T. ) ;
#749 =( LENGTH_UNIT ( ) NAMED_UNIT ( * ) SI_UNIT ( .MILLI., .METRE. ) );
#750 = EDGE_CURVE ( 'NONE', #10862, #10909, #301, .T. ) ;
#751 = CARTESIAN_POINT ( 'NONE',  ( 2.500000000000000000, 0.0000000000000000000, -0.6250000000000000000 ) ) ;
#752 = CARTESIAN_POINT ( 'NONE',  ( 1.754999999999999893, -0.03000000000000000583, 2.100000000000000089 ) ) ;
#753 = EDGE_CURVE ( 'NONE', #11223, #7819, #3663, .T. ) ;
#754 = PRESENTATION_LAYER_ASSIGNMENT (  '', '', ( #11407 ) ) ;
#755 = CARTESIAN_POINT ( 'NONE',  ( -1.374999999999999778, 0.0000000000000000000, -2.188584073464102886 ) ) ;
#756 = CARTESIAN_POINT ( 'NONE',  ( -0.8750000000000001110, 0.0000000000000000000, 2.500000000000000000 ) ) ;
#757 = ORIENTED_EDGE ( 'NONE', *, *, #1223, .T. ) ;
#758 = CARTESIAN_POINT ( 'NONE',  ( 0.7549999999999993383, 0.0000000000000000000, 2.100000000000000089 ) ) ;
#759 = CARTESIAN_POINT ( 'NONE',  ( 2.100000000000000089, 0.0000000000000000000, 1.254999999999999893 ) ) ;
#760 = CARTESIAN_POINT ( 'NONE',  ( 2.100000000000000089, 0.0000000000000000000, -0.2450000000000010225 ) ) ;
#761 = ORIENTED_EDGE ( 'NONE', *, *, #9838, .F. ) ;
#762 = DIRECTION ( 'NONE',  ( -0.0000000000000000000, 0.0000000000000000000, -1.000000000000000000 ) ) ;
#763 = CARTESIAN_POINT ( 'NONE',  ( 2.157361600948405123, -0.0000000000000000000, 0.8620672284331775126 ) ) ;
#764 = VERTEX_POINT ( 'NONE', #6481 ) ;
#765 = PRESENTATION_LAYER_ASSIGNMENT (  '', '', ( #2659 ) ) ;
#766 = CARTESIAN_POINT ( 'NONE',  ( -2.100000000000000089, -0.03000000000000000930, 1.245000000000000329 ) ) ;
#767 = EDGE_CURVE ( 'NONE', #11712, #11088, #1270, .T. ) ;
#768 = B_SPLINE_CURVE_WITH_KNOTS ( 'NONE', 3,
 ( #3426, #5611, #4432, #2581 ),
 .UNSPECIFIED., .F., .F.,
 ( 4, 4 ),
 ( 0.0000000000000000000, 1.000000000000000000 ),
 .UNSPECIFIED. ) ;
#769 = ORIENTED_EDGE ( 'NONE', *, *, #11753, .F. ) ;
#770 = DIRECTION ( 'NONE',  ( -0.0000000000000000000, -1.000000000000000000, 0.0000000000000000000 ) ) ;
#771 = ORIENTED_EDGE ( 'NONE', *, *, #8129, .T. ) ;
#772 = B_SPLINE_CURVE_WITH_KNOTS ( 'NONE', 3,
 ( #5132, #3339, #10739, #7859, #2379, #6076 ),
 .UNSPECIFIED., .F., .F.,
 ( 4, 2, 4 ),
 ( 0.0000000000000000000, 0.5000000000000000000, 1.000000000000000000 ),
 .UNSPECIFIED. ) ;
#773 = VERTEX_POINT ( 'NONE', #1955 ) ;
#774 = AXIS2_PLACEMENT_3D ( 'NONE', #2137, #10377, #5779 ) ;
#775 = FACE_OUTER_BOUND ( 'NONE', #1717, .T. ) ;
#776 = AXIS2_PLACEMENT_3D ( 'NONE', #5992, #414, #10352 ) ;
#777 = ORIENTED_EDGE ( 'NONE', *, *, #4916, .T. ) ;
#778 = FACE_OUTER_BOUND ( 'NONE', #1605, .T. ) ;
#779 = CARTESIAN_POINT ( 'NONE',  ( -2.500447051772229923, 0.1000000000000000056, 0.3750000000000000000 ) ) ;
#780 = DIRECTION ( 'NONE',  ( -0.0000000000000000000, 1.000000000000000000, 0.0000000000000000000 ) ) ;
#781 = CARTESIAN_POINT ( 'NONE',  ( -0.3750000000000000000, 0.0000000000000000000, -2.500000000000000000 ) ) ;
#782 = EDGE_CURVE ( 'NONE', #11232, #4000, #11145, .T. ) ;
#783 = FACE_OUTER_BOUND ( 'NONE', #11611, .T. ) ;
#784 = ORIENTED_EDGE ( 'NONE', *, *, #4254, .T. ) ;
#785 = ORIENTED_EDGE ( 'NONE', *, *, #2336, .F. ) ;
#786 = DIRECTION ( 'NONE',  ( 0.0000000000000000000, 0.0000000000000000000, -1.000000000000000000 ) ) ;
#787 = EDGE_LOOP ( 'NONE', ( #1526, #8964, #9976, #3763 ) ) ;
#788 = ORIENTED_EDGE ( 'NONE', *, *, #3456, .T. ) ;
#789 = CARTESIAN_POINT ( 'NONE',  ( 2.220000000000000195, 0.0000000000000000000, 0.6250000000000000000 ) ) ;
#790 =( LENGTH_UNIT ( ) NAMED_UNIT ( * ) SI_UNIT ( .MILLI., .METRE. ) );
#791 = LINE ( 'NONE', #10981, #8773 ) ;
#792 = DIRECTION ( 'NONE',  ( 0.0000000000000000000, -1.000000000000000000, 0.0000000000000000000 ) ) ;
#793 = EDGE_CURVE ( 'NONE', #6725, #7106, #8921, .T. ) ;
#794 = CARTESIAN_POINT ( 'NONE',  ( 2.500447051772229923, 0.1000000000000000056, 0.1250000000000000000 ) ) ;
#795 = DIRECTION ( 'NONE',  ( 0.0000000000000000000, 0.0000000000000000000, 1.000000000000000000 ) ) ;
#796 = EDGE_CURVE ( 'NONE', #11740, #7629, #5589, .T. ) ;
#797 = ORIENTED_EDGE ( 'NONE', *, *, #3038, .F. ) ;
#798 = CARTESIAN_POINT ( 'NONE',  ( -0.2226109559785069969, 0.8900000000000000133, 0.1715597363732359881 ) ) ;
#799 = ORIENTED_EDGE ( 'NONE', *, *, #4216, .F. ) ;
#800 = ORIENTED_EDGE ( 'NONE', *, *, #8976, .T. ) ;
#801 = B_SPLINE_CURVE_WITH_KNOTS ( 'NONE', 3,
 ( #2958, #5711, #4805, #302 ),
 .UNSPECIFIED., .F., .F.,
 ( 4, 4 ),
 ( 0.0000000000000000000, 1.000000000000000000 ),
 .UNSPECIFIED. ) ;
#802 = CARTESIAN_POINT ( 'NONE',  ( -2.112932771566821799, -0.03000000000000000930, -0.1823616009484066991 ) ) ;
#803 = ORIENTED_EDGE ( 'NONE', *, *, #11597, .F. ) ;
#804 = DIRECTION ( 'NONE',  ( 0.0000000000000000000, 0.0000000000000000000, 1.000000000000000000 ) ) ;
#805 = ADVANCED_FACE ( 'NONE', ( #4681 ), #8446, .T. ) ;
#806 = CARTESIAN_POINT ( 'NONE',  ( -1.745000000000000329, 0.1000000000000000056, -2.100000000000000089 ) ) ;
#807 = DIRECTION ( 'NONE',  ( 0.0000000000000000000, -1.000000000000000000, 0.0000000000000000000 ) ) ;
#808 = ORIENTED_EDGE ( 'NONE', *, *, #3281, .F. ) ;
#809 = CARTESIAN_POINT ( 'NONE',  ( 2.220000000000000195, 0.0000000000000000000, -1.625000000000000222 ) ) ;
#810 = EDGE_CURVE ( 'NONE', #156, #1543, #10249, .T. ) ;
#811 = CARTESIAN_POINT ( 'NONE',  ( -1.254999999999999893, 0.1000000000000000056, -2.100000000000000089 ) ) ;
#812 = CARTESIAN_POINT ( 'NONE',  ( -2.220000000000000195, 0.0000000000000000000, -0.3750000000000000000 ) ) ;
#813 = ORIENTED_EDGE ( 'NONE', *, *, #7871, .F. ) ;
#814 = CARTESIAN_POINT ( 'NONE',  ( 1.875000000000000222, 0.1000000000000000194, -2.500052547825884819 ) ) ;
#815 = LINE ( 'NONE', #8189, #9958 ) ;
#816 = CARTESIAN_POINT ( 'NONE',  ( -1.846664523415020076, 0.8900000000000000133, 0.02303139907595989910 ) ) ;
#817 = CARTESIAN_POINT ( 'NONE',  ( -1.966007182393600283, 0.9000000000000001332, 0.0000000000000000000 ) ) ;
#818 = EDGE_CURVE ( 'NONE', #319, #11063, #4370, .T. ) ;
#819 = CARTESIAN_POINT ( 'NONE',  ( 0.7450000000000009948, 0.0000000000000000000, -2.100000000000000089 ) ) ;
#820 = VERTEX_POINT ( 'NONE', #1125 ) ;
#821 = LINE ( 'NONE', #10654, #8522 ) ;
#822 = CARTESIAN_POINT ( 'NONE',  ( -0.8750000000000000000, 0.1000000000000000056, -2.220000000000000195 ) ) ;
#823 = VERTEX_POINT ( 'NONE', #3014 ) ;
#824 = DIRECTION ( 'NONE',  ( 0.0000000000000000000, 0.0000000000000000000, -1.000000000000000000 ) ) ;
#825 = AXIS2_PLACEMENT_3D ( 'NONE', #5987, #9253, #9433 ) ;
#826 = B_SPLINE_CURVE_WITH_KNOTS ( 'NONE', 3,
 ( #5346, #10837, #6293, #644, #11658, #7131, #7004 ),
 .UNSPECIFIED., .F., .F.,
 ( 4, 1, 1, 1, 4 ),
 ( 0.0000000000000000000, 0.2500000000000000000, 0.5000000000000000000, 0.7500000000000000000, 1.000000000000000000 ),
 .UNSPECIFIED. ) ;
#827 = CARTESIAN_POINT ( 'NONE',  ( -2.157361600948406455, -0.03000000000000001277, 1.362067228433177624 ) ) ;
#828 = DIRECTION ( 'NONE',  ( 1.000000000000000000, 0.0000000000000000000, -0.0000000000000000000 ) ) ;
#829 = ORIENTED_EDGE ( 'NONE', *, *, #9116, .F. ) ;
#830 = STYLED_ITEM ( 'NONE', ( #7113 ), #3107 ) ;
#831 = CARTESIAN_POINT ( 'NONE',  ( -0.8750000000000001110, 0.0000000000000000000, 2.220000000000000195 ) ) ;
#832 = EDGE_CURVE ( 'NONE', #4121, #2364, #10307, .T. ) ;
#833 = CARTESIAN_POINT ( 'NONE',  ( -2.100000000000000089, 0.0000000000000000000, 1.755000000000000115 ) ) ;
#834 = CARTESIAN_POINT ( 'NONE',  ( -0.7483565433187380211, 0.8900000000000000133, -0.05978536405281360822 ) ) ;
#835 =( LENGTH_UNIT ( ) NAMED_UNIT ( * ) SI_UNIT ( .MILLI., .METRE. ) );
#836 = CARTESIAN_POINT ( 'NONE',  ( -1.946804083456310064, 0.8999999999999911404, 0.02976371085323930091 ) ) ;
#837 = DIRECTION ( 'NONE',  ( 0.0000000000000000000, 0.0000000000000000000, -1.000000000000000000 ) ) ;
#838 = ORIENTED_EDGE ( 'NONE', *, *, #4345, .T. ) ;
#839 = CARTESIAN_POINT ( 'NONE',  ( -1.125000000000000222, 0.0000000000000000000, -2.500000000000000000 ) ) ;
#840 = EDGE_CURVE ( 'NONE', #10201, #3798, #6081, .T. ) ;
#841 = ORIENTED_EDGE ( 'NONE', *, *, #5107, .F. ) ;
#842 = ORIENTED_EDGE ( 'NONE', *, *, #7445, .T. ) ;
#843 = B_SPLINE_CURVE_WITH_KNOTS ( 'NONE', 3,
 ( #2899, #8321, #3687, #182, #8262, #10248 ),
 .UNSPECIFIED., .F., .F.,
 ( 4, 2, 4 ),
 ( 0.0000000000000000000, 0.5000000000000000000, 1.000000000000000000 ),
 .UNSPECIFIED. ) ;
#844 = DIRECTION ( 'NONE',  ( -0.0000000000000000000, -1.000000000000000000, -0.0000000000000000000 ) ) ;
#845 = DIRECTION ( 'NONE',  ( -1.000000000000000000, 0.0000000000000000000, 0.0000000000000000000 ) ) ;
#846 = DIRECTION ( 'NONE',  ( -1.000000000000000000, 0.0000000000000000000, -0.0000000000000000000 ) ) ;
#847 = CARTESIAN_POINT ( 'NONE',  ( -1.125000000000000222, 0.1000000000000000056, 2.220000000000000195 ) ) ;
#848 = CARTESIAN_POINT ( 'NONE',  ( -2.500447051772229923, 0.1000000000000000056, 0.7083333333333333703 ) ) ;
#849 = CARTESIAN_POINT ( 'NONE',  ( -2.220000000000000195, -0.03000000000000000583, -0.8750000000000000000 ) ) ;
#850 = ORIENTED_EDGE ( 'NONE', *, *, #6869, .T. ) ;
#851 = CARTESIAN_POINT ( 'NONE',  ( -1.375000000000000000, 0.0000000000000000000, 2.500000000000000000 ) ) ;
#852 = CYLINDRICAL_SURFACE ( 'NONE', #2648, 0.1199999999999998845 ) ;
#853 = ORIENTED_EDGE ( 'NONE', *, *, #11582, .F. ) ;
#854 = VERTEX_POINT ( 'NONE', #8571 ) ;
#855 = VECTOR ( 'NONE', #5409, 1000.000000000000000 ) ;
#856 = EDGE_CURVE ( 'NONE', #3682, #11377, #3080, .T. ) ;
#857 = ORIENTED_EDGE ( 'NONE', *, *, #3275, .T. ) ;
#858 = CARTESIAN_POINT ( 'NONE',  ( -2.499999999999999556, 0.9000000000000001332, 1.375000000000000000 ) ) ;
#859 = FACE_OUTER_BOUND ( 'NONE', #4749, .T. ) ;
#860 = CARTESIAN_POINT ( 'NONE',  ( 1.875000000000000000, 0.0000000000000000000, -2.500000000000000000 ) ) ;
#861 = EDGE_LOOP ( 'NONE', ( #1602, #3910, #8920, #10184, #4703 ) ) ;
#862 = CARTESIAN_POINT ( 'NONE',  ( 2.500447051772229923, -0.03000000000000000930, 0.6250000000000000000 ) ) ;
#863 = CARTESIAN_POINT ( 'NONE',  ( 1.914881435987410008, 0.8900000000000000133, 0.3083217570670889751 ) ) ;
#864 = SURFACE_STYLE_USAGE ( .BOTH. , #7991 ) ;
#865 = DIRECTION ( 'NONE',  ( 0.0000000000000000000, 0.0000000000000000000, -1.000000000000000000 ) ) ;
#866 = MECHANICAL_DESIGN_GEOMETRIC_PRESENTATION_REPRESENTATION (  '', ( #1438 ), #3708 ) ;
#867 = FACE_OUTER_BOUND ( 'NONE', #1853, .T. ) ;
#868 = EDGE_CURVE ( 'NONE', #2426, #2967, #7081, .T. ) ;
#869 = EDGE_CURVE ( 'NONE', #3806, #660, #10424, .T. ) ;
#870 = AXIS2_PLACEMENT_3D ( 'NONE', #8026, #2376, #6019 ) ;
#871 = FACE_OUTER_BOUND ( 'NONE', #5293, .T. ) ;
#872 = B_SPLINE_CURVE_WITH_KNOTS ( 'NONE', 3,
 ( #1927, #983, #5740, #10999, #9383, #1219 ),
 .UNSPECIFIED., .F., .F.,
 ( 4, 2, 4 ),
 ( 0.0000000000000000000, 0.5000000000000000000, 1.000000000000000000 ),
 .UNSPECIFIED. ) ;
#873 = ORIENTED_EDGE ( 'NONE', *, *, #9756, .F. ) ;
#874 = CARTESIAN_POINT ( 'NONE',  ( 0.6250000000000000000, 0.0000000000000000000, -2.500000000000000000 ) ) ;
#875 = DIRECTION ( 'NONE',  ( 0.0000000000000000000, -0.0000000000000000000, 1.000000000000000000 ) ) ;
#876 = LINE ( 'NONE', #3610, #3356 ) ;
#877 = LINE ( 'NONE', #4497, #2278 ) ;
#878 = LINE ( 'NONE', #4329, #10243 ) ;
#879 = DIRECTION ( 'NONE',  ( 0.0000000000000000000, -1.000000000000000000, 0.0000000000000000000 ) ) ;
#880 = EDGE_LOOP ( 'NONE', ( #9118, #2498, #8211, #1960, #8829, #5138 ) ) ;
#881 = DIRECTION ( 'NONE',  ( 0.0000000000000000000, -1.000000000000000000, 0.0000000000000000000 ) ) ;
#882 = STYLED_ITEM ( 'NONE', ( #8075 ), #5722 ) ;
#883 = ORIENTED_EDGE ( 'NONE', *, *, #7812, .T. ) ;
#884 = CARTESIAN_POINT ( 'NONE',  ( -1.625000000000000222, 0.0000000000000000000, -2.500000000000000000 ) ) ;
#885 = VERTEX_POINT ( 'NONE', #2236 ) ;
#886 = LINE ( 'NONE', #1063, #9819 ) ;
#887 = ORIENTED_EDGE ( 'NONE', *, *, #1575, .F. ) ;
#888 = DIRECTION ( 'NONE',  ( -1.000000000000000000, 0.0000000000000000000, -0.0000000000000000000 ) ) ;
#889 = CARTESIAN_POINT ( 'NONE',  ( 0.8620672284331777346, -0.0000000000000000000, -2.157361600948406455 ) ) ;
#890 = VECTOR ( 'NONE', #6877, 1000.000000000000000 ) ;
#891 = CARTESIAN_POINT ( 'NONE',  ( 1.745000000000000551, 0.0000000000000000000, 2.100000000000000089 ) ) ;
#892 = B_SPLINE_CURVE_WITH_KNOTS ( 'NONE', 3,
 ( #10062, #6357, #6420, #5466, #9106, #945, #3683, #7319 ),
 .UNSPECIFIED., .F., .F.,
 ( 4, 1, 1, 1, 1, 4 ),
 ( 0.0000000000000000000, 0.2500000000000000000, 0.5000000000000000000, 0.6250000000000000000, 0.7500000000000000000, 1.000000000000000000 ),
 .UNSPECIFIED. ) ;
#893 = CARTESIAN_POINT ( 'NONE',  ( -2.500223525886114739, 0.1000000000000000333, 0.3749999999999995559 ) ) ;
#894 = DIRECTION ( 'NONE',  ( 0.0000000000000000000, -0.0000000000000000000, -1.000000000000000000 ) ) ;
#895 = FACE_OUTER_BOUND ( 'NONE', #8306, .T. ) ;
#896 = EDGE_LOOP ( 'NONE', ( #4066, #9333, #11565, #4013 ) ) ;
#897 = EDGE_CURVE ( 'NONE', #7642, #5208, #1531, .T. ) ;
#898 = EDGE_CURVE ( 'NONE', #3320, #3745, #4042, .T. ) ;
#899 = B_SPLINE_CURVE_WITH_KNOTS ( 'NONE', 3,
 ( #8235, #2757, #10278, #6634 ),
 .UNSPECIFIED., .F., .F.,
 ( 4, 4 ),
 ( 0.0000000000000000000, 1.000000000000000000 ),
 .UNSPECIFIED. ) ;
#900 = PRESENTATION_LAYER_ASSIGNMENT (  '', '', ( #11365 ) ) ;
#901 = EDGE_LOOP ( 'NONE', ( #101, #8888, #4051, #5249 ) ) ;
#902 = ORIENTED_EDGE ( 'NONE', *, *, #11245, .T. ) ;
#903 = VERTEX_POINT ( 'NONE', #5891 ) ;
#904 = CARTESIAN_POINT ( 'NONE',  ( -1.786415926535897869, 0.0000000000000000000, 2.100000000000000089 ) ) ;
#905 = CARTESIAN_POINT ( 'NONE',  ( -1.539442046517550011, 0.8900000000000000133, -0.2901890142345550094 ) ) ;
#906 = VECTOR ( 'NONE', #3385, 1000.000000000000000 ) ;
#907 = CARTESIAN_POINT ( 'NONE',  ( 0.8749999999999998890, 0.06666666666666669350, 2.500105095651770082 ) ) ;
#908 =( NAMED_UNIT ( * ) PLANE_ANGLE_UNIT ( ) SI_UNIT ( $, .RADIAN. ) );
#909 = LINE ( 'NONE', #6977, #10857 ) ;
#910 = ORIENTED_EDGE ( 'NONE', *, *, #11560, .T. ) ;
#911 = CARTESIAN_POINT ( 'NONE',  ( 0.2864159265358980355, 0.0000000000000000000, -2.100000000000000089 ) ) ;
#912 =( LENGTH_UNIT ( ) NAMED_UNIT ( * ) SI_UNIT ( .MILLI., .METRE. ) );
#913 = VERTEX_POINT ( 'NONE', #9528 ) ;
#914 = EDGE_CURVE ( 'NONE', #9418, #5225, #7615, .T. ) ;
#915 = B_SPLINE_CURVE_WITH_KNOTS ( 'NONE', 3,
 ( #8271, #7386, #6249, #10139 ),
 .UNSPECIFIED., .F., .F.,
 ( 4, 4 ),
 ( 0.0000000000000000000, 1.000000000000000000 ),
 .UNSPECIFIED. ) ;
#916 = VECTOR ( 'NONE', #5877, 1000.000000000000000 ) ;
#917 = ORIENTED_EDGE ( 'NONE', *, *, #8053, .T. ) ;
#918 = ORIENTED_EDGE ( 'NONE', *, *, #8116, .T. ) ;
#919 = CARTESIAN_POINT ( 'NONE',  ( 0.6132989648979391140, 0.8900000000000000133, -0.2630111705044270165 ) ) ;
#920 = CARTESIAN_POINT ( 'NONE',  ( 1.833079853516319968, 0.8900000000000000133, -0.3316052058057050167 ) ) ;
#921 = VERTEX_POINT ( 'NONE', #11269 ) ;
#922 = CARTESIAN_POINT ( 'NONE',  ( -2.406666666666666732, 0.0000000000000000000, -1.125000000000000222 ) ) ;
#923 = FILL_AREA_STYLE ('',( #2574 ) ) ;
#924 = CARTESIAN_POINT ( 'NONE',  ( -1.125000000000000222, 0.0000000000000000000, -2.500000000000000000 ) ) ;
#925 = EDGE_CURVE ( 'NONE', #8990, #6436, #8630, .T. ) ;
#926 = CARTESIAN_POINT ( 'NONE',  ( -1.875000000000000000, 0.06666666666666669350, -2.500105095651770082 ) ) ;
#927 = COLOUR_RGB ( '',1.000000000000000000, 1.000000000000000000, 1.000000000000000000 ) ;
#928 = UNCERTAINTY_MEASURE_WITH_UNIT (LENGTH_MEASURE( 1.000000000000000082E-05 ), #4296, 'distance_accuracy_value', 'NONE');
#929 = ORIENTED_EDGE ( 'NONE', *, *, #5081, .T. ) ;
#930 = CARTESIAN_POINT ( 'NONE',  ( -2.100000000000000089, 0.0000000000000000000, -0.2864159265358970918 ) ) ;
#931 = ORIENTED_EDGE ( 'NONE', *, *, #8397, .T. ) ;
#932 = CARTESIAN_POINT ( 'NONE',  ( -1.137932771566823043, -0.03000000000000001277, 2.157361600948406455 ) ) ;
#933 = CARTESIAN_POINT ( 'NONE',  ( 2.500000000000000000, 0.0000000000000000000, 2.291666666666666519 ) ) ;
#934 = AXIS2_PLACEMENT_3D ( 'NONE', #6394, #6515, #5738 ) ;
#935 =( LENGTH_UNIT ( ) NAMED_UNIT ( * ) SI_UNIT ( .MILLI., .METRE. ) );
#936 = ADVANCED_FACE ( 'NONE', ( #4100 ), #1310, .F. ) ;
#937 = CARTESIAN_POINT ( 'NONE',  ( -1.875000000000000000, 0.03333333333333333287, 2.500105095651770082 ) ) ;
#938 = EDGE_CURVE ( 'NONE', #7730, #10283, #11355, .T. ) ;
#939 = CARTESIAN_POINT ( 'NONE',  ( -2.500000000000000000, 0.0000000000000000000, -2.500000000000000000 ) ) ;
#940 = VECTOR ( 'NONE', #1999, 1000.000000000000000 ) ;
#941 = ORIENTED_EDGE ( 'NONE', *, *, #840, .F. ) ;
#942 = CARTESIAN_POINT ( 'NONE',  ( -2.112932771566822687, -0.03000000000000000930, 1.317638399051593412 ) ) ;
#943 = ORIENTED_EDGE ( 'NONE', *, *, #5749, .T. ) ;
#944 = B_SPLINE_CURVE_WITH_KNOTS ( 'NONE', 3,
 ( #10296, #1943, #9275, #1235 ),
 .UNSPECIFIED., .F., .F.,
 ( 4, 4 ),
 ( 0.0000000000000000000, 1.000000000000000000 ),
 .UNSPECIFIED. ) ;
#945 = CARTESIAN_POINT ( 'NONE',  ( 0.4750702165680489863, 0.8900000000000000133, 0.1642817346680010004 ) ) ;
#946 = VERTEX_POINT ( 'NONE', #9467 ) ;
#947 = CARTESIAN_POINT ( 'NONE',  ( 1.446694957894780309, 0.0000000000000000000, 1.750000000000000222 ) ) ;
#948 = CARTESIAN_POINT ( 'NONE',  ( 0.8750000000000000000, 0.0000000000000000000, -2.188584073464102442 ) ) ;
#949 = PLANE ( 'NONE',  #2765 ) ;
#950 = MECHANICAL_DESIGN_GEOMETRIC_PRESENTATION_REPRESENTATION (  '', ( #4750 ), #1333 ) ;
#951 = CARTESIAN_POINT ( 'NONE',  ( 1.182361600948406366, -0.0000000000000000000, 2.112932771566822687 ) ) ;
#952 = VERTEX_POINT ( 'NONE', #7779 ) ;
#953 = CARTESIAN_POINT ( 'NONE',  ( 0.1250000000000001110, 0.06666666666666669350, 2.500000000000000000 ) ) ;
#954 = EDGE_CURVE ( 'NONE', #1521, #3372, #8742, .T. ) ;
#955 = VECTOR ( 'NONE', #5289, 1000.000000000000000 ) ;
#956 = LINE ( 'NONE', #11033, #9988 ) ;
#957 = VECTOR ( 'NONE', #9017, 1000.000000000000000 ) ;
#958 = EDGE_LOOP ( 'NONE', ( #2798, #4642, #4784, #1965 ) ) ;
#959 = VECTOR ( 'NONE', #11396, 1000.000000000000000 ) ;
#960 = EDGE_LOOP ( 'NONE', ( #3023, #6059, #4538, #695, #5334 ) ) ;
#961 = EDGE_CURVE ( 'NONE', #4286, #1660, #6517, .T. ) ;
#962 = DIRECTION ( 'NONE',  ( 0.0000000000000000000, -1.000000000000000000, 0.0000000000000000000 ) ) ;
#963 = VECTOR ( 'NONE', #2464, 1000.000000000000000 ) ;
#964 = SURFACE_SIDE_STYLE ('',( #9123 ) ) ;
#965 = CARTESIAN_POINT ( 'NONE',  ( 1.245000000000000329, 0.1000000000000000056, 2.100000000000000089 ) ) ;
#966 = CARTESIAN_POINT ( 'NONE',  ( 0.8749999999999998890, 0.1000000000000000194, 2.500052547825884819 ) ) ;
#967 = UNCERTAINTY_MEASURE_WITH_UNIT (LENGTH_MEASURE( 1.000000000000000082E-05 ), #9456, 'distance_accuracy_value', 'NONE');
#968 = CARTESIAN_POINT ( 'NONE',  ( 1.639653194964890037, 0.8900000000000000133, 0.3083217570670889751 ) ) ;
#969 = EDGE_CURVE ( 'NONE', #6847, #9792, #9636, .T. ) ;
#970 = AXIS2_PLACEMENT_3D ( 'NONE', #3627, #4576, #245 ) ;
#971 = MECHANICAL_DESIGN_GEOMETRIC_PRESENTATION_REPRESENTATION (  '', ( #4192 ), #411 ) ;
#972 = CARTESIAN_POINT ( 'NONE',  ( 2.112932771566821799, -0.03000000000000000930, 0.1823616009484066991 ) ) ;
#973 = B_SPLINE_CURVE_WITH_KNOTS ( 'NONE', 3,
 ( #4040, #10357, #5100, #8628 ),
 .UNSPECIFIED., .F., .F.,
 ( 4, 4 ),
 ( 0.0000000000000000000, 1.000000000000000000 ),
 .UNSPECIFIED. ) ;
#974 = ORIENTED_EDGE ( 'NONE', *, *, #6213, .T. ) ;
#975 = B_SPLINE_CURVE_WITH_KNOTS ( 'NONE', 3,
 ( #2317, #2257, #11445, #5845 ),
 .UNSPECIFIED., .F., .F.,
 ( 4, 4 ),
 ( 0.0000000000000000000, 1.000000000000000000 ),
 .UNSPECIFIED. ) ;
#976 = ORIENTED_EDGE ( 'NONE', *, *, #6685, .F. ) ;
#977 = SURFACE_STYLE_USAGE ( .BOTH. , #3827 ) ;
#978 = PLANE ( 'NONE',  #10405 ) ;
#979 = CARTESIAN_POINT ( 'NONE',  ( -2.499999999999999556, 0.0000000000000000000, 0.6250000000000000000 ) ) ;
#980 = ORIENTED_EDGE ( 'NONE', *, *, #6297, .T. ) ;
#981 = CARTESIAN_POINT ( 'NONE',  ( 0.7864159265358980910, -0.03000000000000000930, 2.100000000000000089 ) ) ;
#982 = SURFACE_STYLE_FILL_AREA ( #923 ) ;
#983 = CARTESIAN_POINT ( 'NONE',  ( 2.188584073464102442, -0.03000000000000000930, -0.8750000000000000000 ) ) ;
#984 = EDGE_CURVE ( 'NONE', #4507, #10765, #6895, .T. ) ;
#985 = CARTESIAN_POINT ( 'NONE',  ( -0.2483333333333336834, 0.0000000000000000000, -2.100000000000000089 ) ) ;
#986 = CARTESIAN_POINT ( 'NONE',  ( 0.3154900787141289853, 0.8900000000000000133, -0.04018706825244849901 ) ) ;
#987 = ORIENTED_EDGE ( 'NONE', *, *, #9917, .T. ) ;
#988 = CARTESIAN_POINT ( 'NONE',  ( 2.100000000000000089, -0.03000000000000000583, -1.245000000000000329 ) ) ;
#989 = CARTESIAN_POINT ( 'NONE',  ( 2.313333333333333464, 0.0000000000000000000, -1.875000000000000000 ) ) ;
#990 = ORIENTED_EDGE ( 'NONE', *, *, #2706, .F. ) ;
#991 = ORIENTED_EDGE ( 'NONE', *, *, #810, .T. ) ;
#992 = CARTESIAN_POINT ( 'NONE',  ( -0.5664332323023040239, 0.9000000000000001332, 0.3083217570670889751 ) ) ;
#993 = AXIS2_PLACEMENT_3D ( 'NONE', #8340, #2425, #2319 ) ;
#994 = DIRECTION ( 'NONE',  ( -0.0000000000000000000, -1.000000000000000000, -0.0000000000000000000 ) ) ;
#995 =( NAMED_UNIT ( * ) PLANE_ANGLE_UNIT ( ) SI_UNIT ( $, .RADIAN. ) );
#996 = CARTESIAN_POINT ( 'NONE',  ( -0.7549999999999990052, 0.0000000000000000000, -2.100000000000000089 ) ) ;
#997 = DIRECTION ( 'NONE',  ( 0.0000000000000000000, 0.0000000000000000000, 1.000000000000000000 ) ) ;
#998 = LINE ( 'NONE', #4445, #4011 ) ;
#999 = ORIENTED_EDGE ( 'NONE', *, *, #347, .F. ) ;
#1000 = AXIS2_PLACEMENT_3D ( 'NONE', #6598, #2056, #5694 ) ;
#1001 = LINE ( 'NONE', #8995, #8059 ) ;
#1002 = CARTESIAN_POINT ( 'NONE',  ( 0.1250000000000000000, 0.0000000000000000000, -2.220000000000000195 ) ) ;
#1003 = LINE ( 'NONE', #6235, #5447 ) ;
#1004 = EDGE_CURVE ( 'NONE', #6545, #2473, #4643, .T. ) ;
#1005 = ORIENTED_EDGE ( 'NONE', *, *, #4133, .F. ) ;
#1006 = CARTESIAN_POINT ( 'NONE',  ( 0.7450000000000009948, -0.03000000000000000583, -2.100000000000000089 ) ) ;
#1007 = SURFACE_STYLE_FILL_AREA ( #2063 ) ;
#1008 = LINE ( 'NONE', #9170, #1706 ) ;
#1009 = CYLINDRICAL_SURFACE ( 'NONE', #3984, 0.1499999999999999667 ) ;
#1010 =( NAMED_UNIT ( * ) SI_UNIT ( $, .STERADIAN. ) SOLID_ANGLE_UNIT ( ) );
#1011 = CARTESIAN_POINT ( 'NONE',  ( -1.957042545438659964, 0.8900000000000000133, 0.1842460304177150066 ) ) ;
#1012 = VECTOR ( 'NONE', #10356, 1000.000000000000000 ) ;
#1013 = LINE ( 'NONE', #8325, #8216 ) ;
#1014 = ORIENTED_EDGE ( 'NONE', *, *, #10624, .F. ) ;
#1015 = EDGE_LOOP ( 'NONE', ( #11325, #3761, #568, #2821, #918, #8395 ) ) ;
#1016 = VECTOR ( 'NONE', #5752, 1000.000000000000000 ) ;
#1017 = EDGE_CURVE ( 'NONE', #4121, #1287, #1585, .T. ) ;
#1018 = ORIENTED_EDGE ( 'NONE', *, *, #9277, .F. ) ;
#1019 = VERTEX_POINT ( 'NONE', #2527 ) ;
#1020 = B_SPLINE_CURVE_WITH_KNOTS ( 'NONE', 3,
 ( #7172, #10753, #6212, #10820, #9924, #9861 ),
 .UNSPECIFIED., .F., .F.,
 ( 4, 2, 4 ),
 ( 0.0000000000000000000, 0.5000000000000000000, 1.000000000000000000 ),
 .UNSPECIFIED. ) ;
#1021 = FACE_OUTER_BOUND ( 'NONE', #9929, .T. ) ;
#1022 = SURFACE_STYLE_USAGE ( .BOTH. , #964 ) ;
#1023 = DIRECTION ( 'NONE',  ( 0.0000000000000000000, -1.000000000000000000, -0.0000000000000000000 ) ) ;
#1024 = CARTESIAN_POINT ( 'NONE',  ( 1.117017877582721530, 0.9000000000000003553, 0.09670054027766018800 ) ) ;
#1025 = CARTESIAN_POINT ( 'NONE',  ( 0.6250000000000000000, 0.0000000000000000000, 2.500000000000000000 ) ) ;
#1026 = CARTESIAN_POINT ( 'NONE',  ( -1.625000000000000222, -0.03000000000000000930, 2.500105095651770082 ) ) ;
#1027 = ORIENTED_EDGE ( 'NONE', *, *, #8040, .T. ) ;
#1028 = STYLED_ITEM ( 'NONE', ( #7526 ), #3172 ) ;
#1029 =( NAMED_UNIT ( * ) SI_UNIT ( $, .STERADIAN. ) SOLID_ANGLE_UNIT ( ) );
#1030 = EDGE_CURVE ( 'NONE', #7638, #9268, #7065, .T. ) ;
#1031 = ORIENTED_EDGE ( 'NONE', *, *, #4780, .F. ) ;
#1032 = ORIENTED_EDGE ( 'NONE', *, *, #6352, .F. ) ;
#1033 = FACE_OUTER_BOUND ( 'NONE', #11632, .T. ) ;
#1034 = EDGE_CURVE ( 'NONE', #2442, #1097, #2589, .T. ) ;
#1035 = EDGE_LOOP ( 'NONE', ( #4661, #2939, #5801, #5594 ) ) ;
#1036 = CARTESIAN_POINT ( 'NONE',  ( 1.251666666666666483, 0.0000000000000000000, 2.100000000000000089 ) ) ;
#1037 = DIRECTION ( 'NONE',  ( 1.000000000000000000, 0.0000000000000000000, -0.0000000000000000000 ) ) ;
#1038 = VERTEX_POINT ( 'NONE', #9813 ) ;
#1039 = LINE ( 'NONE', #271, #11218 ) ;
#1040 = DIRECTION ( 'NONE',  ( 0.0000000000000000000, 1.000000000000000000, 0.0000000000000000000 ) ) ;
#1041 = CARTESIAN_POINT ( 'NONE',  ( -2.157361600948405123, -0.03000000000000001277, 0.3620672284331774571 ) ) ;
#1042 = ORIENTED_EDGE ( 'NONE', *, *, #2081, .F. ) ;
#1043 = DIRECTION ( 'NONE',  ( 0.0000000000000000000, 0.0000000000000000000, 1.000000000000000000 ) ) ;
#1044 = DIRECTION ( 'NONE',  ( -0.5579391863233837956, 0.0000000000000000000, -0.8298818375918347590 ) ) ;
#1045 = EDGE_CURVE ( 'NONE', #8197, #6725, #6226, .T. ) ;
#1046 =( GEOMETRIC_REPRESENTATION_CONTEXT ( 3 ) GLOBAL_UNCERTAINTY_ASSIGNED_CONTEXT ( ( #5166 ) ) GLOBAL_UNIT_ASSIGNED_CONTEXT ( ( #3630, #9175, #127 ) ) REPRESENTATION_CONTEXT ( 'NONE', 'WORKASPACE' ) );
#1047 = B_SPLINE_CURVE_WITH_KNOTS ( 'NONE', 3,
 ( #8669, #4902, #511, #7760, #10408, #11360 ),
 .UNSPECIFIED., .F., .F.,
 ( 4, 2, 4 ),
 ( 0.0000000000000000000, 0.5000000000000000000, 1.000000000000000000 ),
 .UNSPECIFIED. ) ;
#1048 = ORIENTED_EDGE ( 'NONE', *, *, #7848, .T. ) ;
#1049 = EDGE_CURVE ( 'NONE', #8783, #5731, #1640, .T. ) ;
#1050 = LINE ( 'NONE', #3720, #1907 ) ;
#1051 = ORIENTED_EDGE ( 'NONE', *, *, #2015, .T. ) ;
#1052 = VERTEX_POINT ( 'NONE', #8061 ) ;
#1053 =( GEOMETRIC_REPRESENTATION_CONTEXT ( 3 ) GLOBAL_UNCERTAINTY_ASSIGNED_CONTEXT ( ( #9583 ) ) GLOBAL_UNIT_ASSIGNED_CONTEXT ( ( #2835, #5638, #8563 ) ) REPRESENTATION_CONTEXT ( 'NONE', 'WORKASPACE' ) );
#1054 = CARTESIAN_POINT ( 'NONE',  ( 1.541666666666666741, 0.0000000000000000000, -2.500000000000000000 ) ) ;
#1055 = DIRECTION ( 'NONE',  ( -1.000000000000000000, 0.0000000000000000000, 0.0000000000000000000 ) ) ;
#1056 = CYLINDRICAL_SURFACE ( 'NONE', #7373, 0.1199999999999998845 ) ;
#1057 = CARTESIAN_POINT ( 'NONE',  ( 1.665482921560889951, 0.9000000000000001332, 0.2167436354994529968 ) ) ;
#1058 = ORIENTED_EDGE ( 'NONE', *, *, #4674, .F. ) ;
#1059 = VECTOR ( 'NONE', #2554, 1000.000000000000000 ) ;
#1060 = EDGE_CURVE ( 'NONE', #7981, #885, #8860, .T. ) ;
#1061 = FILL_AREA_STYLE_COLOUR ( '', #3327 ) ;
#1062 = CARTESIAN_POINT ( 'NONE',  ( -1.668613946857949948, 0.8999999999999993561, 0.2384770468886940054 ) ) ;
#1063 = CARTESIAN_POINT ( 'NONE',  ( 0.6789106508382920513, 0.8950000000000000178, -0.2161456805470310383 ) ) ;
#1064 = ORIENTED_EDGE ( 'NONE', *, *, #11317, .F. ) ;
#1065 = DIRECTION ( 'NONE',  ( 0.0000000000000000000, 0.0000000000000000000, -1.000000000000000000 ) ) ;
#1066 = DIRECTION ( 'NONE',  ( 0.0000000000000000000, 0.0000000000000000000, -1.000000000000000000 ) ) ;
#1067 = DIRECTION ( 'NONE',  ( -1.000000000000000000, 0.0000000000000000000, 0.0000000000000000000 ) ) ;
#1068 = ORIENTED_EDGE ( 'NONE', *, *, #9595, .F. ) ;
#1069 = DIRECTION ( 'NONE',  ( 0.0000000000000000000, 0.0000000000000000000, -1.000000000000000000 ) ) ;
#1070 =( GEOMETRIC_REPRESENTATION_CONTEXT ( 3 ) GLOBAL_UNCERTAINTY_ASSIGNED_CONTEXT ( ( #11769 ) ) GLOBAL_UNIT_ASSIGNED_CONTEXT ( ( #7478, #7654, #1934 ) ) REPRESENTATION_CONTEXT ( 'NONE', 'WORKASPACE' ) );
#1071 = CARTESIAN_POINT ( 'NONE',  ( 2.220000000000000195, 0.1000000000000000056, -1.745000000000000329 ) ) ;
#1072 = VERTEX_POINT ( 'NONE', #10652 ) ;
#1073 = ADVANCED_FACE ( 'NONE', ( #7948 ), #9992, .F. ) ;
#1074 = LINE ( 'NONE', #6056, #10562 ) ;
#1075 = VERTEX_POINT ( 'NONE', #8125 ) ;
#1076 = EDGE_LOOP ( 'NONE', ( #2377, #4462, #10923, #8851, #5284, #4613 ) ) ;
#1077 = EDGE_LOOP ( 'NONE', ( #11095, #10216, #4406, #1374 ) ) ;
#1078 = CARTESIAN_POINT ( 'NONE',  ( 2.500447051772229923, 0.1000000000000000056, 0.7083333333333333703 ) ) ;
#1079 = DIRECTION ( 'NONE',  ( -0.0000000000000000000, 1.000000000000000000, -0.0000000000000000000 ) ) ;
#1080 = CARTESIAN_POINT ( 'NONE',  ( 0.9742212868465498499, 0.9000000000000002442, 0.2856621534439928167 ) ) ;
#1081 = CARTESIAN_POINT ( 'NONE',  ( -2.500223525886114739, 0.1000000000000000333, 1.375000000000000000 ) ) ;
#1082 = CARTESIAN_POINT ( 'NONE',  ( -0.2083333333333333148, 0.1000000000000000056, -2.500105095651770082 ) ) ;
#1083 = VERTEX_POINT ( 'NONE', #1707 ) ;
#1084 = EDGE_CURVE ( 'NONE', #9870, #2115, #3436, .T. ) ;
#1085 = EDGE_CURVE ( 'NONE', #7560, #8006, #11782, .T. ) ;
#1086 = VERTEX_POINT ( 'NONE', #8988 ) ;
#1087 = ORIENTED_EDGE ( 'NONE', *, *, #8621, .F. ) ;
#1088 = CARTESIAN_POINT ( 'NONE',  ( -2.220000000000000195, -0.03000000000000000930, -0.6250000000000000000 ) ) ;
#1089 = VERTEX_POINT ( 'NONE', #760 ) ;
#1090 = B_SPLINE_CURVE_WITH_KNOTS ( 'NONE', 3,
 ( #10565, #5247, #3065, #6709, #6923, #2382 ),
 .UNSPECIFIED., .F., .F.,
 ( 4, 2, 4 ),
 ( 0.0000000000000000000, 0.5000000000000000000, 1.000000000000000000 ),
 .UNSPECIFIED. ) ;
#1091 = CARTESIAN_POINT ( 'NONE',  ( 1.817638399051593634, -0.0000000000000000000, -2.112932771566822687 ) ) ;
#1092 = LINE ( 'NONE', #9435, #8429 ) ;
#1093 = DIRECTION ( 'NONE',  ( 1.000000000000000000, 0.0000000000000000000, -0.0000000000000000000 ) ) ;
#1094 = CARTESIAN_POINT ( 'NONE',  ( -2.500000000000000000, 0.0000000000000000000, -1.125000000000000222 ) ) ;
#1095 =( NAMED_UNIT ( * ) PLANE_ANGLE_UNIT ( ) SI_UNIT ( $, .RADIAN. ) );
#1096 = CARTESIAN_POINT ( 'NONE',  ( 0.7549999999999997824, -0.03000000000000000583, 2.100000000000000089 ) ) ;
#1097 = VERTEX_POINT ( 'NONE', #819 ) ;
#1098 = EDGE_CURVE ( 'NONE', #1086, #9823, #4441, .T. ) ;
#1099 = CARTESIAN_POINT ( 'NONE',  ( 2.157361600948406011, -0.0000000000000000000, 1.637932771566822598 ) ) ;
#1100 = VECTOR ( 'NONE', #6036, 1000.000000000000000 ) ;
#1101 = ORIENTED_EDGE ( 'NONE', *, *, #9773, .F. ) ;
#1102 = DIRECTION ( 'NONE',  ( 0.0000000000000000000, 0.0000000000000000000, -1.000000000000000000 ) ) ;
#1103 = ORIENTED_EDGE ( 'NONE', *, *, #11586, .F. ) ;
#1104 = VERTEX_POINT ( 'NONE', #7186 ) ;
#1105 = CARTESIAN_POINT ( 'NONE',  ( 0.2516666666666663166, 0.0000000000000000000, 2.100000000000000089 ) ) ;
#1106 = PRESENTATION_LAYER_ASSIGNMENT (  '', '', ( #11766 ) ) ;
#1107 = CARTESIAN_POINT ( 'NONE',  ( 0.8750000000000001110, 0.0000000000000000000, -2.500000000000000000 ) ) ;
#1108 = CARTESIAN_POINT ( 'NONE',  ( 1.872859023482720264, 0.8899999999999997913, 0.1249850370245180059 ) ) ;
#1109 = DIRECTION ( 'NONE',  ( -0.0000000000000000000, -1.000000000000000000, -0.0000000000000000000 ) ) ;
#1110 = SURFACE_STYLE_USAGE ( .BOTH. , #9161 ) ;
#1111 = EDGE_CURVE ( 'NONE', #7840, #6231, #9936, .T. ) ;
#1112 = FACE_OUTER_BOUND ( 'NONE', #2487, .T. ) ;
#1113 = B_SPLINE_CURVE_WITH_KNOTS ( 'NONE', 3,
 ( #9276, #110, #2946, #1177, #4729, #2057 ),
 .UNSPECIFIED., .F., .F.,
 ( 4, 2, 4 ),
 ( 0.0000000000000000000, 0.5000000000000000000, 1.000000000000000000 ),
 .UNSPECIFIED. ) ;
#1114 = ORIENTED_EDGE ( 'NONE', *, *, #2964, .F. ) ;
#1115 = CARTESIAN_POINT ( 'NONE',  ( -0.6478087648646909669, 0.8900000000000000133, -0.3316052058057049612 ) ) ;
#1116 = B_SPLINE_CURVE_WITH_KNOTS ( 'NONE', 3,
 ( #11616, #7908, #1846, #781 ),
 .UNSPECIFIED., .F., .F.,
 ( 4, 4 ),
 ( 0.0000000000000000000, 1.000000000000000000 ),
 .UNSPECIFIED. ) ;
#1117 = VECTOR ( 'NONE', #9202, 1000.000000000000000 ) ;
#1118 = CARTESIAN_POINT ( 'NONE',  ( -1.636670602965730303, 0.8950000000000001288, 0.1161732482417700135 ) ) ;
#1119 = CARTESIAN_POINT ( 'NONE',  ( 2.500000000000000000, 0.9000000000000001332, 0.1250000000000001110 ) ) ;
#1120 = EDGE_LOOP ( 'NONE', ( #2682, #2906, #8138, #11177 ) ) ;
#1121 = LINE ( 'NONE', #2121, #6998 ) ;
#1122 = DIRECTION ( 'NONE',  ( 0.9850533084924693039, 0.0000000000000000000, 0.1722497588620659215 ) ) ;
#1123 = B_SPLINE_CURVE_WITH_KNOTS ( 'NONE', 3,
 ( #9254, #9973, #215, #1091, #8416, #269 ),
 .UNSPECIFIED., .F., .F.,
 ( 4, 2, 4 ),
 ( 0.0000000000000000000, 0.5000000000000000000, 1.000000000000000000 ),
 .UNSPECIFIED. ) ;
#1124 = CARTESIAN_POINT ( 'NONE',  ( 0.01512489307809719921, 0.8900000000000000133, -0.04018706825244849901 ) ) ;
#1125 = CARTESIAN_POINT ( 'NONE',  ( 2.100000000000000089, 0.0000000000000000000, -0.7450000000000009948 ) ) ;
#1126 = CARTESIAN_POINT ( 'NONE',  ( 2.100000000000000089, -0.03000000000000000583, -1.245000000000000329 ) ) ;
#1127 = CARTESIAN_POINT ( 'NONE',  ( 0.4750702165680489863, 0.8999999999999990230, 0.1642817346680010004 ) ) ;
#1128 = CARTESIAN_POINT ( 'NONE',  ( 1.625000000000000222, -0.03000000000000000930, 2.500105095651770082 ) ) ;
#1129 = VERTEX_POINT ( 'NONE', #5404 ) ;
#1130 = VECTOR ( 'NONE', #3523, 1000.000000000000000 ) ;
#1131 = CARTESIAN_POINT ( 'NONE',  ( -0.2450000000000005784, 0.0000000000000000000, 2.100000000000000089 ) ) ;
#1132 = ORIENTED_EDGE ( 'NONE', *, *, #7513, .F. ) ;
#1133 = LINE ( 'NONE', #7501, #5047 ) ;
#1134 = ORIENTED_EDGE ( 'NONE', *, *, #9898, .F. ) ;
#1135 = PRESENTATION_LAYER_ASSIGNMENT (  '', '', ( #6265 ) ) ;
#1136 = VERTEX_POINT ( 'NONE', #10899 ) ;
#1137 = EDGE_CURVE ( 'NONE', #3103, #6600, #877, .T. ) ;
#1138 = DIRECTION ( 'NONE',  ( 0.0000000000000000000, -1.000000000000000000, 0.0000000000000000000 ) ) ;
#1139 = CARTESIAN_POINT ( 'NONE',  ( -0.1250000000000000555, 0.1000000000000000194, 2.500052547825884819 ) ) ;
#1140 = CARTESIAN_POINT ( 'NONE',  ( -0.2450000000000005784, 0.0000000000000000000, 2.100000000000000089 ) ) ;
#1141 = CARTESIAN_POINT ( 'NONE',  ( 1.049963547632896121, 0.9000000000000002442, -0.2460528646144106435 ) ) ;
#1142 = CARTESIAN_POINT ( 'NONE',  ( -1.669582122333699958, 0.8900000000000000133, 0.3284672642466620052 ) ) ;
#1143 = CARTESIAN_POINT ( 'NONE',  ( -1.375000000000000000, 0.0000000000000000000, 2.406666666666666732 ) ) ;
#1144 = VERTEX_POINT ( 'NONE', #11540 ) ;
#1145 = B_SPLINE_CURVE_WITH_KNOTS ( 'NONE', 3,
 ( #10668, #7904, #11556, #9000, #2480, #9057 ),
 .UNSPECIFIED., .F., .F.,
 ( 4, 2, 4 ),
 ( 0.0000000000000000000, 0.5000000000000000000, 1.000000000000000000 ),
 .UNSPECIFIED. ) ;
#1146 = DIRECTION ( 'NONE',  ( -0.0000000000000000000, -1.000000000000000000, -0.0000000000000000000 ) ) ;
#1147 = VECTOR ( 'NONE', #1329, 1000.000000000000000 ) ;
#1148 = ORIENTED_EDGE ( 'NONE', *, *, #9671, .T. ) ;
#1149 = ORIENTED_EDGE ( 'NONE', *, *, #4718, .F. ) ;
#1150 = PLANE ( 'NONE',  #7883 ) ;
#1151 =( GEOMETRIC_REPRESENTATION_CONTEXT ( 3 ) GLOBAL_UNCERTAINTY_ASSIGNED_CONTEXT ( ( #8021 ) ) GLOBAL_UNIT_ASSIGNED_CONTEXT ( ( #108, #5518, #10117 ) ) REPRESENTATION_CONTEXT ( 'NONE', 'WORKASPACE' ) );
#1152 = CARTESIAN_POINT ( 'NONE',  ( -1.750000000000000000, -0.03000000000000000236, 1.750000000000000000 ) ) ;
#1153 = LINE ( 'NONE', #4768, #1533 ) ;
#1154 = VECTOR ( 'NONE', #434, 1000.000000000000000 ) ;
#1155 = DIRECTION ( 'NONE',  ( 0.2549369136994391605, 0.0000000000000000000, 0.9669576878195884628 ) ) ;
#1156 = CARTESIAN_POINT ( 'NONE',  ( -2.100000000000000089, 0.0000000000000000000, 0.2135840734641029082 ) ) ;
#1157 = CARTESIAN_POINT ( 'NONE',  ( -2.100000000000000089, 0.0000000000000000000, -1.254999999999999893 ) ) ;
#1158 = ORIENTED_EDGE ( 'NONE', *, *, #3418, .F. ) ;
#1159 = CARTESIAN_POINT ( 'NONE',  ( -0.2450000000000004396, 0.0000000000000000000, -2.100000000000000089 ) ) ;
#1160 = CARTESIAN_POINT ( 'NONE',  ( 2.500000000000000000, 0.9000000000000001332, -0.3749999999999998890 ) ) ;
#1161 = VECTOR ( 'NONE', #6633, 1000.000000000000000 ) ;
#1162 = UNCERTAINTY_MEASURE_WITH_UNIT (LENGTH_MEASURE( 1.000000000000000082E-05 ), #8755, 'distance_accuracy_value', 'NONE');
#1163 = ORIENTED_EDGE ( 'NONE', *, *, #7119, .F. ) ;
#1164 = ORIENTED_EDGE ( 'NONE', *, *, #7822, .F. ) ;
#1165 = LINE ( 'NONE', #5683, #8363 ) ;
#1166 = CARTESIAN_POINT ( 'NONE',  ( 1.349513207137740034, 0.8900000000000000133, -0.3316052058057050167 ) ) ;
#1167 = CARTESIAN_POINT ( 'NONE',  ( -2.500000000000000000, 0.9000000000000001332, -0.1250000000000001110 ) ) ;
#1168 = EDGE_CURVE ( 'NONE', #921, #1423, #7253, .T. ) ;
#1169 = ORIENTED_EDGE ( 'NONE', *, *, #725, .T. ) ;
#1170 = DIRECTION ( 'NONE',  ( 0.9850533084924683047, 0.0000000000000000000, 0.1722497588620720277 ) ) ;
#1171 = LINE ( 'NONE', #3840, #1016 ) ;
#1172 = DIRECTION ( 'NONE',  ( 0.0000000000000000000, 0.0000000000000000000, 1.000000000000000000 ) ) ;
#1173 = SURFACE_SIDE_STYLE ('',( #3843 ) ) ;
#1174 = B_SPLINE_SURFACE_WITH_KNOTS ( 'NONE', 3, 1, ( 
 ( #8496, #2777 ),
 ( #235, #3845 ),
 ( #6411, #5580 ),
 ( #7485, #10055 ),
 ( #2945, #1057 ),
 ( #3731, #5521 ) ),
 .UNSPECIFIED., .F., .F., .F.,
 ( 4, 1, 1, 4 ),
 ( 2, 2 ),
 ( 0.0000000000000000000, 0.2500000000000000000, 0.5000000000000000000, 1.000000000000000000 ),
 ( 0.0000000000000000000, 1.000000000000000000 ),
 .UNSPECIFIED. ) ;
#1175 = CARTESIAN_POINT ( 'NONE',  ( 2.220000000000000195, -0.03000000000000000583, -1.375000000000000000 ) ) ;
#1176 = CARTESIAN_POINT ( 'NONE',  ( 0.3623593114750309763, 0.9000000000000001332, 0.07326250548071279456 ) ) ;
#1177 = CARTESIAN_POINT ( 'NONE',  ( 2.157361600948405567, -0.03000000000000000930, -0.1379327715668225707 ) ) ;
#1178 = VERTEX_POINT ( 'NONE', #9751 ) ;
#1179 = EDGE_CURVE ( 'NONE', #10271, #6614, #11186, .T. ) ;
#1180 =( NAMED_UNIT ( * ) PLANE_ANGLE_UNIT ( ) SI_UNIT ( $, .RADIAN. ) );
#1181 = FACE_BOUND ( 'NONE', #7954, .T. ) ;
#1182 = DIRECTION ( 'NONE',  ( 0.0000000000000000000, 0.0000000000000000000, -1.000000000000000000 ) ) ;
#1183 = ADVANCED_FACE ( 'NONE', ( #3785 ), #5633, .T. ) ;
#1184 = CARTESIAN_POINT ( 'NONE',  ( 0.7364273885132771591, 0.8950000000000000178, -0.2532120226042440247 ) ) ;
#1185 = DIRECTION ( 'NONE',  ( -1.000000000000000000, 0.0000000000000000000, -0.0000000000000000000 ) ) ;
#1186 = CARTESIAN_POINT ( 'NONE',  ( -1.410606984780609974, 0.8900000000000001243, -0.2390209085690840063 ) ) ;
#1187 = CARTESIAN_POINT ( 'NONE',  ( 0.6250000000000000000, 0.0000000000000000000, -2.220000000000000195 ) ) ;
#1188 = DIRECTION ( 'NONE',  ( 0.0000000000000000000, 1.000000000000000000, 0.0000000000000000000 ) ) ;
#1189 = CARTESIAN_POINT ( 'NONE',  ( -2.157361600948406455, -0.03000000000000001277, -1.137932771566823043 ) ) ;
#1190 = ORIENTED_EDGE ( 'NONE', *, *, #8925, .F. ) ;
#1191 = AXIS2_PLACEMENT_3D ( 'NONE', #3495, #879, #8863 ) ;
#1192 = ADVANCED_FACE ( 'NONE', ( #8252 ), #5578, .T. ) ;
#1193 = B_SPLINE_CURVE_WITH_KNOTS ( 'NONE', 3,
 ( #11510, #10799, #5186, #8029, #11625, #1734 ),
 .UNSPECIFIED., .F., .F.,
 ( 4, 2, 4 ),
 ( 0.0000000000000000000, 0.5000000000000000000, 1.000000000000000000 ),
 .UNSPECIFIED. ) ;
#1194 = DIRECTION ( 'NONE',  ( 0.0000000000000000000, -1.000000000000000000, -0.0000000000000000000 ) ) ;
#1195 = ORIENTED_EDGE ( 'NONE', *, *, #10214, .F. ) ;
#1196 = CARTESIAN_POINT ( 'NONE',  ( 0.6397158791221559948, 0.9000000000000001332, -0.1806358873683099886 ) ) ;
#1197 = ADVANCED_FACE ( 'NONE', ( #9098 ), #8191, .F. ) ;
#1198 = ORIENTED_EDGE ( 'NONE', *, *, #9596, .F. ) ;
#1199 = ORIENTED_EDGE ( 'NONE', *, *, #2797, .F. ) ;
#1200 = VECTOR ( 'NONE', #9493, 1000.000000000000000 ) ;
#1201 = FACE_OUTER_BOUND ( 'NONE', #2992, .T. ) ;
#1202 = CARTESIAN_POINT ( 'NONE',  ( -1.125000000000000222, 0.1000000000000000056, 2.500105095651770082 ) ) ;
#1203 = DIRECTION ( 'NONE',  ( -0.0000000000000000000, 1.000000000000000000, -0.0000000000000000000 ) ) ;
#1204 = CARTESIAN_POINT ( 'NONE',  ( -2.500000000000000000, 0.9000000000000001332, 0.0000000000000000000 ) ) ;
#1205 = DIRECTION ( 'NONE',  ( -0.0000000000000000000, -1.000000000000000000, 0.0000000000000000000 ) ) ;
#1206 = UNCERTAINTY_MEASURE_WITH_UNIT (LENGTH_MEASURE( 1.000000000000000082E-05 ), #2277, 'distance_accuracy_value', 'NONE');
#1207 = DIRECTION ( 'NONE',  ( -1.000000000000000000, 0.0000000000000000000, -0.0000000000000000000 ) ) ;
#1208 = CARTESIAN_POINT ( 'NONE',  ( -0.1250000000000000555, 0.1000000000000000194, -2.500052547825884819 ) ) ;
#1209 = ORIENTED_EDGE ( 'NONE', *, *, #8082, .F. ) ;
#1210 = LINE ( 'NONE', #9245, #7784 ) ;
#1211 = PRODUCT_DEFINITION ( 'UNKNOWN', '', #1359, #6428 ) ;
#1212 = LINE ( 'NONE', #5009, #4290 ) ;
#1213 = ORIENTED_EDGE ( 'NONE', *, *, #3880, .F. ) ;
#1214 = CARTESIAN_POINT ( 'NONE',  ( -2.100000000000000089, 0.0000000000000000000, 0.7549999999999990052 ) ) ;
#1215 = PRESENTATION_STYLE_ASSIGNMENT (( #8657 ) ) ;
#1216 = DIRECTION ( 'NONE',  ( -1.000000000000000000, 0.0000000000000000000, 0.0000000000000000000 ) ) ;
#1217 = CARTESIAN_POINT ( 'NONE',  ( -1.875000000000000000, 0.0000000000000000000, 2.406666666666666732 ) ) ;
#1218 = CARTESIAN_POINT ( 'NONE',  ( -2.188584073464102442, 0.0000000000000000000, 0.8750000000000000000 ) ) ;
#1219 = CARTESIAN_POINT ( 'NONE',  ( 2.100000000000000089, -0.03000000000000000583, -0.7549999999999990052 ) ) ;
#1220 = ORIENTED_EDGE ( 'NONE', *, *, #1034, .F. ) ;
#1221 = FACE_OUTER_BOUND ( 'NONE', #10066, .T. ) ;
#1222 = DIRECTION ( 'NONE',  ( -1.000000000000000000, 0.0000000000000000000, 0.0000000000000000000 ) ) ;
#1223 = EDGE_CURVE ( 'NONE', #7780, #3951, #8473, .T. ) ;
#1224 = EDGE_CURVE ( 'NONE', #2328, #1543, #8310, .T. ) ;
#1225 = ORIENTED_EDGE ( 'NONE', *, *, #1413, .F. ) ;
#1226 = ORIENTED_EDGE ( 'NONE', *, *, #9547, .F. ) ;
#1227 = DIRECTION ( 'NONE',  ( -0.0000000000000000000, 1.000000000000000000, 0.0000000000000000000 ) ) ;
#1228 = CARTESIAN_POINT ( 'NONE',  ( 1.125000000000000222, 0.0000000000000000000, -2.220000000000000195 ) ) ;
#1229 = EDGE_LOOP ( 'NONE', ( #4466, #7470, #398, #9048 ) ) ;
#1230 = CARTESIAN_POINT ( 'NONE',  ( -1.745000000000000551, 0.0000000000000000000, 2.100000000000000089 ) ) ;
#1231 = PRESENTATION_STYLE_ASSIGNMENT (( #8491 ) ) ;
#1232 = FACE_OUTER_BOUND ( 'NONE', #452, .T. ) ;
#1233 = CARTESIAN_POINT ( 'NONE',  ( 2.100000000000000089, 0.0000000000000000000, 1.755000000000000115 ) ) ;
#1234 = CARTESIAN_POINT ( 'NONE',  ( -2.500223525886114739, 0.1000000000000000194, -1.375000000000000000 ) ) ;
#1235 = CARTESIAN_POINT ( 'NONE',  ( 1.875000000000000222, 0.1000000000000000194, -2.500052547825884819 ) ) ;
#1236 = B_SPLINE_CURVE_WITH_KNOTS ( 'NONE', 3,
 ( #8600, #10392, #6238, #2600, #6174, #2540 ),
 .UNSPECIFIED., .F., .F.,
 ( 4, 2, 4 ),
 ( 0.0000000000000000000, 0.5000000000000000000, 1.000000000000000000 ),
 .UNSPECIFIED. ) ;
#1237 = EDGE_CURVE ( 'NONE', #6043, #7094, #4244, .T. ) ;
#1238 = EDGE_CURVE ( 'NONE', #4821, #10936, #3940, .T. ) ;
#1239 = ORIENTED_EDGE ( 'NONE', *, *, #9374, .F. ) ;
#1240 = VECTOR ( 'NONE', #2414, 1000.000000000000000 ) ;
#1241 = VERTEX_POINT ( 'NONE', #6078 ) ;
#1242 = SURFACE_SIDE_STYLE ('',( #6664 ) ) ;
#1243 = CYLINDRICAL_SURFACE ( 'NONE', #5957, 0.1199999999999999956 ) ;
#1244 = CARTESIAN_POINT ( 'NONE',  ( 0.7551006923333914989, 0.9000000000000001332, -0.1666406999290161450 ) ) ;
#1245 = ORIENTED_EDGE ( 'NONE', *, *, #5108, .F. ) ;
#1246 = CARTESIAN_POINT ( 'NONE',  ( 2.500000000000000000, 0.0000000000000000000, 1.458333333333333481 ) ) ;
#1247 = DIRECTION ( 'NONE',  ( 1.000000000000000000, 0.0000000000000000000, -0.0000000000000000000 ) ) ;
#1248 = VERTEX_POINT ( 'NONE', #1614 ) ;
#1249 = B_SPLINE_CURVE_WITH_KNOTS ( 'NONE', 3,
 ( #1771, #9047, #8126, #11783 ),
 .UNSPECIFIED., .F., .F.,
 ( 4, 4 ),
 ( 0.0000000000000000000, 1.000000000000000000 ),
 .UNSPECIFIED. ) ;
#1250 = AXIS2_PLACEMENT_3D ( 'NONE', #11215, #2855, #1909 ) ;
#1251 = VECTOR ( 'NONE', #11422, 1000.000000000000000 ) ;
#1252 = EDGE_CURVE ( 'NONE', #8136, #5194, #11745, .T. ) ;
#1253 = CARTESIAN_POINT ( 'NONE',  ( 1.125000000000000222, 0.1000000000000000056, 2.500105095651770082 ) ) ;
#1254 = ORIENTED_EDGE ( 'NONE', *, *, #10017, .F. ) ;
#1255 = CARTESIAN_POINT ( 'NONE',  ( 1.047178013952730025, 0.9000000000000001332, -0.2172683308910660083 ) ) ;
#1256 = ORIENTED_EDGE ( 'NONE', *, *, #1665, .F. ) ;
#1257 = VECTOR ( 'NONE', #9539, 1000.000000000000114 ) ;
#1258 = ORIENTED_EDGE ( 'NONE', *, *, #868, .F. ) ;
#1259 = VECTOR ( 'NONE', #6956, 1000.000000000000000 ) ;
#1260 = DIRECTION ( 'NONE',  ( 0.0000000000000000000, -1.000000000000000000, -0.0000000000000000000 ) ) ;
#1261 = DIRECTION ( 'NONE',  ( 0.0000000000000000000, 1.000000000000000000, -0.0000000000000000000 ) ) ;
#1262 = CARTESIAN_POINT ( 'NONE',  ( 1.125000000000000222, 0.0000000000000000000, -2.313333333333333464 ) ) ;
#1263 = EDGE_CURVE ( 'NONE', #40, #3057, #11459, .T. ) ;
#1264 = DIRECTION ( 'NONE',  ( 0.0000000000000000000, 1.000000000000000000, 0.0000000000000000000 ) ) ;
#1265 = EDGE_CURVE ( 'NONE', #8134, #8636, #1090, .T. ) ;
#1266 = CARTESIAN_POINT ( 'NONE',  ( 0.8749999999999998890, 0.1000000000000000194, -2.500052547825884819 ) ) ;
#1267 = LINE ( 'NONE', #9482, #1147 ) ;
#1268 = EDGE_CURVE ( 'NONE', #112, #10996, #10346, .T. ) ;
#1269 = FILL_AREA_STYLE ('',( #3100 ) ) ;
#1270 = B_SPLINE_CURVE_WITH_KNOTS ( 'NONE', 3,
 ( #120, #2843, #10131, #3857 ),
 .UNSPECIFIED., .F., .F.,
 ( 4, 4 ),
 ( 0.0000000000000000000, 1.000000000000000000 ),
 .UNSPECIFIED. ) ;
#1271 = ORIENTED_EDGE ( 'NONE', *, *, #4400, .T. ) ;
#1272 = VERTEX_POINT ( 'NONE', #348 ) ;
#1273 = PLANE ( 'NONE',  #9239 ) ;
#1274 = ORIENTED_EDGE ( 'NONE', *, *, #7768, .F. ) ;
#1275 = LINE ( 'NONE', #1152, #4997 ) ;
#1276 = LINE ( 'NONE', #9379, #6046 ) ;
#1277 = ORIENTED_EDGE ( 'NONE', *, *, #2267, .F. ) ;
#1278 = CARTESIAN_POINT ( 'NONE',  ( -1.750000000000000000, 0.0000000000000000000, -0.5833333333333334814 ) ) ;
#1279 = VECTOR ( 'NONE', #576, 1000.000000000000000 ) ;
#1280 = AXIS2_PLACEMENT_3D ( 'NONE', #1622, #2755, #2571 ) ;
#1281 = B_SPLINE_CURVE_WITH_KNOTS ( 'NONE', 3,
 ( #10531, #5152, #2352, #6042, #11423, #9520 ),
 .UNSPECIFIED., .F., .F.,
 ( 4, 2, 4 ),
 ( 0.0000000000000000000, 0.5000000000000000000, 1.000000000000000000 ),
 .UNSPECIFIED. ) ;
#1282 =( LENGTH_UNIT ( ) NAMED_UNIT ( * ) SI_UNIT ( .MILLI., .METRE. ) );
#1283 = EDGE_LOOP ( 'NONE', ( #1388, #9503, #7783, #11496, #6335 ) ) ;
#1284 =( NAMED_UNIT ( * ) PLANE_ANGLE_UNIT ( ) SI_UNIT ( $, .RADIAN. ) );
#1285 = EDGE_CURVE ( 'NONE', #9538, #2000, #3966, .T. ) ;
#1286 = CARTESIAN_POINT ( 'NONE',  ( 0.6250000000000000000, -0.03000000000000000930, -2.500105095651770082 ) ) ;
#1287 = VERTEX_POINT ( 'NONE', #9726 ) ;
#1288 = EDGE_LOOP ( 'NONE', ( #8967, #9177, #10407, #3608, #5545, #2144 ) ) ;
#1289 = CARTESIAN_POINT ( 'NONE',  ( -0.6250000000000000000, 0.0000000000000000000, -2.500000000000000000 ) ) ;
#1290 = CARTESIAN_POINT ( 'NONE',  ( -0.1250000000000000000, -0.03000000000000000930, -2.500105095651770082 ) ) ;
#1291 = ORIENTED_EDGE ( 'NONE', *, *, #11491, .F. ) ;
#1292 = CARTESIAN_POINT ( 'NONE',  ( -0.6250000000000000000, -0.03000000000000000930, -2.500105095651770082 ) ) ;
#1293 = ADVANCED_FACE ( 'NONE', ( #3400 ), #7602, .F. ) ;
#1294 = LINE ( 'NONE', #11362, #701 ) ;
#1295 = LINE ( 'NONE', #6025, #2457 ) ;
#1296 = VECTOR ( 'NONE', #11188, 1000.000000000000000 ) ;
#1297 = FACE_OUTER_BOUND ( 'NONE', #10709, .T. ) ;
#1298 = ORIENTED_EDGE ( 'NONE', *, *, #3917, .T. ) ;
#1299 = B_SPLINE_CURVE_WITH_KNOTS ( 'NONE', 3,
 ( #8510, #358, #3979, #6724 ),
 .UNSPECIFIED., .F., .F.,
 ( 4, 4 ),
 ( 0.0000000000000000000, 1.000000000000000000 ),
 .UNSPECIFIED. ) ;
#1300 = SURFACE_SIDE_STYLE ('',( #11194 ) ) ;
#1301 = MECHANICAL_DESIGN_GEOMETRIC_PRESENTATION_REPRESENTATION (  '', ( #7941 ), #4332 ) ;
#1302 = CARTESIAN_POINT ( 'NONE',  ( 2.100000000000000089, 0.0000000000000000000, -1.745000000000000551 ) ) ;
#1303 = CARTESIAN_POINT ( 'NONE',  ( 0.1250000000000000000, 0.1000000000000000056, 2.500105095651770082 ) ) ;
#1304 = VERTEX_POINT ( 'NONE', #2496 ) ;
#1305 = CARTESIAN_POINT ( 'NONE',  ( -0.3750000000000000000, -0.03000000000000000583, 2.220000000000000195 ) ) ;
#1306 = EDGE_CURVE ( 'NONE', #10, #9222, #3638, .T. ) ;
#1307 = DIRECTION ( 'NONE',  ( 0.0000000000000000000, 0.0000000000000000000, -1.000000000000000000 ) ) ;
#1308 = DIRECTION ( 'NONE',  ( 0.0000000000000000000, 0.0000000000000000000, 1.000000000000000000 ) ) ;
#1309 = EDGE_CURVE ( 'NONE', #820, #3914, #1295, .T. ) ;
#1310 = PLANE ( 'NONE',  #6278 ) ;
#1311 = CARTESIAN_POINT ( 'NONE',  ( 1.713584073464102131, 0.0000000000000000000, 2.100000000000000089 ) ) ;
#1312 = ORIENTED_EDGE ( 'NONE', *, *, #11706, .T. ) ;
#1313 = FACE_OUTER_BOUND ( 'NONE', #6672, .T. ) ;
#1314 = FILL_AREA_STYLE ('',( #5894 ) ) ;
#1315 = ORIENTED_EDGE ( 'NONE', *, *, #155, .T. ) ;
#1316 = AXIS2_PLACEMENT_3D ( 'NONE', #10335, #9385, #3054 ) ;
#1317 = CYLINDRICAL_SURFACE ( 'NONE', #8463, 0.1199999999999998845 ) ;
#1318 = ORIENTED_EDGE ( 'NONE', *, *, #4019, .F. ) ;
#1319 = CARTESIAN_POINT ( 'NONE',  ( 0.9610626465238190086, 0.8900000000000000133, 0.2293850321077680332 ) ) ;
#1320 = ORIENTED_EDGE ( 'NONE', *, *, #1755, .F. ) ;
#1321 = FACE_OUTER_BOUND ( 'NONE', #3532, .T. ) ;
#1322 = EDGE_CURVE ( 'NONE', #482, #3818, #11630, .T. ) ;
#1323 = CARTESIAN_POINT ( 'NONE',  ( 2.220000000000000195, 0.0000000000000000000, -1.875000000000000000 ) ) ;
#1324 = CARTESIAN_POINT ( 'NONE',  ( 2.500223525886114739, 0.1000000000000000194, 0.8750000000000000000 ) ) ;
#1325 = VECTOR ( 'NONE', #4425, 1000.000000000000000 ) ;
#1326 = CARTESIAN_POINT ( 'NONE',  ( -1.745000000000000329, -0.03000000000000000236, -2.220000000000000195 ) ) ;
#1327 = FILL_AREA_STYLE ('',( #8762 ) ) ;
#1328 = DIRECTION ( 'NONE',  ( -1.000000000000000000, 0.0000000000000000000, -0.0000000000000000000 ) ) ;
#1329 = DIRECTION ( 'NONE',  ( 1.000000000000000000, 0.0000000000000000000, -0.0000000000000000000 ) ) ;
#1330 = ORIENTED_EDGE ( 'NONE', *, *, #8991, .T. ) ;
#1331 =( NAMED_UNIT ( * ) PLANE_ANGLE_UNIT ( ) SI_UNIT ( $, .RADIAN. ) );
#1332 = ORIENTED_EDGE ( 'NONE', *, *, #4305, .F. ) ;
#1333 =( GEOMETRIC_REPRESENTATION_CONTEXT ( 3 ) GLOBAL_UNCERTAINTY_ASSIGNED_CONTEXT ( ( #8221 ) ) GLOBAL_UNIT_ASSIGNED_CONTEXT ( ( #3846, #10348, #5758 ) ) REPRESENTATION_CONTEXT ( 'NONE', 'WORKASPACE' ) );
#1334 = ORIENTED_EDGE ( 'NONE', *, *, #536, .F. ) ;
#1335 = VECTOR ( 'NONE', #4395, 1000.000000000000000 ) ;
#1336 = ADVANCED_FACE ( 'NONE', ( #7921 ), #4907, .T. ) ;
#1337 = CARTESIAN_POINT ( 'NONE',  ( 2.500000000000000000, 0.0000000000000000000, -2.500000000000000000 ) ) ;
#1338 = EDGE_LOOP ( 'NONE', ( #788, #6315, #6803, #10258, #3595 ) ) ;
#1339 = CARTESIAN_POINT ( 'NONE',  ( -0.2450000000000010225, -0.03000000000000000930, 2.100000000000000089 ) ) ;
#1340 = CARTESIAN_POINT ( 'NONE',  ( -2.500000000000000000, 0.0000000000000000000, -0.1250000000000000555 ) ) ;
#1341 = EDGE_CURVE ( 'NONE', #10678, #297, #6489, .T. ) ;
#1342 = AXIS2_PLACEMENT_3D ( 'NONE', #11673, #10786, #9769 ) ;
#1343 = FACE_OUTER_BOUND ( 'NONE', #6675, .T. ) ;
#1344 = ORIENTED_EDGE ( 'NONE', *, *, #386, .F. ) ;
#1345 = VECTOR ( 'NONE', #11561, 1000.000000000000000 ) ;
#1346 = CARTESIAN_POINT ( 'NONE',  ( -2.220000000000000195, -0.03000000000000000583, 1.875000000000000000 ) ) ;
#1347 = PLANE ( 'NONE',  #10657 ) ;
#1348 = VECTOR ( 'NONE', #3802, 1000.000000000000000 ) ;
#1349 = VECTOR ( 'NONE', #11164, 1000.000000000000000 ) ;
#1350 = VECTOR ( 'NONE', #2173, 1000.000000000000000 ) ;
#1351 = DIRECTION ( 'NONE',  ( -0.0000000000000000000, 1.000000000000000000, -0.0000000000000000000 ) ) ;
#1352 = DIRECTION ( 'NONE',  ( -0.0000000000000000000, -1.000000000000000000, -0.0000000000000000000 ) ) ;
#1353 = EDGE_CURVE ( 'NONE', #4631, #4317, #5074, .T. ) ;
#1354 = ORIENTED_EDGE ( 'NONE', *, *, #10006, .T. ) ;
#1355 = FACE_OUTER_BOUND ( 'NONE', #861, .T. ) ;
#1356 =( NAMED_UNIT ( * ) PLANE_ANGLE_UNIT ( ) SI_UNIT ( $, .RADIAN. ) );
#1357 = CARTESIAN_POINT ( 'NONE',  ( 0.1250000000000000000, 0.0000000000000000000, 2.220000000000000195 ) ) ;
#1358 = LINE ( 'NONE', #9399, #1661 ) ;
#1359 = PRODUCT_DEFINITION_FORMATION_WITH_SPECIFIED_SOURCE ( 'ANY', '', #9733, .NOT_KNOWN. ) ;
#1360 = CARTESIAN_POINT ( 'NONE',  ( 0.3998479606374399919, 0.8900000000000000133, -0.3316052058057050167 ) ) ;
#1361 = VERTEX_POINT ( 'NONE', #736 ) ;
#1362 = EDGE_CURVE ( 'NONE', #2192, #8105, #8161, .T. ) ;
#1363 = CARTESIAN_POINT ( 'NONE',  ( -2.499999999999999556, 0.0000000000000000000, 2.500000000000000000 ) ) ;
#1364 = CARTESIAN_POINT ( 'NONE',  ( 1.125000000000000222, -0.03000000000000000930, 2.500105095651770082 ) ) ;
#1365 = DIRECTION ( 'NONE',  ( 1.000000000000000000, 0.0000000000000000000, -0.0000000000000000000 ) ) ;
#1366 = ORIENTED_EDGE ( 'NONE', *, *, #10354, .T. ) ;
#1367 = CARTESIAN_POINT ( 'NONE',  ( 2.500000000000000000, 0.0000000000000000000, 0.1250000000000000555 ) ) ;
#1368 = PLANE ( 'NONE',  #6130 ) ;
#1369 = CARTESIAN_POINT ( 'NONE',  ( -2.112932771566821799, -0.0000000000000000000, -0.8176383990515933009 ) ) ;
#1370 = CARTESIAN_POINT ( 'NONE',  ( 2.220000000000000195, 0.0000000000000000000, 1.375000000000000000 ) ) ;
#1371 = CARTESIAN_POINT ( 'NONE',  ( 0.1250000000000001110, 0.06666666666666669350, -2.500105095651770082 ) ) ;
#1372 = CARTESIAN_POINT ( 'NONE',  ( 2.500000000000000000, 0.9000000000000001332, 1.375000000000000000 ) ) ;
#1373 = CARTESIAN_POINT ( 'NONE',  ( 0.6379327715668225984, -0.0000000000000000000, 2.157361600948406455 ) ) ;
#1374 = ORIENTED_EDGE ( 'NONE', *, *, #2395, .T. ) ;
#1375 = UNCERTAINTY_MEASURE_WITH_UNIT (LENGTH_MEASURE( 1.000000000000000082E-05 ), #7350, 'distance_accuracy_value', 'NONE');
#1376 = EDGE_CURVE ( 'NONE', #4828, #6267, #10757, .T. ) ;
#1377 = CARTESIAN_POINT ( 'NONE',  ( 2.220000000000000195, 0.0000000000000000000, -1.375000000000000000 ) ) ;
#1378 = ORIENTED_EDGE ( 'NONE', *, *, #9505, .T. ) ;
#1379 = CARTESIAN_POINT ( 'NONE',  ( 0.5935164915221989856, 0.9000000000000010214, -0.07763663335692740086 ) ) ;
#1380 = VERTEX_POINT ( 'NONE', #1675 ) ;
#1381 = EDGE_LOOP ( 'NONE', ( #2175, #8466, #5720, #11541 ) ) ;
#1382 = CARTESIAN_POINT ( 'NONE',  ( 1.755000000000000115, 0.0000000000000000000, 2.100000000000000089 ) ) ;
#1383 = DIRECTION ( 'NONE',  ( -1.000000000000000000, 0.0000000000000000000, -0.0000000000000000000 ) ) ;
#1384 = PLANE ( 'NONE',  #5313 ) ;
#1385 = PLANE ( 'NONE',  #2280 ) ;
#1386 =( NAMED_UNIT ( * ) PLANE_ANGLE_UNIT ( ) SI_UNIT ( $, .RADIAN. ) );
#1387 = FACE_OUTER_BOUND ( 'NONE', #3308, .T. ) ;
#1388 = ORIENTED_EDGE ( 'NONE', *, *, #4302, .T. ) ;
#1389 = SURFACE_SIDE_STYLE ('',( #1442 ) ) ;
#1390 = EDGE_CURVE ( 'NONE', #11213, #3043, #2067, .T. ) ;
#1391 = EDGE_LOOP ( 'NONE', ( #6861, #10265, #5839, #3724, #2531, #2104 ) ) ;
#1392 = CIRCLE ( 'NONE', #11096, 0.4841622163147920599 ) ;
#1393 = CARTESIAN_POINT ( 'NONE',  ( -2.220000000000000195, 0.1000000000000000056, 1.375000000000000000 ) ) ;
#1394 = LINE ( 'NONE', #1339, #3479 ) ;
#1395 = CARTESIAN_POINT ( 'NONE',  ( -2.406666666666666732, 0.0000000000000000000, -0.1250000000000000000 ) ) ;
#1396 = CARTESIAN_POINT ( 'NONE',  ( 2.313333333333333464, 0.0000000000000000000, 1.375000000000000000 ) ) ;
#1397 = CARTESIAN_POINT ( 'NONE',  ( -0.2135840734641020477, -0.03000000000000000930, 2.100000000000000089 ) ) ;
#1398 = B_SPLINE_CURVE_WITH_KNOTS ( 'NONE', 3,
 ( #5658, #7507, #256, #7633 ),
 .UNSPECIFIED., .F., .F.,
 ( 4, 4 ),
 ( 0.0000000000000000000, 1.000000000000000000 ),
 .UNSPECIFIED. ) ;
#1399 = DIRECTION ( 'NONE',  ( 0.0000000000000000000, -1.000000000000000000, 0.0000000000000000000 ) ) ;
#1400 = EDGE_CURVE ( 'NONE', #263, #7998, #19, .T. ) ;
#1401 = VECTOR ( 'NONE', #11024, 1000.000000000000000 ) ;
#1402 = EDGE_CURVE ( 'NONE', #3930, #6972, #7099, .T. ) ;
#1403 = ORIENTED_EDGE ( 'NONE', *, *, #5350, .T. ) ;
#1404 = B_SPLINE_CURVE_WITH_KNOTS ( 'NONE', 3,
 ( #341, #2218, #2337, #9612 ),
 .UNSPECIFIED., .F., .F.,
 ( 4, 4 ),
 ( 0.0000000000000000000, 1.000000000000000000 ),
 .UNSPECIFIED. ) ;
#1405 = CARTESIAN_POINT ( 'NONE',  ( -1.254999999999999893, 0.1000000000000000056, 2.100000000000000089 ) ) ;
#1406 = VECTOR ( 'NONE', #7050, 1000.000000000000000 ) ;
#1407 = CARTESIAN_POINT ( 'NONE',  ( -2.499999999999999556, 0.0000000000000000000, 1.375000000000000000 ) ) ;
#1408 = ORIENTED_EDGE ( 'NONE', *, *, #793, .T. ) ;
#1409 = CARTESIAN_POINT ( 'NONE',  ( 1.791666666666666741, 0.1000000000000000056, 2.500105095651770082 ) ) ;
#1410 = CARTESIAN_POINT ( 'NONE',  ( 1.117017877582721086, 0.8899999999999999023, 0.09670054027766010474 ) ) ;
#1411 = LINE ( 'NONE', #5810, #10028 ) ;
#1412 = EDGE_CURVE ( 'NONE', #7132, #11770, #2561, .T. ) ;
#1413 = EDGE_CURVE ( 'NONE', #8795, #7246, #7158, .T. ) ;
#1414 = SURFACE_STYLE_FILL_AREA ( #4910 ) ;
#1415 = CARTESIAN_POINT ( 'NONE',  ( 2.157361600948405567, -0.0000000000000000000, 0.6379327715668225984 ) ) ;
#1416 = VERTEX_POINT ( 'NONE', #10805 ) ;
#1417 = CARTESIAN_POINT ( 'NONE',  ( -0.6250000000000000000, 0.0000000000000000000, 2.500000000000000000 ) ) ;
#1418 = CARTESIAN_POINT ( 'NONE',  ( 1.616816876927420044, 0.8900000000000004574, 0.1202315587619360027 ) ) ;
#1419 = PRESENTATION_STYLE_ASSIGNMENT (( #10703 ) ) ;
#1420 = ORIENTED_EDGE ( 'NONE', *, *, #2097, .F. ) ;
#1421 = DIRECTION ( 'NONE',  ( 0.0000000000000000000, -1.000000000000000000, 0.0000000000000000000 ) ) ;
#1422 = CARTESIAN_POINT ( 'NONE',  ( -2.100000000000000089, 0.1000000000000000056, 0.7450000000000009948 ) ) ;
#1423 = VERTEX_POINT ( 'NONE', #9847 ) ;
#1424 = CARTESIAN_POINT ( 'NONE',  ( 0.3178021097195469769, 0.9000000000000001332, 0.1484768015626250215 ) ) ;
#1425 = B_SPLINE_CURVE_WITH_KNOTS ( 'NONE', 3,
 ( #5245, #2737, #9071, #6320 ),
 .UNSPECIFIED., .F., .F.,
 ( 4, 4 ),
 ( 0.0000000000000000000, 1.000000000000000000 ),
 .UNSPECIFIED. ) ;
#1426 = ORIENTED_EDGE ( 'NONE', *, *, #5989, .F. ) ;
#1427 = EDGE_CURVE ( 'NONE', #2132, #2680, #8957, .T. ) ;
#1428 = VECTOR ( 'NONE', #5109, 1000.000000000000000 ) ;
#1429 = LINE ( 'NONE', #8752, #5028 ) ;
#1430 = ORIENTED_EDGE ( 'NONE', *, *, #111, .F. ) ;
#1431 = LINE ( 'NONE', #11493, #1259 ) ;
#1432 = EDGE_LOOP ( 'NONE', ( #131, #11430, #265, #8499 ) ) ;
#1433 = ORIENTED_EDGE ( 'NONE', *, *, #3005, .F. ) ;
#1434 = CARTESIAN_POINT ( 'NONE',  ( -2.100000000000000089, 0.0000000000000000000, 0.2549999999999990052 ) ) ;
#1435 = CARTESIAN_POINT ( 'NONE',  ( -0.1412354234161199984, 0.8900000000000000133, -0.3316052058057050167 ) ) ;
#1436 = PLANE ( 'NONE',  #6065 ) ;
#1437 = LINE ( 'NONE', #10440, #4568 ) ;
#1438 = STYLED_ITEM ( 'NONE', ( #4372 ), #3821 ) ;
#1439 =( LENGTH_UNIT ( ) NAMED_UNIT ( * ) SI_UNIT ( .MILLI., .METRE. ) );
#1440 = LINE ( 'NONE', #4820, #7617 ) ;
#1441 = ORIENTED_EDGE ( 'NONE', *, *, #439, .T. ) ;
#1442 = SURFACE_STYLE_FILL_AREA ( #1269 ) ;
#1443 = VERTEX_POINT ( 'NONE', #11749 ) ;
#1444 = PRESENTATION_LAYER_ASSIGNMENT (  '', '', ( #10204 ) ) ;
#1445 = CARTESIAN_POINT ( 'NONE',  ( 0.6250000000000000000, -0.03000000000000000930, 2.500105095651770082 ) ) ;
#1446 = ORIENTED_EDGE ( 'NONE', *, *, #641, .T. ) ;
#1447 =( NAMED_UNIT ( * ) PLANE_ANGLE_UNIT ( ) SI_UNIT ( $, .RADIAN. ) );
#1448 = CARTESIAN_POINT ( 'NONE',  ( 1.248333333333333517, 0.0000000000000000000, -2.100000000000000089 ) ) ;
#1449 = CARTESIAN_POINT ( 'NONE',  ( 2.188584073464102442, 0.0000000000000000000, -0.1249999999999999722 ) ) ;
#1450 = ADVANCED_FACE ( 'NONE', ( #6378 ), #5308, .T. ) ;
#1451 = ADVANCED_FACE ( 'NONE', ( #80 ), #9127, .T. ) ;
#1452 = VECTOR ( 'NONE', #7997, 1000.000000000000000 ) ;
#1453 = CARTESIAN_POINT ( 'NONE',  ( 2.100000000000000089, 0.0000000000000000000, -0.7483333333333337389 ) ) ;
#1454 = ORIENTED_EDGE ( 'NONE', *, *, #1168, .T. ) ;
#1455 = ORIENTED_EDGE ( 'NONE', *, *, #3304, .T. ) ;
#1456 = PRESENTATION_LAYER_ASSIGNMENT (  '', '', ( #11730 ) ) ;
#1457 = CARTESIAN_POINT ( 'NONE',  ( -2.100000000000000089, 0.0000000000000000000, 0.2450000000000010225 ) ) ;
#1458 = COLOUR_RGB ( '',1.000000000000000000, 1.000000000000000000, 1.000000000000000000 ) ;
#1459 = B_SPLINE_CURVE_WITH_KNOTS ( 'NONE', 3,
 ( #812, #5457, #9092, #2650, #930, #7304 ),
 .UNSPECIFIED., .F., .F.,
 ( 4, 2, 4 ),
 ( 0.0000000000000000000, 0.5000000000000000000, 1.000000000000000000 ),
 .UNSPECIFIED. ) ;
#1460 = EDGE_LOOP ( 'NONE', ( #4721, #3430, #3217, #5216 ) ) ;
#1461 = CARTESIAN_POINT ( 'NONE',  ( 1.038485519795280476, 0.8900000000000003464, 0.2382452754970930675 ) ) ;
#1462 = CARTESIAN_POINT ( 'NONE',  ( 2.500447051772229923, 0.1000000000000000056, -0.3750000000000000000 ) ) ;
#1463 = EDGE_CURVE ( 'NONE', #6111, #3621, #8777, .T. ) ;
#1464 = CARTESIAN_POINT ( 'NONE',  ( -0.3749999999999999445, 0.1000000000000000194, -2.500052547825884819 ) ) ;
#1465 = LINE ( 'NONE', #5988, #3790 ) ;
#1466 = AXIS2_PLACEMENT_3D ( 'NONE', #8124, #7365, #2773 ) ;
#1467 = ORIENTED_EDGE ( 'NONE', *, *, #11520, .F. ) ;
#1468 = CARTESIAN_POINT ( 'NONE',  ( 2.100000000000000089, 0.0000000000000000000, 0.2450000000000010225 ) ) ;
#1469 = ADVANCED_FACE ( 'NONE', ( #10085 ), #6567, .T. ) ;
#1470 = CARTESIAN_POINT ( 'NONE',  ( 2.220000000000000195, 0.1000000000000000056, -0.7449999999999999956 ) ) ;
#1471 = CARTESIAN_POINT ( 'NONE',  ( 0.3750000000000000000, 0.0000000000000000000, -2.500000000000000000 ) ) ;
#1472 = ORIENTED_EDGE ( 'NONE', *, *, #4117, .F. ) ;
#1473 = CARTESIAN_POINT ( 'NONE',  ( 1.616816876927420044, 0.8900000000000000133, 0.1202315587619360027 ) ) ;
#1474 = CARTESIAN_POINT ( 'NONE',  ( -2.100000000000000533, 0.0000000000000000000, -0.2135840734641029637 ) ) ;
#1475 = CARTESIAN_POINT ( 'NONE',  ( 1.245000000000000329, 0.1000000000000000056, 2.220000000000000195 ) ) ;
#1476 = EDGE_CURVE ( 'NONE', #9011, #11740, #2198, .T. ) ;
#1477 = CARTESIAN_POINT ( 'NONE',  ( -2.500000000000000000, 0.9000000000000001332, -0.6250000000000001110 ) ) ;
#1478 = ORIENTED_EDGE ( 'NONE', *, *, #9928, .T. ) ;
#1479 = CARTESIAN_POINT ( 'NONE',  ( 1.639653194964890037, 0.9000000000000001332, 0.3083217570670889751 ) ) ;
#1480 =( LENGTH_UNIT ( ) NAMED_UNIT ( * ) SI_UNIT ( .MILLI., .METRE. ) );
#1481 = ORIENTED_EDGE ( 'NONE', *, *, #9014, .F. ) ;
#1482 = UNCERTAINTY_MEASURE_WITH_UNIT (LENGTH_MEASURE( 1.000000000000000082E-05 ), #1439, 'distance_accuracy_value', 'NONE');
#1483 = CARTESIAN_POINT ( 'NONE',  ( -0.3750000000000000000, -0.03000000000000000930, 2.500105095651770082 ) ) ;
#1484 = ORIENTED_EDGE ( 'NONE', *, *, #3143, .F. ) ;
#1485 = LINE ( 'NONE', #9702, #3335 ) ;
#1486 = ORIENTED_EDGE ( 'NONE', *, *, #3162, .F. ) ;
#1487 = ORIENTED_EDGE ( 'NONE', *, *, #2156, .F. ) ;
#1488 = DIRECTION ( 'NONE',  ( 0.0000000000000000000, 0.0000000000000000000, 1.000000000000000000 ) ) ;
#1489 = EDGE_CURVE ( 'NONE', #2243, #2924, #7639, .T. ) ;
#1490 = DIRECTION ( 'NONE',  ( 0.0000000000000000000, 0.0000000000000000000, -1.000000000000000000 ) ) ;
#1491 = AXIS2_PLACEMENT_3D ( 'NONE', #2499, #5076, #9728 ) ;
#1492 = CARTESIAN_POINT ( 'NONE',  ( -2.100000000000000089, 0.0000000000000000000, 0.7549999999999990052 ) ) ;
#1493 = CARTESIAN_POINT ( 'NONE',  ( -2.100000000000000089, 0.0000000000000000000, 1.254999999999999893 ) ) ;
#1494 = PLANE ( 'NONE',  #3649 ) ;
#1495 = ORIENTED_EDGE ( 'NONE', *, *, #5976, .F. ) ;
#1496 = CARTESIAN_POINT ( 'NONE',  ( 0.0000000000000000000, 0.8900000000000000133, 0.0000000000000000000 ) ) ;
#1497 = VERTEX_POINT ( 'NONE', #201 ) ;
#1498 = EDGE_CURVE ( 'NONE', #6193, #5091, #11187, .T. ) ;
#1499 = CARTESIAN_POINT ( 'NONE',  ( 0.0000000000000000000, 0.9000000000000001332, 2.500000000000000000 ) ) ;
#1500 = ORIENTED_EDGE ( 'NONE', *, *, #5976, .T. ) ;
#1501 = MECHANICAL_DESIGN_GEOMETRIC_PRESENTATION_REPRESENTATION (  '', ( #2829 ), #3394 ) ;
#1502 = CARTESIAN_POINT ( 'NONE',  ( -0.8750000000000000000, 0.0000000000000000000, -2.406666666666666732 ) ) ;
#1503 = CARTESIAN_POINT ( 'NONE',  ( 1.245000000000000329, 0.0000000000000000000, 2.100000000000000089 ) ) ;
#1504 = CARTESIAN_POINT ( 'NONE',  ( 2.157361600948405123, -0.03000000000000001277, -0.3620672284331774571 ) ) ;
#1505 = DIRECTION ( 'NONE',  ( 0.0000000000000000000, 0.0000000000000000000, -1.000000000000000000 ) ) ;
#1506 = SURFACE_STYLE_FILL_AREA ( #5015 ) ;
#1507 = ORIENTED_EDGE ( 'NONE', *, *, #8618, .F. ) ;
#1508 = VECTOR ( 'NONE', #3441, 1000.000000000000000 ) ;
#1509 = CARTESIAN_POINT ( 'NONE',  ( 2.220000000000000195, 0.0000000000000000000, -1.375000000000000000 ) ) ;
#1510 = AXIS2_PLACEMENT_3D ( 'NONE', #5, #9286, #7441 ) ;
#1511 = EDGE_LOOP ( 'NONE', ( #9432, #10660, #4383, #9807 ) ) ;
#1512 = CARTESIAN_POINT ( 'NONE',  ( 2.500000000000000000, 0.0000000000000000000, 1.041666666666666963 ) ) ;
#1513 = DIRECTION ( 'NONE',  ( 0.0000000000000000000, 0.0000000000000000000, 1.000000000000000000 ) ) ;
#1514 = ORIENTED_EDGE ( 'NONE', *, *, #6872, .F. ) ;
#1515 = LINE ( 'NONE', #627, #1683 ) ;
#1516 = DIRECTION ( 'NONE',  ( -1.000000000000000000, 0.0000000000000000000, -0.0000000000000000000 ) ) ;
#1517 = COLOUR_RGB ( '',1.000000000000000000, 1.000000000000000000, 1.000000000000000000 ) ;
#1518 = CARTESIAN_POINT ( 'NONE',  ( 1.375000000000000000, 0.0000000000000000000, 2.406666666666666732 ) ) ;
#1519 = CARTESIAN_POINT ( 'NONE',  ( 2.100000000000000089, 0.0000000000000000000, -1.745000000000000551 ) ) ;
#1520 = STYLED_ITEM ( 'NONE', ( #10827 ), #9843 ) ;
#1521 = VERTEX_POINT ( 'NONE', #8405 ) ;
#1522 = EDGE_CURVE ( 'NONE', #2415, #2442, #5729, .T. ) ;
#1523 = PLANE ( 'NONE',  #9998 ) ;
#1524 = CARTESIAN_POINT ( 'NONE',  ( 1.591083505372646645, 0.8900000000000000133, 0.2312067235917449892 ) ) ;
#1525 = FACE_OUTER_BOUND ( 'NONE', #3447, .T. ) ;
#1526 = ORIENTED_EDGE ( 'NONE', *, *, #1789, .T. ) ;
#1527 = CARTESIAN_POINT ( 'NONE',  ( 1.665525383924060021, 0.8900000000000000133, -0.04231650211633959657 ) ) ;
#1528 = LINE ( 'NONE', #8858, #1578 ) ;
#1529 = DIRECTION ( 'NONE',  ( 1.000000000000000000, -0.0000000000000000000, 0.0000000000000000000 ) ) ;
#1530 = VECTOR ( 'NONE', #846, 1000.000000000000000 ) ;
#1531 = LINE ( 'NONE', #3978, #406 ) ;
#1532 = ORIENTED_EDGE ( 'NONE', *, *, #898, .T. ) ;
#1533 = VECTOR ( 'NONE', #1981, 1000.000000000000000 ) ;
#1534 = DIRECTION ( 'NONE',  ( -0.0000000000000000000, 1.000000000000000000, 0.0000000000000000000 ) ) ;
#1535 = CARTESIAN_POINT ( 'NONE',  ( -2.220000000000000195, 0.1000000000000000056, 0.7449999999999999956 ) ) ;
#1536 = VERTEX_POINT ( 'NONE', #4695 ) ;
#1537 = EDGE_CURVE ( 'NONE', #6043, #1991, #3816, .T. ) ;
#1538 = ORIENTED_EDGE ( 'NONE', *, *, #4029, .F. ) ;
#1539 = DIRECTION ( 'NONE',  ( 0.0000000000000000000, 0.0000000000000000000, -1.000000000000000000 ) ) ;
#1540 = ORIENTED_EDGE ( 'NONE', *, *, #8913, .T. ) ;
#1541 = CARTESIAN_POINT ( 'NONE',  ( -2.100000000000000089, -0.03000000000000000583, 0.2549999999999990052 ) ) ;
#1542 = VERTEX_POINT ( 'NONE', #3876 ) ;
#1543 = VERTEX_POINT ( 'NONE', #4819 ) ;
#1544 = CARTESIAN_POINT ( 'NONE',  ( 1.486270063746210068, 0.9000000000000001332, 0.1258332384051620012 ) ) ;
#1545 = CARTESIAN_POINT ( 'NONE',  ( -0.3750000000000000000, -0.03000000000000000930, 2.188584073464102886 ) ) ;
#1546 = PLANE ( 'NONE',  #11591 ) ;
#1547 = CARTESIAN_POINT ( 'NONE',  ( 2.220000000000000195, 0.0000000000000000000, 0.1250000000000000000 ) ) ;
#1548 = ORIENTED_EDGE ( 'NONE', *, *, #1489, .T. ) ;
#1549 = ADVANCED_FACE ( 'NONE', ( #7396 ), #11044, .F. ) ;
#1550 = CARTESIAN_POINT ( 'NONE',  ( 0.9610626465238190086, 0.8999999999999999112, 0.2293850321077680332 ) ) ;
#1551 = EDGE_CURVE ( 'NONE', #11490, #2045, #527, .T. ) ;
#1552 = ORIENTED_EDGE ( 'NONE', *, *, #9374, .T. ) ;
#1553 = PLANE ( 'NONE',  #870 ) ;
#1554 = EDGE_LOOP ( 'NONE', ( #883, #4989, #4648, #72 ) ) ;
#1555 = CARTESIAN_POINT ( 'NONE',  ( 2.500000000000000000, 0.0000000000000000000, -1.041666666666666963 ) ) ;
#1556 = CARTESIAN_POINT ( 'NONE',  ( -2.100000000000000089, 0.1000000000000000056, -0.7549999999999990052 ) ) ;
#1557 = LINE ( 'NONE', #560, #4199 ) ;
#1558 = CARTESIAN_POINT ( 'NONE',  ( 2.188584073464102442, 0.0000000000000000000, 1.874999999999999778 ) ) ;
#1559 = CARTESIAN_POINT ( 'NONE',  ( 1.178241143838899996, 0.8900000000000000133, 0.3083217570670889751 ) ) ;
#1560 = ORIENTED_EDGE ( 'NONE', *, *, #11129, .F. ) ;
#1561 = EDGE_CURVE ( 'NONE', #7520, #1248, #9760, .T. ) ;
#1562 = B_SPLINE_CURVE_WITH_KNOTS ( 'NONE', 3,
 ( #331, #1217, #11058, #2874 ),
 .UNSPECIFIED., .F., .F.,
 ( 4, 4 ),
 ( 0.0000000000000000000, 1.000000000000000000 ),
 .UNSPECIFIED. ) ;
#1563 = CARTESIAN_POINT ( 'NONE',  ( -1.750000000000000000, -0.03000000000000000236, -1.750000000000000000 ) ) ;
#1564 = AXIS2_PLACEMENT_3D ( 'NONE', #3676, #7188, #5347 ) ;
#1565 = VERTEX_POINT ( 'NONE', #3937 ) ;
#1566 = EDGE_CURVE ( 'NONE', #4828, #7095, #1649, .T. ) ;
#1567 = VERTEX_POINT ( 'NONE', #3994 ) ;
#1568 = EDGE_LOOP ( 'NONE', ( #6896, #9876, #6837, #7290 ) ) ;
#1569 = CARTESIAN_POINT ( 'NONE',  ( -0.6250000000000001110, 0.1000000000000000194, -2.500052547825884819 ) ) ;
#1570 = CARTESIAN_POINT ( 'NONE',  ( -1.370530704624860041, 0.9000000000000001332, 0.08514221937134949791 ) ) ;
#1571 = CARTESIAN_POINT ( 'NONE',  ( -2.500000000000000000, 0.0000000000000000000, -0.8750000000000001110 ) ) ;
#1572 = CARTESIAN_POINT ( 'NONE',  ( -2.100000000000000089, 0.0000000000000000000, -0.2450000000000010225 ) ) ;
#1573 = PRESENTATION_LAYER_ASSIGNMENT (  '', '', ( #6329 ) ) ;
#1574 = DIRECTION ( 'NONE',  ( 0.0000000000000000000, 1.000000000000000000, 0.0000000000000000000 ) ) ;
#1575 = EDGE_CURVE ( 'NONE', #6541, #1304, #10150, .T. ) ;
#1576 = LINE ( 'NONE', #5880, #9323 ) ;
#1577 = ORIENTED_EDGE ( 'NONE', *, *, #9720, .F. ) ;
#1578 = VECTOR ( 'NONE', #10534, 1000.000000000000000 ) ;
#1579 = CARTESIAN_POINT ( 'NONE',  ( 2.188584073464102442, 0.0000000000000000000, 0.1250000000000000278 ) ) ;
#1580 = FACE_OUTER_BOUND ( 'NONE', #6289, .T. ) ;
#1581 = CARTESIAN_POINT ( 'NONE',  ( 0.2449999999999999956, 0.1000000000000000056, 2.220000000000000195 ) ) ;
#1582 = ORIENTED_EDGE ( 'NONE', *, *, #1060, .F. ) ;
#1583 = CARTESIAN_POINT ( 'NONE',  ( 0.7483333333333337389, 0.0000000000000000000, 2.100000000000000089 ) ) ;
#1584 = CARTESIAN_POINT ( 'NONE',  ( -1.410606984780609974, 0.9000000000000001332, -0.2390209085690840063 ) ) ;
#1585 = LINE ( 'NONE', #3492, #6860 ) ;
#1586 = ADVANCED_FACE ( 'NONE', ( #11288 ), #3097, .T. ) ;
#1587 = EDGE_CURVE ( 'NONE', #8641, #5066, #7054, .T. ) ;
#1588 = ORIENTED_EDGE ( 'NONE', *, *, #1179, .F. ) ;
#1589 = CARTESIAN_POINT ( 'NONE',  ( -0.7483333333333337389, 0.0000000000000000000, 2.100000000000000089 ) ) ;
#1590 = ORIENTED_EDGE ( 'NONE', *, *, #7912, .F. ) ;
#1591 = SURFACE_SIDE_STYLE ('',( #3263 ) ) ;
#1592 = ORIENTED_EDGE ( 'NONE', *, *, #8146, .T. ) ;
#1593 = ORIENTED_EDGE ( 'NONE', *, *, #681, .T. ) ;
#1594 = SURFACE_STYLE_FILL_AREA ( #8140 ) ;
#1595 = B_SPLINE_CURVE_WITH_KNOTS ( 'NONE', 3,
 ( #5940, #2351, #10587, #11476, #5991, #2399 ),
 .UNSPECIFIED., .F., .F.,
 ( 4, 2, 4 ),
 ( 0.0000000000000000000, 0.5000000000000000000, 1.000000000000000000 ),
 .UNSPECIFIED. ) ;
#1596 = CARTESIAN_POINT ( 'NONE',  ( 2.100000000000000089, 0.0000000000000000000, -1.254999999999999893 ) ) ;
#1597 = CARTESIAN_POINT ( 'NONE',  ( 1.625000000000000222, 0.0000000000000000000, -2.220000000000000195 ) ) ;
#1598 = SURFACE_SIDE_STYLE ('',( #8645 ) ) ;
#1599 = CYLINDRICAL_SURFACE ( 'NONE', #2595, 0.1199999999999998845 ) ;
#1600 = LINE ( 'NONE', #6126, #10321 ) ;
#1601 = EDGE_CURVE ( 'NONE', #2662, #7838, #5353, .T. ) ;
#1602 = ORIENTED_EDGE ( 'NONE', *, *, #10464, .T. ) ;
#1603 = PRESENTATION_LAYER_ASSIGNMENT (  '', '', ( #4085 ) ) ;
#1604 = CARTESIAN_POINT ( 'NONE',  ( 2.100000000000000533, -0.03000000000000000930, 1.786415926535897869 ) ) ;
#1605 = EDGE_LOOP ( 'NONE', ( #9137, #6573, #7397, #4002 ) ) ;
#1606 = LINE ( 'NONE', #4347, #7331 ) ;
#1607 = ORIENTED_EDGE ( 'NONE', *, *, #1238, .T. ) ;
#1608 = EDGE_CURVE ( 'NONE', #4278, #1922, #8648, .T. ) ;
#1609 = ORIENTED_EDGE ( 'NONE', *, *, #750, .T. ) ;
#1610 = SURFACE_STYLE_USAGE ( .BOTH. , #7029 ) ;
#1611 = CARTESIAN_POINT ( 'NONE',  ( -2.188584073464102442, 0.0000000000000000000, -1.375000000000000444 ) ) ;
#1612 = CARTESIAN_POINT ( 'NONE',  ( -0.5664332323023040239, 0.8900000000000000133, -0.1948431851118520020 ) ) ;
#1613 = SURFACE_SIDE_STYLE ('',( #2559 ) ) ;
#1614 = CARTESIAN_POINT ( 'NONE',  ( -0.3750000000000000000, 0.0000000000000000000, -2.220000000000000195 ) ) ;
#1615 = ADVANCED_FACE ( 'NONE', ( #2370 ), #1494, .T. ) ;
#1616 = CARTESIAN_POINT ( 'NONE',  ( 1.637932771566822598, -0.0000000000000000000, -2.157361600948406011 ) ) ;
#1617 = ORIENTED_EDGE ( 'NONE', *, *, #4697, .F. ) ;
#1618 = VERTEX_POINT ( 'NONE', #5061 ) ;
#1619 = ORIENTED_EDGE ( 'NONE', *, *, #2797, .T. ) ;
#1620 = CARTESIAN_POINT ( 'NONE',  ( 1.125000000000000222, -0.03000000000000000583, 2.220000000000000195 ) ) ;
#1621 = B_SPLINE_CURVE_WITH_KNOTS ( 'NONE', 3,
 ( #8961, #11690, #673, #3527 ),
 .UNSPECIFIED., .F., .F.,
 ( 4, 4 ),
 ( 0.0000000000000000000, 1.000000000000000000 ),
 .UNSPECIFIED. ) ;
#1622 = CARTESIAN_POINT ( 'NONE',  ( 1.875000000000000000, 0.1000000000000000056, 2.500105095651770082 ) ) ;
#1623 = ORIENTED_EDGE ( 'NONE', *, *, #2677, .F. ) ;
#1624 = CARTESIAN_POINT ( 'NONE',  ( 0.8125733770720221516, 0.8900000000000001243, 0.3196573895971220880 ) ) ;
#1625 = MECHANICAL_DESIGN_GEOMETRIC_PRESENTATION_REPRESENTATION (  '', ( #4663 ), #1070 ) ;
#1626 = CARTESIAN_POINT ( 'NONE',  ( -2.220000000000000195, -0.03000000000000000583, 0.8750000000000000000 ) ) ;
#1627 = EDGE_CURVE ( 'NONE', #11589, #11331, #1600, .T. ) ;
#1628 = CARTESIAN_POINT ( 'NONE',  ( 2.220000000000000195, 0.1000000000000000056, 0.1250000000000000000 ) ) ;
#1629 = CARTESIAN_POINT ( 'NONE',  ( 1.786415926535898091, -0.03000000000000000930, 2.100000000000000089 ) ) ;
#1630 = VECTOR ( 'NONE', #7555, 1000.000000000000000 ) ;
#1631 = AXIS2_PLACEMENT_3D ( 'NONE', #10882, #4541, #8902 ) ;
#1632 = CARTESIAN_POINT ( 'NONE',  ( 2.500223525886114739, 0.1000000000000000194, -0.8750000000000000000 ) ) ;
#1633 = CARTESIAN_POINT ( 'NONE',  ( 2.100000000000000089, 0.0000000000000000000, -0.2483333333333336834 ) ) ;
#1634 = ADVANCED_FACE ( 'NONE', ( #8704 ), #6913, .F. ) ;
#1635 = CARTESIAN_POINT ( 'NONE',  ( -0.2450000000000005784, 0.0000000000000000000, 2.100000000000000089 ) ) ;
#1636 = EDGE_LOOP ( 'NONE', ( #2866, #6101, #544, #11552 ) ) ;
#1637 = DIRECTION ( 'NONE',  ( -1.000000000000000000, 0.0000000000000000000, -0.0000000000000000000 ) ) ;
#1638 = CARTESIAN_POINT ( 'NONE',  ( 1.591083505372646645, 0.8900000000000000133, 0.2312067235917449892 ) ) ;
#1639 = SURFACE_STYLE_FILL_AREA ( #2653 ) ;
#1640 = LINE ( 'NONE', #5215, #2849 ) ;
#1641 = VERTEX_POINT ( 'NONE', #5178 ) ;
#1642 = LINE ( 'NONE', #4267, #3954 ) ;
#1643 = CARTESIAN_POINT ( 'NONE',  ( 2.220000000000000195, 0.0000000000000000000, 0.8750000000000001110 ) ) ;
#1644 = ORIENTED_EDGE ( 'NONE', *, *, #11533, .T. ) ;
#1645 = FACE_OUTER_BOUND ( 'NONE', #9487, .T. ) ;
#1646 = ORIENTED_EDGE ( 'NONE', *, *, #4061, .T. ) ;
#1647 = CARTESIAN_POINT ( 'NONE',  ( -0.03174059687929788737, 0.9000000000000001332, 0.3083217570670889751 ) ) ;
#1648 = AXIS2_PLACEMENT_3D ( 'NONE', #6180, #11559, #2729 ) ;
#1649 = B_SPLINE_CURVE_WITH_KNOTS ( 'NONE', 3,
 ( #7636, #10322, #9425, #376 ),
 .UNSPECIFIED., .F., .F.,
 ( 4, 4 ),
 ( 0.0000000000000000000, 1.000000000000000000 ),
 .UNSPECIFIED. ) ;
#1650 = EDGE_CURVE ( 'NONE', #4516, #9191, #5003, .T. ) ;
#1651 = ADVANCED_FACE ( 'NONE', ( #4174, #1387 ), #3271, .F. ) ;
#1652 = ORIENTED_EDGE ( 'NONE', *, *, #5455, .T. ) ;
#1653 = DIRECTION ( 'NONE',  ( 1.000000000000000000, 0.0000000000000000000, -0.0000000000000000000 ) ) ;
#1654 = ORIENTED_EDGE ( 'NONE', *, *, #9788, .F. ) ;
#1655 = PLANE ( 'NONE',  #11349 ) ;
#1656 = PRESENTATION_STYLE_ASSIGNMENT (( #8076 ) ) ;
#1657 = DIRECTION ( 'NONE',  ( -0.0000000000000000000, 1.000000000000000000, 0.0000000000000000000 ) ) ;
#1658 = CARTESIAN_POINT ( 'NONE',  ( -1.625000000000000222, 0.0000000000000000000, 2.313333333333333464 ) ) ;
#1659 = FILL_AREA_STYLE_COLOUR ( '', #3462 ) ;
#1660 = VERTEX_POINT ( 'NONE', #4578 ) ;
#1661 = VECTOR ( 'NONE', #349, 1000.000000000000000 ) ;
#1662 = CARTESIAN_POINT ( 'NONE',  ( -0.8750000000000001110, 0.0000000000000000000, 2.500000000000000000 ) ) ;
#1663 = ORIENTED_EDGE ( 'NONE', *, *, #897, .T. ) ;
#1664 = CARTESIAN_POINT ( 'NONE',  ( -0.8750000000000001110, -0.03000000000000000930, 2.188584073464102886 ) ) ;
#1665 = EDGE_CURVE ( 'NONE', #8432, #660, #9197, .T. ) ;
#1666 = ORIENTED_EDGE ( 'NONE', *, *, #2272, .F. ) ;
#1667 = PRESENTATION_LAYER_ASSIGNMENT (  '', '', ( #7941 ) ) ;
#1668 = VERTEX_POINT ( 'NONE', #8881 ) ;
#1669 = DIRECTION ( 'NONE',  ( 0.0000000000000000000, 0.0000000000000000000, -1.000000000000000000 ) ) ;
#1670 = CARTESIAN_POINT ( 'NONE',  ( -2.100000000000000089, 0.0000000000000000000, -1.286415926535898091 ) ) ;
#1671 = CARTESIAN_POINT ( 'NONE',  ( 2.220000000000000195, 0.0000000000000000000, -0.3750000000000000000 ) ) ;
#1672 = STYLED_ITEM ( 'NONE', ( #7541 ), #8177 ) ;
#1673 = CARTESIAN_POINT ( 'NONE',  ( 0.8750000000000001110, 0.0000000000000000000, 2.500000000000000000 ) ) ;
#1674 = UNCERTAINTY_MEASURE_WITH_UNIT (LENGTH_MEASURE( 1.000000000000000082E-05 ), #5246, 'distance_accuracy_value', 'NONE');
#1675 = CARTESIAN_POINT ( 'NONE',  ( 2.220000000000000195, -0.03000000000000000583, -1.125000000000000222 ) ) ;
#1676 = SURFACE_STYLE_USAGE ( .BOTH. , #4473 ) ;
#1677 = PRESENTATION_STYLE_ASSIGNMENT (( #10808 ) ) ;
#1678 =( NAMED_UNIT ( * ) PLANE_ANGLE_UNIT ( ) SI_UNIT ( $, .RADIAN. ) );
#1679 = EDGE_CURVE ( 'NONE', #9816, #11727, #8940, .T. ) ;
#1680 = ORIENTED_EDGE ( 'NONE', *, *, #2372, .T. ) ;
#1681 = B_SPLINE_CURVE_WITH_KNOTS ( 'NONE', 3,
 ( #6766, #6653, #10410, #5875, #4844, #9452, #3001 ),
 .UNSPECIFIED., .F., .F.,
 ( 4, 1, 1, 1, 4 ),
 ( 0.0000000000000000000, 0.0001649122391914343959, 0.0003298244783828687917, 0.0004947367175743032147, 0.0006596489567657375834 ),
 .UNSPECIFIED. ) ;
#1682 = EDGE_LOOP ( 'NONE', ( #9853, #8978, #7750, #6433, #5859, #3285 ) ) ;
#1683 = VECTOR ( 'NONE', #7598, 1000.000000000000000 ) ;
#1684 = EDGE_CURVE ( 'NONE', #7819, #9392, #6306, .T. ) ;
#1685 = ORIENTED_EDGE ( 'NONE', *, *, #4727, .T. ) ;
#1686 = CARTESIAN_POINT ( 'NONE',  ( 0.2083333333333333148, 0.1000000000000000056, 2.500105095651770082 ) ) ;
#1687 = B_SPLINE_CURVE_WITH_KNOTS ( 'NONE', 3,
 ( #11040, #6681, #10146, #9182 ),
 .UNSPECIFIED., .F., .F.,
 ( 4, 4 ),
 ( 0.0000000000000000000, 1.000000000000000000 ),
 .UNSPECIFIED. ) ;
#1688 = EDGE_LOOP ( 'NONE', ( #9645, #2059, #6508, #1514, #479 ) ) ;
#1689 = CARTESIAN_POINT ( 'NONE',  ( -0.2450000000000010225, 0.1000000000000000056, -2.100000000000000089 ) ) ;
#1690 = CARTESIAN_POINT ( 'NONE',  ( 0.2135840734641029359, -0.03000000000000000930, -2.100000000000000089 ) ) ;
#1691 = AXIS2_PLACEMENT_3D ( 'NONE', #5470, #8205, #5535 ) ;
#1692 = CARTESIAN_POINT ( 'NONE',  ( -1.137932771566822376, -0.0000000000000000000, 2.157361600948406011 ) ) ;
#1693 = LINE ( 'NONE', #10697, #3603 ) ;
#1694 = ORIENTED_EDGE ( 'NONE', *, *, #11005, .F. ) ;
#1695 = ADVANCED_FACE ( 'NONE', ( #783 ), #8145, .T. ) ;
#1696 = CARTESIAN_POINT ( 'NONE',  ( 2.500447051772229923, 0.1000000000000000056, -0.7083333333333333703 ) ) ;
#1697 = VECTOR ( 'NONE', #10756, 1000.000000000000000 ) ;
#1698 = CIRCLE ( 'NONE', #5699, 75.26957596295279984 ) ;
#1699 = LINE ( 'NONE', #6218, #7790 ) ;
#1700 = CARTESIAN_POINT ( 'NONE',  ( -0.8750000000000000000, 0.03333333333333333287, 2.500105095651770082 ) ) ;
#1701 = ORIENTED_EDGE ( 'NONE', *, *, #1561, .T. ) ;
#1702 = CARTESIAN_POINT ( 'NONE',  ( 1.875000000000000000, 0.03333333333333333287, -2.500105095651770082 ) ) ;
#1703 = LINE ( 'NONE', #10832, #3287 ) ;
#1704 = CARTESIAN_POINT ( 'NONE',  ( -1.650649060507320298, 0.8900000000000000133, -0.1404764682104099882 ) ) ;
#1705 = DIRECTION ( 'NONE',  ( -1.000000000000000000, 0.0000000000000000000, -0.0000000000000000000 ) ) ;
#1706 = VECTOR ( 'NONE', #64, 1000.000000000000000 ) ;
#1707 = CARTESIAN_POINT ( 'NONE',  ( 1.436427388513239478, 0.9000000000000001332, -0.3316052058057045171 ) ) ;
#1708 = ORIENTED_EDGE ( 'NONE', *, *, #7753, .F. ) ;
#1709 = ORIENTED_EDGE ( 'NONE', *, *, #6851, .T. ) ;
#1710 = DIRECTION ( 'NONE',  ( 0.0000000000000000000, 1.000000000000000000, -0.0000000000000000000 ) ) ;
#1711 = AXIS2_PLACEMENT_3D ( 'NONE', #4373, #7996, #11647 ) ;
#1712 = EDGE_CURVE ( 'NONE', #9227, #9581, #10914, .T. ) ;
#1713 = ORIENTED_EDGE ( 'NONE', *, *, #6951, .F. ) ;
#1714 = VECTOR ( 'NONE', #4327, 1000.000000000000000 ) ;
#1715 = CARTESIAN_POINT ( 'NONE',  ( -2.100000000000000089, -0.03000000000000000930, 1.286415926535898091 ) ) ;
#1716 = CARTESIAN_POINT ( 'NONE',  ( 2.500447051772229923, 0.1000000000000000056, 0.2916666666666666852 ) ) ;
#1717 = EDGE_LOOP ( 'NONE', ( #10231, #11246, #2691, #4732 ) ) ;
#1718 = AXIS2_PLACEMENT_3D ( 'NONE', #7268, #6363, #9891 ) ;
#1719 = CARTESIAN_POINT ( 'NONE',  ( 2.100000000000000089, 0.0000000000000000000, -1.213584073464102353 ) ) ;
#1720 =( GEOMETRIC_REPRESENTATION_CONTEXT ( 3 ) GLOBAL_UNCERTAINTY_ASSIGNED_CONTEXT ( ( #7635 ) ) GLOBAL_UNIT_ASSIGNED_CONTEXT ( ( #318, #2320, #9426 ) ) REPRESENTATION_CONTEXT ( 'NONE', 'WORKASPACE' ) );
#1721 = CARTESIAN_POINT ( 'NONE',  ( -2.313333333333333464, 0.0000000000000000000, -0.1250000000000000000 ) ) ;
#1722 = CARTESIAN_POINT ( 'NONE',  ( -0.7864159265358980910, 0.0000000000000000000, 2.100000000000000089 ) ) ;
#1723 = CARTESIAN_POINT ( 'NONE',  ( -2.100000000000000089, 0.0000000000000000000, 1.748333333333333517 ) ) ;
#1724 = CARTESIAN_POINT ( 'NONE',  ( -0.1250000000000000555, 0.0000000000000000000, -2.500000000000000000 ) ) ;
#1725 = CARTESIAN_POINT ( 'NONE',  ( 0.1250000000000001110, 0.03333333333333334675, 2.500000000000000000 ) ) ;
#1726 =( LENGTH_UNIT ( ) NAMED_UNIT ( * ) SI_UNIT ( .MILLI., .METRE. ) );
#1727 = ORIENTED_EDGE ( 'NONE', *, *, #2252, .F. ) ;
#1728 = EDGE_CURVE ( 'NONE', #3712, #344, #2674, .T. ) ;
#1729 = CARTESIAN_POINT ( 'NONE',  ( 1.875000000000000000, 0.0000000000000000000, 2.220000000000000195 ) ) ;
#1730 = DIRECTION ( 'NONE',  ( 1.000000000000000000, 0.0000000000000000000, -0.0000000000000000000 ) ) ;
#1731 = ORIENTED_EDGE ( 'NONE', *, *, #2156, .T. ) ;
#1732 = DIRECTION ( 'NONE',  ( -0.0000000000000000000, -1.000000000000000000, -0.0000000000000000000 ) ) ;
#1733 = ORIENTED_EDGE ( 'NONE', *, *, #2891, .T. ) ;
#1734 = CARTESIAN_POINT ( 'NONE',  ( 1.125000000000000222, -0.03000000000000000583, 2.220000000000000195 ) ) ;
#1735 = PLANE ( 'NONE',  #1250 ) ;
#1736 = DIRECTION ( 'NONE',  ( 0.0000000000000000000, 0.0000000000000000000, -1.000000000000000000 ) ) ;
#1737 = LINE ( 'NONE', #965, #8374 ) ;
#1738 = CARTESIAN_POINT ( 'NONE',  ( -2.406666666666666288, 0.0000000000000000000, 1.875000000000000000 ) ) ;
#1739 = CARTESIAN_POINT ( 'NONE',  ( 0.6250000000000001110, 0.03333333333333334675, 2.500000000000000000 ) ) ;
#1740 = CARTESIAN_POINT ( 'NONE',  ( 2.500447051772229923, -0.03000000000000000930, -0.6250000000000000000 ) ) ;
#1741 = ORIENTED_EDGE ( 'NONE', *, *, #969, .T. ) ;
#1742 = CARTESIAN_POINT ( 'NONE',  ( 2.100000000000000089, 0.0000000000000000000, 0.2483333333333336834 ) ) ;
#1743 = EDGE_CURVE ( 'NONE', #10881, #2415, #9062, .T. ) ;
#1744 = EDGE_CURVE ( 'NONE', #10667, #11280, #4515, .T. ) ;
#1745 =( NAMED_UNIT ( * ) SI_UNIT ( $, .STERADIAN. ) SOLID_ANGLE_UNIT ( ) );
#1746 = ORIENTED_EDGE ( 'NONE', *, *, #5637, .F. ) ;
#1747 = VERTEX_POINT ( 'NONE', #10012 ) ;
#1748 =( GEOMETRIC_REPRESENTATION_CONTEXT ( 3 ) GLOBAL_UNCERTAINTY_ASSIGNED_CONTEXT ( ( #3020 ) ) GLOBAL_UNIT_ASSIGNED_CONTEXT ( ( #3570, #2731, #4457 ) ) REPRESENTATION_CONTEXT ( 'NONE', 'WORKASPACE' ) );
#1749 = ORIENTED_EDGE ( 'NONE', *, *, #739, .T. ) ;
#1750 = CARTESIAN_POINT ( 'NONE',  ( -1.254999999999999893, -0.03000000000000000583, -2.100000000000000089 ) ) ;
#1751 = CARTESIAN_POINT ( 'NONE',  ( -0.5416666666666666297, 0.0000000000000000000, 2.500000000000000000 ) ) ;
#1752 = ORIENTED_EDGE ( 'NONE', *, *, #10848, .T. ) ;
#1753 = CARTESIAN_POINT ( 'NONE',  ( -2.313333333333333464, 0.0000000000000000000, -0.8750000000000000000 ) ) ;
#1754 = FILL_AREA_STYLE ('',( #36 ) ) ;
#1755 = EDGE_CURVE ( 'NONE', #3651, #1178, #3786, .T. ) ;
#1756 = FACE_OUTER_BOUND ( 'NONE', #10490, .T. ) ;
#1757 = AXIS2_PLACEMENT_3D ( 'NONE', #4991, #3139, #10428 ) ;
#1758 = EDGE_CURVE ( 'NONE', #7737, #112, #9113, .T. ) ;
#1759 = CARTESIAN_POINT ( 'NONE',  ( -1.625000000000000222, -0.03000000000000000583, -2.220000000000000195 ) ) ;
#1760 = UNCERTAINTY_MEASURE_WITH_UNIT (LENGTH_MEASURE( 1.000000000000000082E-05 ), #11371, 'distance_accuracy_value', 'NONE');
#1761 = ORIENTED_EDGE ( 'NONE', *, *, #10865, .F. ) ;
#1762 = CARTESIAN_POINT ( 'NONE',  ( -1.786415926535898091, -0.03000000000000000930, -2.100000000000000089 ) ) ;
#1763 = ORIENTED_EDGE ( 'NONE', *, *, #413, .T. ) ;
#1764 = CARTESIAN_POINT ( 'NONE',  ( 0.3750000000000000000, 0.0000000000000000000, -2.500000000000000000 ) ) ;
#1765 = EDGE_CURVE ( 'NONE', #7896, #4927, #3066, .T. ) ;
#1766 = ADVANCED_FACE ( 'NONE', ( #3016 ), #6671, .T. ) ;
#1767 = DIRECTION ( 'NONE',  ( 0.0000000000000000000, 0.0000000000000000000, 1.000000000000000000 ) ) ;
#1768 = PLANE ( 'NONE',  #6016 ) ;
#1769 = CARTESIAN_POINT ( 'NONE',  ( 2.500447051772229923, 0.1000000000000000056, 1.875000000000000000 ) ) ;
#1770 = ORIENTED_EDGE ( 'NONE', *, *, #9555, .T. ) ;
#1771 = CARTESIAN_POINT ( 'NONE',  ( 0.3750000000000000000, 0.0000000000000000000, 2.220000000000000195 ) ) ;
#1772 = FACE_OUTER_BOUND ( 'NONE', #2228, .T. ) ;
#1773 = VERTEX_POINT ( 'NONE', #360 ) ;
#1774 = ADVANCED_FACE ( 'NONE', ( #10253 ), #2065, .T. ) ;
#1775 = CARTESIAN_POINT ( 'NONE',  ( 2.500000000000000000, 0.0000000000000000000, 1.125000000000000222 ) ) ;
#1776 = EDGE_LOOP ( 'NONE', ( #2528, #6028, #5786, #11665 ) ) ;
#1777 = VERTEX_POINT ( 'NONE', #10364 ) ;
#1778 = CARTESIAN_POINT ( 'NONE',  ( 2.000000000000000000, 0.8900000000000000133, 1.850000000000000089 ) ) ;
#1779 = EDGE_LOOP ( 'NONE', ( #1315, #6832, #1239, #7942, #7344 ) ) ;
#1780 = SURFACE_STYLE_USAGE ( .BOTH. , #9824 ) ;
#1781 = PLANE ( 'NONE',  #4609 ) ;
#1782 = VECTOR ( 'NONE', #8433, 1000.000000000000000 ) ;
#1783 = CARTESIAN_POINT ( 'NONE',  ( 1.213584073464102353, 0.0000000000000000000, 2.100000000000000089 ) ) ;
#1784 = FACE_OUTER_BOUND ( 'NONE', #5106, .T. ) ;
#1785 = LINE ( 'NONE', #10788, #2463 ) ;
#1786 = CARTESIAN_POINT ( 'NONE',  ( -1.718864447618059899, 0.8999999999999911404, -0.1828851190005490179 ) ) ;
#1787 = DIRECTION ( 'NONE',  ( -0.0000000000000000000, 1.000000000000000000, -0.0000000000000000000 ) ) ;
#1788 = ORIENTED_EDGE ( 'NONE', *, *, #440, .F. ) ;
#1789 = EDGE_CURVE ( 'NONE', #2441, #10486, #6185, .T. ) ;
#1790 = VERTEX_POINT ( 'NONE', #9172 ) ;
#1791 = CARTESIAN_POINT ( 'NONE',  ( 2.100000000000000089, -0.03000000000000000930, -1.254999999999999893 ) ) ;
#1792 = ORIENTED_EDGE ( 'NONE', *, *, #4779, .T. ) ;
#1793 = ORIENTED_EDGE ( 'NONE', *, *, #7200, .T. ) ;
#1794 = EDGE_CURVE ( 'NONE', #729, #7629, #1013, .T. ) ;
#1795 = PLANE ( 'NONE',  #9327 ) ;
#1796 = SURFACE_STYLE_FILL_AREA ( #4636 ) ;
#1797 = PLANE ( 'NONE',  #11542 ) ;
#1798 =( LENGTH_UNIT ( ) NAMED_UNIT ( * ) SI_UNIT ( .MILLI., .METRE. ) );
#1799 =( NAMED_UNIT ( * ) PLANE_ANGLE_UNIT ( ) SI_UNIT ( $, .RADIAN. ) );
#1800 = ORIENTED_EDGE ( 'NONE', *, *, #11597, .T. ) ;
#1801 = B_SPLINE_CURVE_WITH_KNOTS ( 'NONE', 3,
 ( #578, #5029, #3183, #7604 ),
 .UNSPECIFIED., .F., .F.,
 ( 4, 4 ),
 ( 0.0000000000000000000, 1.000000000000000000 ),
 .UNSPECIFIED. ) ;
#1802 = DIRECTION ( 'NONE',  ( 0.0000000000000000000, -0.0000000000000000000, -1.000000000000000000 ) ) ;
#1803 = CARTESIAN_POINT ( 'NONE',  ( -1.061077176307170244, 0.8900000000000000133, 0.1447185921249100060 ) ) ;
#1804 = ORIENTED_EDGE ( 'NONE', *, *, #8244, .T. ) ;
#1805 = ORIENTED_EDGE ( 'NONE', *, *, #1017, .T. ) ;
#1806 = VECTOR ( 'NONE', #4686, 1000.000000000000000 ) ;
#1807 = VERTEX_POINT ( 'NONE', #11146 ) ;
#1808 = EDGE_CURVE ( 'NONE', #11122, #2441, #2846, .T. ) ;
#1809 = DIRECTION ( 'NONE',  ( 0.0000000000000000000, 0.0000000000000000000, 1.000000000000000000 ) ) ;
#1810 = CARTESIAN_POINT ( 'NONE',  ( -2.188584073464102442, -0.03000000000000000930, -0.1249999999999999722 ) ) ;
#1811 = ADVANCED_FACE ( 'NONE', ( #3805 ), #11087, .F. ) ;
#1812 = DIRECTION ( 'NONE',  ( 0.0000000000000000000, -1.000000000000000000, 0.0000000000000000000 ) ) ;
#1813 = DIRECTION ( 'NONE',  ( 0.0000000000000000000, 1.000000000000000000, 0.0000000000000000000 ) ) ;
#1814 = VECTOR ( 'NONE', #545, 1000.000000000000000 ) ;
#1815 = FILL_AREA_STYLE ('',( #224 ) ) ;
#1816 = CARTESIAN_POINT ( 'NONE',  ( 1.875000000000000000, -0.03000000000000000930, 2.188584073464102442 ) ) ;
#1817 = ORIENTED_EDGE ( 'NONE', *, *, #7272, .F. ) ;
#1818 = DIRECTION ( 'NONE',  ( 0.0000000000000000000, 1.000000000000000000, 0.0000000000000000000 ) ) ;
#1819 = CARTESIAN_POINT ( 'NONE',  ( -2.499999999999999556, 0.9000000000000001332, 2.500000000000000000 ) ) ;
#1820 = EDGE_CURVE ( 'NONE', #475, #1497, #10194, .T. ) ;
#1821 = VERTEX_POINT ( 'NONE', #2904 ) ;
#1822 = CARTESIAN_POINT ( 'NONE',  ( 1.446694957894780309, 0.0000000000000000000, 1.750000000000000222 ) ) ;
#1823 = PRESENTATION_STYLE_ASSIGNMENT (( #7250 ) ) ;
#1824 = CARTESIAN_POINT ( 'NONE',  ( 1.750000000000000000, -0.03000000000000000236, 1.446694957894779865 ) ) ;
#1825 = CARTESIAN_POINT ( 'NONE',  ( 0.5050822880872269938, 0.8900000000000000133, -0.3222321078142260653 ) ) ;
#1826 =( NAMED_UNIT ( * ) PLANE_ANGLE_UNIT ( ) SI_UNIT ( $, .RADIAN. ) );
#1827 = VERTEX_POINT ( 'NONE', #2012 ) ;
#1828 = PLANE ( 'NONE',  #6648 ) ;
#1829 = ORIENTED_EDGE ( 'NONE', *, *, #9871, .T. ) ;
#1830 = EDGE_CURVE ( 'NONE', #297, #2363, #801, .T. ) ;
#1831 = CARTESIAN_POINT ( 'NONE',  ( -2.100000000000000089, -0.03000000000000000583, -1.254999999999999893 ) ) ;
#1832 = B_SPLINE_CURVE_WITH_KNOTS ( 'NONE', 3,
 ( #10928, #2740, #6377, #1858, #1971, #316, #9303, #1141, #10262, #5728, #4818, #8338, #7570, #3754, #3936, #1024, #11160, #5602, #2971, #1080, #5550, #2859, #1913, #257, #6440, #7508, #11220, #5659, #6501, #11043, #10147, #9241, #4638, #6619 ),
 .UNSPECIFIED., .F., .F.,
 ( 4, 2, 2, 1, 1, 2, 2, 2, 2, 2, 2, 2, 2, 2, 2, 2, 2, 4 ),
 ( 0.0000000000000000000, 0.06249999999999955591, 0.1249999999999991118, 0.1874999999999986677, 0.2187499999999983347, 0.2343749999999983069, 0.2499999999999982792, 0.3124999999999985567, 0.3749999999999988343, 0.4374999999999991118, 0.4999999999999994449, 0.5624999999999994449, 0.5937499999999995559, 0.6249999999999996669, 0.7500000000000000000, 0.8125000000000000000, 0.8750000000000000000, 1.000000000000000000 ),
 .UNSPECIFIED. ) ;
#1833 = ORIENTED_EDGE ( 'NONE', *, *, #8053, .F. ) ;
#1834 = CARTESIAN_POINT ( 'NONE',  ( -1.375000000000000000, -0.03000000000000000930, -2.500105095651770082 ) ) ;
#1835 = ADVANCED_FACE ( 'NONE', ( #9232 ), #125, .F. ) ;
#1836 = ORIENTED_EDGE ( 'NONE', *, *, #6919, .T. ) ;
#1837 = CARTESIAN_POINT ( 'NONE',  ( -2.112932771566822687, -0.0000000000000000000, 1.182361600948406588 ) ) ;
#1838 = AXIS2_PLACEMENT_3D ( 'NONE', #3433, #7064, #6161 ) ;
#1839 = CARTESIAN_POINT ( 'NONE',  ( 0.8750000000000001110, 0.0000000000000000000, -2.220000000000000195 ) ) ;
#1840 = AXIS2_PLACEMENT_3D ( 'NONE', #8969, #4360, #745 ) ;
#1841 = B_SPLINE_CURVE_WITH_KNOTS ( 'NONE', 3,
 ( #2671, #7267, #7140, #7085, #8935, #7961 ),
 .UNSPECIFIED., .F., .F.,
 ( 4, 2, 4 ),
 ( 0.0000000000000000000, 0.5000000000000000000, 1.000000000000000000 ),
 .UNSPECIFIED. ) ;
#1842 =( NAMED_UNIT ( * ) PLANE_ANGLE_UNIT ( ) SI_UNIT ( $, .RADIAN. ) );
#1843 = SURFACE_STYLE_FILL_AREA ( #6176 ) ;
#1844 = LINE ( 'NONE', #4682, #6829 ) ;
#1845 = PRESENTATION_STYLE_ASSIGNMENT (( #10009 ) ) ;
#1846 = CARTESIAN_POINT ( 'NONE',  ( -0.4583333333333333148, 0.0000000000000000000, -2.500000000000000000 ) ) ;
#1847 = DIRECTION ( 'NONE',  ( 0.0000000000000000000, 0.0000000000000000000, 1.000000000000000000 ) ) ;
#1848 = ORIENTED_EDGE ( 'NONE', *, *, #1265, .T. ) ;
#1849 = AXIS2_PLACEMENT_3D ( 'NONE', #513, #10345, #9512 ) ;
#1850 = CARTESIAN_POINT ( 'NONE',  ( 0.3154900787141289853, 0.8900000000000000133, 0.2333369731352570031 ) ) ;
#1851 = VERTEX_POINT ( 'NONE', #1959 ) ;
#1852 = EDGE_CURVE ( 'NONE', #2882, #4032, #5591, .T. ) ;
#1853 = EDGE_LOOP ( 'NONE', ( #3517, #1467, #5629, #14, #1548, #784 ) ) ;
#1854 = ORIENTED_EDGE ( 'NONE', *, *, #6345, .F. ) ;
#1855 = CARTESIAN_POINT ( 'NONE',  ( -2.157361600948406455, -0.0000000000000000000, -1.362067228433177624 ) ) ;
#1856 = FILL_AREA_STYLE_COLOUR ( '', #9722 ) ;
#1857 = CARTESIAN_POINT ( 'NONE',  ( -1.846664523415020076, 0.8900000000000000133, 0.02303139907595989910 ) ) ;
#1858 = CARTESIAN_POINT ( 'NONE',  ( 0.8244921200770147784, 0.8999999999999999112, -0.3449594410397156530 ) ) ;
#1859 = SURFACE_SIDE_STYLE ('',( #7283 ) ) ;
#1860 = CARTESIAN_POINT ( 'NONE',  ( -2.157361600948405123, -0.03000000000000001277, -0.6379327715668227095 ) ) ;
#1861 = CARTESIAN_POINT ( 'NONE',  ( 2.157361600948405123, -0.03000000000000001277, 0.1379327715668225984 ) ) ;
#1862 = CARTESIAN_POINT ( 'NONE',  ( 2.500447051772229923, -0.03000000000000000930, -0.8750000000000000000 ) ) ;
#1863 = ADVANCED_FACE ( 'NONE', ( #9354 ), #11274, .F. ) ;
#1864 = ORIENTED_EDGE ( 'NONE', *, *, #9730, .T. ) ;
#1865 = CIRCLE ( 'NONE', #11756, 0.5065972192740250124 ) ;
#1866 = ORIENTED_EDGE ( 'NONE', *, *, #6989, .F. ) ;
#1867 = ORIENTED_EDGE ( 'NONE', *, *, #1376, .T. ) ;
#1868 = CARTESIAN_POINT ( 'NONE',  ( -2.220000000000000195, -0.03000000000000000583, -0.6250000000000000000 ) ) ;
#1869 = CARTESIAN_POINT ( 'NONE',  ( -0.7483565433187380211, 0.9000000000000001332, 0.0000000000000000000 ) ) ;
#1870 = VERTEX_POINT ( 'NONE', #5831 ) ;
#1871 = DIRECTION ( 'NONE',  ( 0.0000000000000000000, -0.0000000000000000000, -1.000000000000000000 ) ) ;
#1872 = CARTESIAN_POINT ( 'NONE',  ( 1.823365593190779954, 0.9000000000000001332, -0.05997179474196869670 ) ) ;
#1873 = CARTESIAN_POINT ( 'NONE',  ( 0.2450000000000010225, 0.1000000000000000056, 2.100000000000000089 ) ) ;
#1874 = AXIS2_PLACEMENT_3D ( 'NONE', #9440, #1399, #4015 ) ;
#1875 = FACE_OUTER_BOUND ( 'NONE', #7358, .T. ) ;
#1876 = FACE_OUTER_BOUND ( 'NONE', #10894, .T. ) ;
#1877 = VECTOR ( 'NONE', #9524, 1000.000000000000000 ) ;
#1878 = ADVANCED_FACE ( 'NONE', ( #3315 ), #8745, .T. ) ;
#1879 = DIRECTION ( 'NONE',  ( 0.0000000000000000000, -1.000000000000000000, 0.0000000000000000000 ) ) ;
#1880 = DIRECTION ( 'NONE',  ( 0.0000000000000000000, -1.000000000000000000, 0.0000000000000000000 ) ) ;
#1881 = ORIENTED_EDGE ( 'NONE', *, *, #9390, .T. ) ;
#1882 = ORIENTED_EDGE ( 'NONE', *, *, #6266, .T. ) ;
#1883 =( NAMED_UNIT ( * ) SI_UNIT ( $, .STERADIAN. ) SOLID_ANGLE_UNIT ( ) );
#1884 = CARTESIAN_POINT ( 'NONE',  ( 1.375000000000000000, -0.03000000000000000583, 2.220000000000000195 ) ) ;
#1885 = LINE ( 'NONE', #766, #5504 ) ;
#1886 = ADVANCED_FACE ( 'NONE', ( #3371 ), #2183, .T. ) ;
#1887 = PRESENTATION_LAYER_ASSIGNMENT (  '', '', ( #4192 ) ) ;
#1888 = ORIENTED_EDGE ( 'NONE', *, *, #2677, .T. ) ;
#1889 = CARTESIAN_POINT ( 'NONE',  ( 2.220000000000000195, -0.03000000000000000583, 1.875000000000000000 ) ) ;
#1890 = ORIENTED_EDGE ( 'NONE', *, *, #7013, .T. ) ;
#1891 = CARTESIAN_POINT ( 'NONE',  ( 0.8750000000000000000, -0.03000000000000000583, -2.220000000000000195 ) ) ;
#1892 = CARTESIAN_POINT ( 'NONE',  ( -2.499999999999999556, 0.0000000000000000000, 0.3749999999999991673 ) ) ;
#1893 = ORIENTED_EDGE ( 'NONE', *, *, #8699, .T. ) ;
#1894 = PLANE ( 'NONE',  #10156 ) ;
#1895 = DIRECTION ( 'NONE',  ( 0.0000000000000000000, -1.000000000000000000, -0.0000000000000000000 ) ) ;
#1896 = MECHANICAL_DESIGN_GEOMETRIC_PRESENTATION_REPRESENTATION (  '', ( #6658 ), #11240 ) ;
#1897 = CARTESIAN_POINT ( 'NONE',  ( -0.6379327715668225984, -0.03000000000000001277, 2.157361600948406455 ) ) ;
#1898 = CARTESIAN_POINT ( 'NONE',  ( 2.220000000000000195, 0.1000000000000000056, 1.754999999999999893 ) ) ;
#1899 = ORIENTED_EDGE ( 'NONE', *, *, #9582, .F. ) ;
#1900 = SURFACE_STYLE_USAGE ( .BOTH. , #11029 ) ;
#1901 = ADVANCED_FACE ( 'NONE', ( #2241 ), #422, .F. ) ;
#1902 = EDGE_CURVE ( 'NONE', #1567, #10170, #6632, .T. ) ;
#1903 = VECTOR ( 'NONE', #4265, 1000.000000000000000 ) ;
#1904 = SURFACE_STYLE_FILL_AREA ( #10795 ) ;
#1905 = COLOUR_RGB ( '',1.000000000000000000, 1.000000000000000000, 1.000000000000000000 ) ;
#1906 = ORIENTED_EDGE ( 'NONE', *, *, #70, .T. ) ;
#1907 = VECTOR ( 'NONE', #3666, 1000.000000000000000 ) ;
#1908 = ORIENTED_EDGE ( 'NONE', *, *, #8732, .T. ) ;
#1909 = DIRECTION ( 'NONE',  ( 0.0000000000000000000, 0.0000000000000000000, 1.000000000000000000 ) ) ;
#1910 =( LENGTH_UNIT ( ) NAMED_UNIT ( * ) SI_UNIT ( .MILLI., .METRE. ) );
#1911 =( NAMED_UNIT ( * ) SI_UNIT ( $, .STERADIAN. ) SOLID_ANGLE_UNIT ( ) );
#1912 = DIRECTION ( 'NONE',  ( -0.0000000000000000000, -1.000000000000000000, -0.0000000000000000000 ) ) ;
#1913 = CARTESIAN_POINT ( 'NONE',  ( 0.8546913029851842536, 0.9000000000000000222, 0.3184063502396323742 ) ) ;
#1914 = ADVANCED_FACE ( 'NONE', ( #6053 ), #2305, .T. ) ;
#1915 = CARTESIAN_POINT ( 'NONE',  ( 0.3750000000000000000, 0.0000000000000000000, -2.220000000000000195 ) ) ;
#1916 = LINE ( 'NONE', #968, #11606 ) ;
#1917 = ORIENTED_EDGE ( 'NONE', *, *, #4177, .F. ) ;
#1918 = PRESENTATION_LAYER_ASSIGNMENT (  '', '', ( #2092 ) ) ;
#1919 = EDGE_CURVE ( 'NONE', #666, #9236, #5195, .T. ) ;
#1920 = EDGE_LOOP ( 'NONE', ( #5998, #8230, #5536, #11052, #9355, #7108 ) ) ;
#1921 = EDGE_LOOP ( 'NONE', ( #3388, #3232, #3776, #2541, #7891 ) ) ;
#1922 = VERTEX_POINT ( 'NONE', #4158 ) ;
#1923 = CARTESIAN_POINT ( 'NONE',  ( -2.220000000000000195, 0.1000000000000000056, 0.6250000000000000000 ) ) ;
#1924 = ORIENTED_EDGE ( 'NONE', *, *, #5585, .F. ) ;
#1925 = CARTESIAN_POINT ( 'NONE',  ( -2.500447051772229923, -0.03000000000000000930, 0.6250000000000000000 ) ) ;
#1926 = FACE_OUTER_BOUND ( 'NONE', #5352, .T. ) ;
#1927 = CARTESIAN_POINT ( 'NONE',  ( 2.220000000000000195, -0.03000000000000000583, -0.8750000000000000000 ) ) ;
#1928 =( LENGTH_UNIT ( ) NAMED_UNIT ( * ) SI_UNIT ( .MILLI., .METRE. ) );
#1929 = ADVANCED_FACE ( 'NONE', ( #10541 ), #4217, .T. ) ;
#1930 = CARTESIAN_POINT ( 'NONE',  ( -1.055112477585320008, 0.9000000000000001332, -0.1633154918677859890 ) ) ;
#1931 = B_SPLINE_CURVE_WITH_KNOTS ( 'NONE', 3,
 ( #2982, #330, #90, #11112, #2036, #6631 ),
 .UNSPECIFIED., .F., .F.,
 ( 4, 2, 4 ),
 ( 0.0000000000000000000, 0.5000000000000000000, 1.000000000000000000 ),
 .UNSPECIFIED. ) ;
#1932 = ORIENTED_EDGE ( 'NONE', *, *, #1224, .T. ) ;
#1933 = DIRECTION ( 'NONE',  ( -0.0000000000000000000, -1.000000000000000000, 0.0000000000000000000 ) ) ;
#1934 =( NAMED_UNIT ( * ) SI_UNIT ( $, .STERADIAN. ) SOLID_ANGLE_UNIT ( ) );
#1935 = ORIENTED_EDGE ( 'NONE', *, *, #9647, .T. ) ;
#1936 = ORIENTED_EDGE ( 'NONE', *, *, #8084, .T. ) ;
#1937 = CARTESIAN_POINT ( 'NONE',  ( 1.833079853516319968, 0.8900000000000000133, -0.3316052058057050167 ) ) ;
#1938 = DIRECTION ( 'NONE',  ( 0.0000000000000000000, 1.000000000000000000, -0.0000000000000000000 ) ) ;
#1939 = ADVANCED_FACE ( 'NONE', ( #11545 ), #9694, .T. ) ;
#1940 = VECTOR ( 'NONE', #4472, 1000.000000000000000 ) ;
#1941 = LINE ( 'NONE', #10052, #3738 ) ;
#1942 = LINE ( 'NONE', #3730, #11195 ) ;
#1943 = CARTESIAN_POINT ( 'NONE',  ( 1.708333333333333481, 0.1000000000000000056, -2.500105095651770082 ) ) ;
#1944 = DIRECTION ( 'NONE',  ( -1.000000000000000000, 0.0000000000000000000, -0.0000000000000000000 ) ) ;
#1945 = ORIENTED_EDGE ( 'NONE', *, *, #7768, .T. ) ;
#1946 = VECTOR ( 'NONE', #4744, 1000.000000000000000 ) ;
#1947 = CARTESIAN_POINT ( 'NONE',  ( -1.745000000000000551, 0.0000000000000000000, -2.100000000000000089 ) ) ;
#1948 = FACE_OUTER_BOUND ( 'NONE', #3592, .T. ) ;
#1949 = ORIENTED_EDGE ( 'NONE', *, *, #3919, .T. ) ;
#1950 = CARTESIAN_POINT ( 'NONE',  ( 0.3623593114750309763, 0.8900000000000000133, 0.07326250548071279456 ) ) ;
#1951 = PLANE ( 'NONE',  #9386 ) ;
#1952 = B_SPLINE_CURVE_WITH_KNOTS ( 'NONE', 3,
 ( #4097, #3133, #7722, #1369, #8740, #2299 ),
 .UNSPECIFIED., .F., .F.,
 ( 4, 2, 4 ),
 ( 0.0000000000000000000, 0.5000000000000000000, 1.000000000000000000 ),
 .UNSPECIFIED. ) ;
#1953 = ADVANCED_FACE ( 'NONE', ( #3555 ), #53, .T. ) ;
#1954 = EDGE_CURVE ( 'NONE', #3989, #7456, #8128, .T. ) ;
#1955 = CARTESIAN_POINT ( 'NONE',  ( 1.875000000000000000, -0.03000000000000000930, 2.500105095651770082 ) ) ;
#1956 = PRESENTATION_STYLE_ASSIGNMENT (( #10191 ) ) ;
#1957 = ORIENTED_EDGE ( 'NONE', *, *, #869, .F. ) ;
#1958 =( GEOMETRIC_REPRESENTATION_CONTEXT ( 3 ) GLOBAL_UNCERTAINTY_ASSIGNED_CONTEXT ( ( #6729 ) ) GLOBAL_UNIT_ASSIGNED_CONTEXT ( ( #11233, #2811, #6630 ) ) REPRESENTATION_CONTEXT ( 'NONE', 'WORKASPACE' ) );
#1959 = CARTESIAN_POINT ( 'NONE',  ( 0.7450000000000006617, -0.03000000000000000583, 2.100000000000000089 ) ) ;
#1960 = ORIENTED_EDGE ( 'NONE', *, *, #1463, .T. ) ;
#1961 = SURFACE_SIDE_STYLE ('',( #10861 ) ) ;
#1962 = ORIENTED_EDGE ( 'NONE', *, *, #8788, .T. ) ;
#1963 = AXIS2_PLACEMENT_3D ( 'NONE', #11426, #3251, #10592 ) ;
#1964 = FACE_OUTER_BOUND ( 'NONE', #1035, .T. ) ;
#1965 = ORIENTED_EDGE ( 'NONE', *, *, #69, .F. ) ;
#1966 = ORIENTED_EDGE ( 'NONE', *, *, #4932, .T. ) ;
#1967 = DIRECTION ( 'NONE',  ( 0.0000000000000000000, 0.0000000000000000000, -1.000000000000000000 ) ) ;
#1968 = ADVANCED_FACE ( 'NONE', ( #1772 ), #3439, .T. ) ;
#1969 = CARTESIAN_POINT ( 'NONE',  ( 2.500000000000000000, 0.0000000000000000000, 0.1250000000000000555 ) ) ;
#1970 = LINE ( 'NONE', #2917, #5914 ) ;
#1971 = CARTESIAN_POINT ( 'NONE',  ( 0.8640475893428009035, 0.9000000000000000222, -0.3429256466198131181 ) ) ;
#1972 = DIRECTION ( 'NONE',  ( -0.0000000000000000000, -1.000000000000000000, 0.0000000000000000000 ) ) ;
#1973 = EDGE_LOOP ( 'NONE', ( #11275, #6930, #6270, #4689 ) ) ;
#1974 = LINE ( 'NONE', #206, #7232 ) ;
#1975 = EDGE_LOOP ( 'NONE', ( #1430, #10735, #6629, #7872, #3125, #2465 ) ) ;
#1976 = EDGE_CURVE ( 'NONE', #1416, #2388, #5065, .T. ) ;
#1977 = VERTEX_POINT ( 'NONE', #10655 ) ;
#1978 = CARTESIAN_POINT ( 'NONE',  ( -0.1412354234161199984, 0.8900000000000000133, -0.3316052058057050167 ) ) ;
#1979 = ORIENTED_EDGE ( 'NONE', *, *, #10312, .F. ) ;
#1980 = SURFACE_STYLE_FILL_AREA ( #8536 ) ;
#1981 = DIRECTION ( 'NONE',  ( -0.0000000000000000000, -1.000000000000000000, -0.0000000000000000000 ) ) ;
#1982 = ADVANCED_FACE ( 'NONE', ( #7951 ), #10711, .F. ) ;
#1983 = CARTESIAN_POINT ( 'NONE',  ( 1.422691962381610109, 0.8899999999999989031, -0.06973913874182940953 ) ) ;
#1984 = CARTESIAN_POINT ( 'NONE',  ( 2.500000000000000000, 0.9000000000000001332, -0.8749999999999998890 ) ) ;
#1985 =( LENGTH_UNIT ( ) NAMED_UNIT ( * ) SI_UNIT ( .MILLI., .METRE. ) );
#1986 = B_SPLINE_CURVE_WITH_KNOTS ( 'NONE', 3,
 ( #8031, #7155, #4469, #10802, #904, #9962 ),
 .UNSPECIFIED., .F., .F.,
 ( 4, 2, 4 ),
 ( 0.0000000000000000000, 0.5000000000000000000, 1.000000000000000000 ),
 .UNSPECIFIED. ) ;
#1987 = CARTESIAN_POINT ( 'NONE',  ( 0.7999088249101118375, 0.8900000000000000133, -0.1552205436024176599 ) ) ;
#1988 = ORIENTED_EDGE ( 'NONE', *, *, #10366, .F. ) ;
#1989 = CARTESIAN_POINT ( 'NONE',  ( -2.157361600948406011, -0.03000000000000000930, 1.637932771566822598 ) ) ;
#1990 = CARTESIAN_POINT ( 'NONE',  ( 2.157361600948406011, -0.0000000000000000000, 1.137932771566822376 ) ) ;
#1991 = VERTEX_POINT ( 'NONE', #6166 ) ;
#1992 = CARTESIAN_POINT ( 'NONE',  ( 0.9583333333333333703, 0.0000000000000000000, 2.500000000000000000 ) ) ;
#1993 = ORIENTED_EDGE ( 'NONE', *, *, #5149, .T. ) ;
#1994 = EDGE_CURVE ( 'NONE', #2039, #8187, #2916, .T. ) ;
#1995 = EDGE_LOOP ( 'NONE', ( #5529, #9932, #2070, #274, #7163, #9878 ) ) ;
#1996 = CARTESIAN_POINT ( 'NONE',  ( 0.0000000000000000000, 0.9000000000000001332, 0.0000000000000000000 ) ) ;
#1997 = CARTESIAN_POINT ( 'NONE',  ( 1.625000000000000222, 0.0000000000000000000, -2.500000000000000000 ) ) ;
#1998 = CARTESIAN_POINT ( 'NONE',  ( -0.7864159265358973139, 0.0000000000000000000, -2.100000000000000533 ) ) ;
#1999 = DIRECTION ( 'NONE',  ( 0.0000000000000000000, 0.0000000000000000000, 1.000000000000000000 ) ) ;
#2000 = VERTEX_POINT ( 'NONE', #6656 ) ;
#2001 = EDGE_CURVE ( 'NONE', #10570, #2161, #944, .T. ) ;
#2002 = VECTOR ( 'NONE', #612, 1000.000000000000000 ) ;
#2003 = B_SPLINE_CURVE_WITH_KNOTS ( 'NONE', 3,
 ( #9591, #1262, #7632, #3032 ),
 .UNSPECIFIED., .F., .F.,
 ( 4, 4 ),
 ( 0.0000000000000000000, 1.000000000000000000 ),
 .UNSPECIFIED. ) ;
#2004 = CARTESIAN_POINT ( 'NONE',  ( -1.061077176307170244, 0.9000000000000001332, 0.1447185921249100060 ) ) ;
#2005 = CARTESIAN_POINT ( 'NONE',  ( -2.100000000000000089, 0.0000000000000000000, 1.254999999999999893 ) ) ;
#2006 = ORIENTED_EDGE ( 'NONE', *, *, #5257, .T. ) ;
#2007 = CARTESIAN_POINT ( 'NONE',  ( 0.7450000000000009948, 0.1000000000000000056, -2.100000000000000089 ) ) ;
#2008 = FACE_OUTER_BOUND ( 'NONE', #11388, .T. ) ;
#2009 = CARTESIAN_POINT ( 'NONE',  ( 1.639653194964890037, 0.9000000000000001332, 0.3083217570670889751 ) ) ;
#2010 =( GEOMETRIC_REPRESENTATION_CONTEXT ( 3 ) GLOBAL_UNCERTAINTY_ASSIGNED_CONTEXT ( ( #3774 ) ) GLOBAL_UNIT_ASSIGNED_CONTEXT ( ( #10853, #2420, #9887 ) ) REPRESENTATION_CONTEXT ( 'NONE', 'WORKASPACE' ) );
#2011 = CARTESIAN_POINT ( 'NONE',  ( 0.3750000000000000000, 0.1000000000000000194, -2.500052547825884819 ) ) ;
#2012 = CARTESIAN_POINT ( 'NONE',  ( -0.03174059687929790124, 0.9000000000000001332, 0.2333369731352570031 ) ) ;
#2013 = ORIENTED_EDGE ( 'NONE', *, *, #8425, .T. ) ;
#2014 = ADVANCED_FACE ( 'NONE', ( #4791 ), #1174, .T. ) ;
#2015 = EDGE_CURVE ( 'NONE', #4812, #8183, #1392, .T. ) ;
#2016 = CARTESIAN_POINT ( 'NONE',  ( 0.5297931827920351333, 0.8900000000000000133, -0.3810269952153212958 ) ) ;
#2017 = ORIENTED_EDGE ( 'NONE', *, *, #664, .T. ) ;
#2018 = VECTOR ( 'NONE', #1352, 1000.000000000000000 ) ;
#2019 = CARTESIAN_POINT ( 'NONE',  ( 0.8750000000000000000, 0.1000000000000000056, 2.220000000000000195 ) ) ;
#2020 = ORIENTED_EDGE ( 'NONE', *, *, #70, .F. ) ;
#2021 = DIRECTION ( 'NONE',  ( 0.0000000000000000000, 0.0000000000000000000, 1.000000000000000000 ) ) ;
#2022 = CARTESIAN_POINT ( 'NONE',  ( -1.540383323598710108, 0.8900000000000000133, -0.3316052058057050167 ) ) ;
#2023 = FACE_OUTER_BOUND ( 'NONE', #1975, .T. ) ;
#2024 = CARTESIAN_POINT ( 'NONE',  ( -2.100000000000000089, 0.1000000000000000056, 0.7450000000000009948 ) ) ;
#2025 = B_SPLINE_CURVE_WITH_KNOTS ( 'NONE', 3,
 ( #1764, #3431, #9042, #874 ),
 .UNSPECIFIED., .F., .F.,
 ( 4, 4 ),
 ( 0.0000000000000000000, 1.000000000000000000 ),
 .UNSPECIFIED. ) ;
#2026 = DIRECTION ( 'NONE',  ( 1.000000000000000000, -0.0000000000000000000, 0.0000000000000000000 ) ) ;
#2027 = ORIENTED_EDGE ( 'NONE', *, *, #8538, .F. ) ;
#2028 = CARTESIAN_POINT ( 'NONE',  ( -1.905376810939479970, 0.8999999999999990230, -0.01786213366506720149 ) ) ;
#2029 = ADVANCED_FACE ( 'NONE', ( #4618 ), #172, .T. ) ;
#2030 = EDGE_LOOP ( 'NONE', ( #4266, #9475, #5164, #6129 ) ) ;
#2031 =( LENGTH_UNIT ( ) NAMED_UNIT ( * ) SI_UNIT ( .MILLI., .METRE. ) );
#2032 = ORIENTED_EDGE ( 'NONE', *, *, #8508, .T. ) ;
#2033 = COLOUR_RGB ( '',1.000000000000000000, 1.000000000000000000, 1.000000000000000000 ) ;
#2034 = DIRECTION ( 'NONE',  ( -0.0000000000000000000, -1.000000000000000000, -0.0000000000000000000 ) ) ;
#2035 = CARTESIAN_POINT ( 'NONE',  ( -1.875000000000000000, 0.0000000000000000000, -2.220000000000000195 ) ) ;
#2036 = CARTESIAN_POINT ( 'NONE',  ( 0.7135840734641026861, -0.03000000000000000930, -2.100000000000000089 ) ) ;
#2037 = LINE ( 'NONE', #5793, #5123 ) ;
#2038 = DIRECTION ( 'NONE',  ( 0.0000000000000000000, 0.0000000000000000000, 1.000000000000000000 ) ) ;
#2039 = VERTEX_POINT ( 'NONE', #8436 ) ;
#2040 = CARTESIAN_POINT ( 'NONE',  ( -2.100000000000000533, -0.03000000000000000930, 1.713584073464102131 ) ) ;
#2041 = B_SPLINE_CURVE_WITH_KNOTS ( 'NONE', 3,
 ( #839, #71, #7326, #11738 ),
 .UNSPECIFIED., .F., .F.,
 ( 4, 4 ),
 ( 0.0000000000000000000, 1.000000000000000000 ),
 .UNSPECIFIED. ) ;
#2042 = DIRECTION ( 'NONE',  ( 0.0000000000000000000, 1.000000000000000000, 0.0000000000000000000 ) ) ;
#2043 = VECTOR ( 'NONE', #9637, 1000.000000000000000 ) ;
#2044 = ADVANCED_FACE ( 'NONE', ( #2892 ), #11133, .F. ) ;
#2045 = VERTEX_POINT ( 'NONE', #9339 ) ;
#2046 = LINE ( 'NONE', #9152, #9902 ) ;
#2047 = CARTESIAN_POINT ( 'NONE',  ( -2.100000000000000089, 0.0000000000000000000, 1.245000000000000329 ) ) ;
#2048 = ORIENTED_EDGE ( 'NONE', *, *, #6866, .T. ) ;
#2049 = PRESENTATION_STYLE_ASSIGNMENT (( #9269 ) ) ;
#2050 = VECTOR ( 'NONE', #11752, 1000.000000000000000 ) ;
#2051 = CARTESIAN_POINT ( 'NONE',  ( 0.7384994590145805837, 0.8900000000000000133, -0.3346112787017972434 ) ) ;
#2052 = CARTESIAN_POINT ( 'NONE',  ( -0.1250000000000000000, 0.1000000000000000056, 2.500105095651770082 ) ) ;
#2053 = CARTESIAN_POINT ( 'NONE',  ( 2.083333333333333481, 0.0000000000000000000, -2.500000000000000000 ) ) ;
#2054 = LINE ( 'NONE', #288, #3375 ) ;
#2055 = EDGE_CURVE ( 'NONE', #10679, #3477, #290, .T. ) ;
#2056 = DIRECTION ( 'NONE',  ( 0.0000000000000000000, 0.0000000000000000000, 1.000000000000000000 ) ) ;
#2057 = CARTESIAN_POINT ( 'NONE',  ( 2.220000000000000195, -0.03000000000000000583, -0.1250000000000000000 ) ) ;
#2058 = ADVANCED_FACE ( 'NONE', ( #1297 ), #4201, .F. ) ;
#2059 = ORIENTED_EDGE ( 'NONE', *, *, #141, .F. ) ;
#2060 = STYLED_ITEM ( 'NONE', ( #2049 ), #8225 ) ;
#2061 = ORIENTED_EDGE ( 'NONE', *, *, #7073, .T. ) ;
#2062 = CARTESIAN_POINT ( 'NONE',  ( 2.500000000000000000, 0.0000000000000000000, -1.375000000000000000 ) ) ;
#2063 = FILL_AREA_STYLE ('',( #4738 ) ) ;
#2064 = ADVANCED_FACE ( 'NONE', ( #5089 ), #5878, .F. ) ;
#2065 = CYLINDRICAL_SURFACE ( 'NONE', #253, 0.1200000000000000927 ) ;
#2066 = ORIENTED_EDGE ( 'NONE', *, *, #6929, .T. ) ;
#2067 = B_SPLINE_CURVE_WITH_KNOTS ( 'NONE', 3,
 ( #9019, #6324, #848, #10929 ),
 .UNSPECIFIED., .F., .F.,
 ( 4, 4 ),
 ( 0.0000000000000000000, 1.000000000000000000 ),
 .UNSPECIFIED. ) ;
#2068 = VECTOR ( 'NONE', #734, 1000.000000000000000 ) ;
#2069 = LINE ( 'NONE', #5715, #4838 ) ;
#2070 = ORIENTED_EDGE ( 'NONE', *, *, #6591, .F. ) ;
#2071 = CARTESIAN_POINT ( 'NONE',  ( 0.9610626465238190086, 0.9000000000000001332, 0.2293850321077680332 ) ) ;
#2072 = VERTEX_POINT ( 'NONE', #8729 ) ;
#2073 = AXIS2_PLACEMENT_3D ( 'NONE', #2396, #5090, #10582 ) ;
#2074 = ORIENTED_EDGE ( 'NONE', *, *, #8240, .F. ) ;
#2075 = CARTESIAN_POINT ( 'NONE',  ( -2.220000000000000195, 0.1000000000000000056, -0.3750000000000000000 ) ) ;
#2076 = CARTESIAN_POINT ( 'NONE',  ( 1.125000000000000222, 0.0000000000000000000, 2.500000000000000000 ) ) ;
#2077 = LINE ( 'NONE', #5725, #3019 ) ;
#2078 = CARTESIAN_POINT ( 'NONE',  ( -2.500447051772229923, 0.1000000000000000056, -0.6250000000000000000 ) ) ;
#2079 = CARTESIAN_POINT ( 'NONE',  ( -0.3750000000000000555, 0.0000000000000000000, -2.188584073464102442 ) ) ;
#2080 = CARTESIAN_POINT ( 'NONE',  ( -2.100000000000000089, -0.03000000000000000583, -0.7450000000000009948 ) ) ;
#2081 = EDGE_CURVE ( 'NONE', #3770, #1272, #1801, .T. ) ;
#2082 = AXIS2_PLACEMENT_3D ( 'NONE', #6909, #10550, #3323 ) ;
#2083 = ORIENTED_EDGE ( 'NONE', *, *, #5107, .T. ) ;
#2084 = CARTESIAN_POINT ( 'NONE',  ( 1.125000000000000222, 0.03333333333333334675, -2.500105095651770082 ) ) ;
#2085 = VECTOR ( 'NONE', #5397, 1000.000000000000000 ) ;
#2086 = ORIENTED_EDGE ( 'NONE', *, *, #7709, .T. ) ;
#2087 = ORIENTED_EDGE ( 'NONE', *, *, #9991, .T. ) ;
#2088 = CARTESIAN_POINT ( 'NONE',  ( -1.745000000000000329, -0.03000000000000000583, -2.100000000000000089 ) ) ;
#2089 = AXIS2_PLACEMENT_3D ( 'NONE', #5645, #9285, #2954 ) ;
#2090 = ORIENTED_EDGE ( 'NONE', *, *, #753, .F. ) ;
#2091 = FACE_OUTER_BOUND ( 'NONE', #5269, .T. ) ;
#2092 = STYLED_ITEM ( 'NONE', ( #1845 ), #3068 ) ;
#2093 = ORIENTED_EDGE ( 'NONE', *, *, #11626, .F. ) ;
#2094 = LINE ( 'NONE', #8418, #1117 ) ;
#2095 = MECHANICAL_DESIGN_GEOMETRIC_PRESENTATION_REPRESENTATION (  '', ( #11228 ), #7043 ) ;
#2096 = CARTESIAN_POINT ( 'NONE',  ( -0.7483565433187380211, 0.8900000000000000133, -0.1394566969803849865 ) ) ;
#2097 = EDGE_CURVE ( 'NONE', #9777, #475, #9564, .T. ) ;
#2098 = ORIENTED_EDGE ( 'NONE', *, *, #6327, .T. ) ;
#2099 =( NAMED_UNIT ( * ) SI_UNIT ( $, .STERADIAN. ) SOLID_ANGLE_UNIT ( ) );
#2100 = B_SPLINE_CURVE_WITH_KNOTS ( 'NONE', 3,
 ( #49, #6595, #8251, #3728 ),
 .UNSPECIFIED., .F., .F.,
 ( 4, 4 ),
 ( 0.0000000000000000000, 1.000000000000000000 ),
 .UNSPECIFIED. ) ;
#2101 = CARTESIAN_POINT ( 'NONE',  ( -2.500223525886114739, 0.1000000000000000194, -0.1250000000000000555 ) ) ;
#2102 = AXIS2_PLACEMENT_3D ( 'NONE', #10869, #6438, #10925 ) ;
#2103 = UNCERTAINTY_MEASURE_WITH_UNIT (LENGTH_MEASURE( 1.000000000000000082E-05 ), #9045, 'distance_accuracy_value', 'NONE');
#2104 = ORIENTED_EDGE ( 'NONE', *, *, #2334, .F. ) ;
#2105 = ORIENTED_EDGE ( 'NONE', *, *, #6951, .T. ) ;
#2106 = CARTESIAN_POINT ( 'NONE',  ( -1.125000000000000222, 0.1000000000000000056, -2.220000000000000195 ) ) ;
#2107 = DIRECTION ( 'NONE',  ( 0.0000000000000000000, 0.0000000000000000000, 1.000000000000000000 ) ) ;
#2108 = VERTEX_POINT ( 'NONE', #3243 ) ;
#2109 =( LENGTH_UNIT ( ) NAMED_UNIT ( * ) SI_UNIT ( .MILLI., .METRE. ) );
#2110 = CARTESIAN_POINT ( 'NONE',  ( 2.100000000000000089, 0.1000000000000000056, -1.245000000000000329 ) ) ;
#2111 = DIRECTION ( 'NONE',  ( 0.0000000000000000000, 1.000000000000000000, 0.0000000000000000000 ) ) ;
#2112 = ADVANCED_FACE ( 'NONE', ( #2346 ), #3069, .T. ) ;
#2113 = CARTESIAN_POINT ( 'NONE',  ( -0.7516666666666663721, 0.0000000000000000000, -2.100000000000000089 ) ) ;
#2114 = CARTESIAN_POINT ( 'NONE',  ( -2.500000000000000000, 0.0000000000000000000, -1.125000000000000222 ) ) ;
#2115 = VERTEX_POINT ( 'NONE', #11056 ) ;
#2116 = CARTESIAN_POINT ( 'NONE',  ( 0.3154900787141289853, 0.8900000000000000133, 0.03479771567938360483 ) ) ;
#2117 = EDGE_CURVE ( 'NONE', #2878, #7187, #1275, .T. ) ;
#2118 = ADVANCED_FACE ( 'NONE', ( #387 ), #4886, .F. ) ;
#2119 = DIRECTION ( 'NONE',  ( -0.0000000000000000000, -1.000000000000000000, 0.0000000000000000000 ) ) ;
#2120 = ORIENTED_EDGE ( 'NONE', *, *, #196, .T. ) ;
#2121 = CARTESIAN_POINT ( 'NONE',  ( 1.591083505372679952, 0.8950000000000000178, 0.2312067235917390218 ) ) ;
#2122 =( LENGTH_UNIT ( ) NAMED_UNIT ( * ) SI_UNIT ( .MILLI., .METRE. ) );
#2123 = CARTESIAN_POINT ( 'NONE',  ( 1.701506374892229889, 0.9000000000000010214, 0.08842112146053691946 ) ) ;
#2124 = ORIENTED_EDGE ( 'NONE', *, *, #9441, .T. ) ;
#2125 = CARTESIAN_POINT ( 'NONE',  ( 0.1250000000000000278, -0.03000000000000000930, 2.188584073464102886 ) ) ;
#2126 = DIRECTION ( 'NONE',  ( 0.0000000000000000000, 1.000000000000000000, 0.0000000000000000000 ) ) ;
#2127 = EDGE_LOOP ( 'NONE', ( #1378, #1864, #8746, #1588 ) ) ;
#2128 = AXIS2_PLACEMENT_3D ( 'NONE', #7893, #10489, #7729 ) ;
#2129 = CARTESIAN_POINT ( 'NONE',  ( -0.2483333333333336834, 0.0000000000000000000, 2.100000000000000089 ) ) ;
#2130 = ORIENTED_EDGE ( 'NONE', *, *, #1060, .T. ) ;
#2131 = CARTESIAN_POINT ( 'NONE',  ( 0.6789106508382920513, 0.9000000000000001332, -0.2161456805470310383 ) ) ;
#2132 = VERTEX_POINT ( 'NONE', #10275 ) ;
#2133 = ORIENTED_EDGE ( 'NONE', *, *, #1976, .F. ) ;
#2134 = CARTESIAN_POINT ( 'NONE',  ( 2.100000000000000089, -0.03000000000000000930, 1.245000000000000329 ) ) ;
#2135 = EDGE_CURVE ( 'NONE', #7003, #6144, #4767, .T. ) ;
#2136 = LINE ( 'NONE', #9541, #7212 ) ;
#2137 = CARTESIAN_POINT ( 'NONE',  ( 0.01512489307809719921, 0.8900000000000000133, 0.03479771567938359789 ) ) ;
#2138 = CARTESIAN_POINT ( 'NONE',  ( 1.823365593190779954, 0.9000000000000003553, -0.05997179474196869670 ) ) ;
#2139 = UNCERTAINTY_MEASURE_WITH_UNIT (LENGTH_MEASURE( 1.000000000000000082E-05 ), #3015, 'distance_accuracy_value', 'NONE');
#2140 = CARTESIAN_POINT ( 'NONE',  ( -1.650730249952940154, 0.8950000000000001288, -0.2566204218738730169 ) ) ;
#2141 = DIRECTION ( 'NONE',  ( -1.000000000000000000, 0.0000000000000000000, -0.0000000000000000000 ) ) ;
#2142 = CARTESIAN_POINT ( 'NONE',  ( -1.750000000000000000, -0.03000000000000000236, 1.750000000000000000 ) ) ;
#2143 = VECTOR ( 'NONE', #2298, 1000.000000000000000 ) ;
#2144 = ORIENTED_EDGE ( 'NONE', *, *, #4502, .T. ) ;
#2145 = ORIENTED_EDGE ( 'NONE', *, *, #6280, .T. ) ;
#2146 = ADVANCED_FACE ( 'NONE', ( #2091 ), #10098, .T. ) ;
#2147 = FACE_OUTER_BOUND ( 'NONE', #1460, .T. ) ;
#2148 = CARTESIAN_POINT ( 'NONE',  ( 2.500000000000000000, 0.9000000000000001332, 2.500000000000000000 ) ) ;
#2149 = LINE ( 'NONE', #7701, #3021 ) ;
#2150 = CARTESIAN_POINT ( 'NONE',  ( -0.7135840734641020200, -0.03000000000000000930, -2.100000000000000533 ) ) ;
#2151 = DIRECTION ( 'NONE',  ( 0.0000000000000000000, -1.000000000000000000, 0.0000000000000000000 ) ) ;
#2152 = CARTESIAN_POINT ( 'NONE',  ( 0.1250000000000000000, -0.03000000000000000930, -2.500105095651770082 ) ) ;
#2153 = DIRECTION ( 'NONE',  ( -0.0000000000000000000, 1.000000000000000000, 0.0000000000000000000 ) ) ;
#2154 = ORIENTED_EDGE ( 'NONE', *, *, #3373, .F. ) ;
#2155 = EDGE_CURVE ( 'NONE', #3651, #823, #7888, .T. ) ;
#2156 = EDGE_CURVE ( 'NONE', #146, #7502, #3926, .T. ) ;
#2157 = VERTEX_POINT ( 'NONE', #268 ) ;
#2158 = CARTESIAN_POINT ( 'NONE',  ( 0.3750000000000000000, 0.1000000000000000056, 2.500105095651770082 ) ) ;
#2159 = CARTESIAN_POINT ( 'NONE',  ( 2.100000000000000089, -0.03000000000000000583, 0.7450000000000009948 ) ) ;
#2160 = B_SPLINE_CURVE_WITH_KNOTS ( 'NONE', 3,
 ( #4179, #10677, #5067, #9778, #1664, #4291 ),
 .UNSPECIFIED., .F., .F.,
 ( 4, 2, 4 ),
 ( 0.0000000000000000000, 0.5000000000000000000, 1.000000000000000000 ),
 .UNSPECIFIED. ) ;
#2161 = VERTEX_POINT ( 'NONE', #11171 ) ;
#2162 = CARTESIAN_POINT ( 'NONE',  ( 2.157361600948405567, -0.03000000000000000930, 0.8620672284331770685 ) ) ;
#2163 = CARTESIAN_POINT ( 'NONE',  ( 0.3620672284331775126, -0.0000000000000000000, 2.157361600948406011 ) ) ;
#2164 = DIRECTION ( 'NONE',  ( 0.0000000000000000000, -0.0000000000000000000, 1.000000000000000000 ) ) ;
#2165 = CARTESIAN_POINT ( 'NONE',  ( -0.6250000000000000000, -0.03000000000000000930, 2.500105095651770082 ) ) ;
#2166 = CARTESIAN_POINT ( 'NONE',  ( 2.100000000000000089, 0.0000000000000000000, 0.7516666666666663721 ) ) ;
#2167 = VECTOR ( 'NONE', #8452, 1000.000000000000000 ) ;
#2168 = B_SPLINE_CURVE_WITH_KNOTS ( 'NONE', 3,
 ( #789, #8831, #4408, #4240 ),
 .UNSPECIFIED., .F., .F.,
 ( 4, 4 ),
 ( 0.0000000000000000000, 1.000000000000000000 ),
 .UNSPECIFIED. ) ;
#2169 = CARTESIAN_POINT ( 'NONE',  ( 1.625000000000000222, 0.1000000000000000194, -2.500052547825884819 ) ) ;
#2170 = VERTEX_POINT ( 'NONE', #2981 ) ;
#2171 = EDGE_CURVE ( 'NONE', #28, #6127, #2926, .T. ) ;
#2172 =( NAMED_UNIT ( * ) SI_UNIT ( $, .STERADIAN. ) SOLID_ANGLE_UNIT ( ) );
#2173 = DIRECTION ( 'NONE',  ( 0.0000000000000000000, 0.0000000000000000000, -1.000000000000000000 ) ) ;
#2174 = CARTESIAN_POINT ( 'NONE',  ( -2.406666666666666288, 0.0000000000000000000, 0.3750000000000000000 ) ) ;
#2175 = ORIENTED_EDGE ( 'NONE', *, *, #1476, .T. ) ;
#2176 = DIRECTION ( 'NONE',  ( 0.0000000000000000000, 1.000000000000000000, 0.0000000000000000000 ) ) ;
#2177 = CARTESIAN_POINT ( 'NONE',  ( 2.220000000000000195, -0.03000000000000000583, 1.875000000000000000 ) ) ;
#2178 = CARTESIAN_POINT ( 'NONE',  ( -1.133079610878080068, 0.8900000000000000133, -0.1530902940589000116 ) ) ;
#2179 = CARTESIAN_POINT ( 'NONE',  ( 1.182361600948406588, -0.03000000000000000930, -2.112932771566822687 ) ) ;
#2180 = CARTESIAN_POINT ( 'NONE',  ( 1.637932771566822820, -0.0000000000000000000, 2.157361600948406455 ) ) ;
#2181 = ORIENTED_EDGE ( 'NONE', *, *, #3039, .F. ) ;
#2182 = LINE ( 'NONE', #8512, #9095 ) ;
#2183 = PLANE ( 'NONE',  #8793 ) ;
#2184 = EDGE_LOOP ( 'NONE', ( #10076, #11755, #8392, #10289 ) ) ;
#2185 = EDGE_CURVE ( 'NONE', #6725, #3942, #3337, .T. ) ;
#2186 = UNCERTAINTY_MEASURE_WITH_UNIT (LENGTH_MEASURE( 1.000000000000000082E-05 ), #2758, 'distance_accuracy_value', 'NONE');
#2187 = EDGE_CURVE ( 'NONE', #3712, #4797, #8290, .T. ) ;
#2188 = DIRECTION ( 'NONE',  ( -0.0000000000000000000, -1.000000000000000000, -0.0000000000000000000 ) ) ;
#2189 = ORIENTED_EDGE ( 'NONE', *, *, #1084, .F. ) ;
#2190 = SURFACE_SIDE_STYLE ('',( #308 ) ) ;
#2191 = ORIENTED_EDGE ( 'NONE', *, *, #8896, .F. ) ;
#2192 = VERTEX_POINT ( 'NONE', #5673 ) ;
#2193 = AXIS2_PLACEMENT_3D ( 'NONE', #8794, #5095, #11593 ) ;
#2194 = LINE ( 'NONE', #3265, #1814 ) ;
#2195 = CARTESIAN_POINT ( 'NONE',  ( -0.2549999999999992828, -0.03000000000000000583, 2.100000000000000089 ) ) ;
#2196 = DIRECTION ( 'NONE',  ( 0.0000000000000000000, 0.0000000000000000000, -1.000000000000000000 ) ) ;
#2197 = FACE_OUTER_BOUND ( 'NONE', #787, .T. ) ;
#2198 = LINE ( 'NONE', #5605, #11456 ) ;
#2199 = CARTESIAN_POINT ( 'NONE',  ( -2.500447051772229923, -0.03000000000000000930, 1.875000000000000000 ) ) ;
#2200 = VERTEX_POINT ( 'NONE', #1214 ) ;
#2201 = CARTESIAN_POINT ( 'NONE',  ( 2.500000000000000000, 0.0000000000000000000, -2.083333333333333481 ) ) ;
#2202 = ORIENTED_EDGE ( 'NONE', *, *, #1627, .F. ) ;
#2203 = ADVANCED_FACE ( 'NONE', ( #9313 ), #3885, .T. ) ;
#2204 = ORIENTED_EDGE ( 'NONE', *, *, #6902, .F. ) ;
#2205 = CARTESIAN_POINT ( 'NONE',  ( 0.6095699525794630036, 0.8900000000000000133, 0.1397712656946689946 ) ) ;
#2206 = VERTEX_POINT ( 'NONE', #5185 ) ;
#2207 = CARTESIAN_POINT ( 'NONE',  ( 2.500000000000000000, 0.0000000000000000000, -0.9583333333333333703 ) ) ;
#2208 = PLANE ( 'NONE',  #4908 ) ;
#2209 = CARTESIAN_POINT ( 'NONE',  ( -1.375000000000000000, -0.03000000000000000930, 2.188584073464102886 ) ) ;
#2210 = ORIENTED_EDGE ( 'NONE', *, *, #2633, .F. ) ;
#2211 = DIRECTION ( 'NONE',  ( -0.0000000000000000000, -1.000000000000000000, -0.0000000000000000000 ) ) ;
#2212 = MECHANICAL_DESIGN_GEOMETRIC_PRESENTATION_REPRESENTATION (  '', ( #11365 ), #4880 ) ;
#2213 = VECTOR ( 'NONE', #888, 1000.000000000000000 ) ;
#2214 = ORIENTED_EDGE ( 'NONE', *, *, #5917, .F. ) ;
#2215 = ADVANCED_FACE ( 'NONE', ( #8656 ), #3106, .F. ) ;
#2216 = CARTESIAN_POINT ( 'NONE',  ( 2.100000000000000089, 0.0000000000000000000, -0.7450000000000009948 ) ) ;
#2217 = EDGE_LOOP ( 'NONE', ( #1890, #2202, #164, #2556 ) ) ;
#2218 = CARTESIAN_POINT ( 'NONE',  ( 1.751666666666666483, 0.0000000000000000000, -2.100000000000000089 ) ) ;
#2219 = CARTESIAN_POINT ( 'NONE',  ( -2.100000000000000089, 0.0000000000000000000, 1.755000000000000115 ) ) ;
#2220 = VERTEX_POINT ( 'NONE', #10452 ) ;
#2221 = CARTESIAN_POINT ( 'NONE',  ( 2.220000000000000195, -0.03000000000000000583, 0.8750000000000000000 ) ) ;
#2222 = LINE ( 'NONE', #2110, #6540 ) ;
#2223 = CARTESIAN_POINT ( 'NONE',  ( 0.3750000000000000000, 0.1000000000000000194, -2.500052547825884819 ) ) ;
#2224 = AXIS2_PLACEMENT_3D ( 'NONE', #7116, #3354, #630 ) ;
#2225 = CARTESIAN_POINT ( 'NONE',  ( 2.100000000000000089, 0.0000000000000000000, 0.7450000000000009948 ) ) ;
#2226 = ADVANCED_FACE ( 'NONE', ( #10560 ), #2695, .T. ) ;
#2227 = CARTESIAN_POINT ( 'NONE',  ( 2.100000000000000089, 0.0000000000000000000, 0.7450000000000009948 ) ) ;
#2228 = EDGE_LOOP ( 'NONE', ( #5558, #6947, #1420, #7621, #4088, #9799 ) ) ;
#2229 = CARTESIAN_POINT ( 'NONE',  ( 1.750000000000000000, 0.0000000000000000000, 0.3811299719298532618 ) ) ;
#2230 = VECTOR ( 'NONE', #2988, 1000.000000000000000 ) ;
#2231 = DIRECTION ( 'NONE',  ( -0.0000000000000000000, 1.000000000000000000, -0.0000000000000000000 ) ) ;
#2232 = ORIENTED_EDGE ( 'NONE', *, *, #1341, .F. ) ;
#2233 = LINE ( 'NONE', #8739, #1877 ) ;
#2234 = CARTESIAN_POINT ( 'NONE',  ( 2.500000000000000000, 0.0000000000000000000, -1.458333333333333481 ) ) ;
#2235 = PLANE ( 'NONE',  #4740 ) ;
#2236 = CARTESIAN_POINT ( 'NONE',  ( 0.8750000000000000000, -0.03000000000000000583, 2.220000000000000195 ) ) ;
#2237 = CARTESIAN_POINT ( 'NONE',  ( 1.745000000000000551, 0.0000000000000000000, 2.100000000000000089 ) ) ;
#2238 = VERTEX_POINT ( 'NONE', #10390 ) ;
#2239 = DIRECTION ( 'NONE',  ( -1.000000000000000000, -0.0000000000000000000, 0.0000000000000000000 ) ) ;
#2240 = B_SPLINE_CURVE_WITH_KNOTS ( 'NONE', 3,
 ( #4489, #9089, #11588, #9979 ),
 .UNSPECIFIED., .F., .F.,
 ( 4, 4 ),
 ( 0.0000000000000000000, 1.000000000000000000 ),
 .UNSPECIFIED. ) ;
#2241 = FACE_OUTER_BOUND ( 'NONE', #5789, .T. ) ;
#2242 = EDGE_CURVE ( 'NONE', #1241, #3199, #9895, .T. ) ;
#2243 = VERTEX_POINT ( 'NONE', #3338 ) ;
#2244 = B_SPLINE_CURVE_WITH_KNOTS ( 'NONE', 3,
 ( #6259, #10579, #3525, #8160 ),
 .UNSPECIFIED., .F., .F.,
 ( 4, 4 ),
 ( 0.0000000000000000000, 1.000000000000000000 ),
 .UNSPECIFIED. ) ;
#2245 = COLOUR_RGB ( '',1.000000000000000000, 1.000000000000000000, 1.000000000000000000 ) ;
#2246 = CARTESIAN_POINT ( 'NONE',  ( -0.1250000000000000555, 0.0000000000000000000, 2.500000000000000000 ) ) ;
#2247 = EDGE_LOOP ( 'NONE', ( #9588, #4854, #3237, #7759 ) ) ;
#2248 = B_SPLINE_CURVE_WITH_KNOTS ( 'NONE', 3,
 ( #893, #5358, #3382, #9110 ),
 .UNSPECIFIED., .F., .F.,
 ( 4, 4 ),
 ( 0.0000000000000000000, 1.000000000000000000 ),
 .UNSPECIFIED. ) ;
#2249 = CARTESIAN_POINT ( 'NONE',  ( 1.790900912554659996, 0.8900000000000000133, -0.2421347249779509936 ) ) ;
#2250 = ORIENTED_EDGE ( 'NONE', *, *, #8962, .F. ) ;
#2251 = ORIENTED_EDGE ( 'NONE', *, *, #8459, .F. ) ;
#2252 = EDGE_CURVE ( 'NONE', #11051, #10110, #1394, .T. ) ;
#2253 = PLANE ( 'NONE',  #3409 ) ;
#2254 = DIRECTION ( 'NONE',  ( 0.0000000000000000000, 0.0000000000000000000, -1.000000000000000000 ) ) ;
#2255 = AXIS2_PLACEMENT_3D ( 'NONE', #10576, #8613, #8724 ) ;
#2256 = DIRECTION ( 'NONE',  ( -0.0000000000000000000, 1.000000000000000000, -0.0000000000000000000 ) ) ;
#2257 = CARTESIAN_POINT ( 'NONE',  ( 2.500447051772229923, 0.1000000000000000056, 1.708333333333333481 ) ) ;
#2258 = CARTESIAN_POINT ( 'NONE',  ( 1.254999999999999893, -0.03000000000000000583, -2.100000000000000089 ) ) ;
#2259 = EDGE_CURVE ( 'NONE', #4478, #9295, #9491, .T. ) ;
#2260 = CARTESIAN_POINT ( 'NONE',  ( 0.7364273885132770481, 0.9000000000000001332, -0.2532120226042439692 ) ) ;
#2261 = VERTEX_POINT ( 'NONE', #11453 ) ;
#2262 = AXIS2_PLACEMENT_3D ( 'NONE', #11178, #5622, #10226 ) ;
#2263 = ORIENTED_EDGE ( 'NONE', *, *, #6696, .T. ) ;
#2264 = STYLED_ITEM ( 'NONE', ( #1956 ), #9112 ) ;
#2265 = CARTESIAN_POINT ( 'NONE',  ( -2.500000000000000000, 0.9000000000000001332, 2.500000000000000000 ) ) ;
#2266 = VERTEX_POINT ( 'NONE', #10620 ) ;
#2267 = EDGE_CURVE ( 'NONE', #4237, #7120, #240, .T. ) ;
#2268 = EDGE_CURVE ( 'NONE', #10048, #7998, #1092, .T. ) ;
#2269 = VECTOR ( 'NONE', #3210, 1000.000000000000000 ) ;
#2270 = CARTESIAN_POINT ( 'NONE',  ( -1.875000000000000000, -0.03000000000000000930, -2.500105095651770082 ) ) ;
#2271 = CARTESIAN_POINT ( 'NONE',  ( -2.500447051772229923, -0.03000000000000000930, 0.1250000000000000000 ) ) ;
#2272 = EDGE_CURVE ( 'NONE', #1497, #9904, #5477, .T. ) ;
#2273 = AXIS2_PLACEMENT_3D ( 'NONE', #10871, #1912, #5373 ) ;
#2274 = AXIS2_PLACEMENT_3D ( 'NONE', #8341, #6443, #10930 ) ;
#2275 = DIRECTION ( 'NONE',  ( 0.0000000000000000000, 1.000000000000000000, 0.0000000000000000000 ) ) ;
#2276 = B_SPLINE_CURVE_WITH_KNOTS ( 'NONE', 3,
 ( #3877, #7337, #7284, #6568, #2974, #6621 ),
 .UNSPECIFIED., .F., .F.,
 ( 4, 2, 4 ),
 ( 0.0000000000000000000, 0.5000000000000000000, 1.000000000000000000 ),
 .UNSPECIFIED. ) ;
#2277 =( LENGTH_UNIT ( ) NAMED_UNIT ( * ) SI_UNIT ( .MILLI., .METRE. ) );
#2278 = VECTOR ( 'NONE', #3612, 1000.000000000000000 ) ;
#2279 = VERTEX_POINT ( 'NONE', #216 ) ;
#2280 = AXIS2_PLACEMENT_3D ( 'NONE', #10610, #6963, #11444 ) ;
#2281 = VECTOR ( 'NONE', #11477, 1000.000000000000000 ) ;
#2282 = DIRECTION ( 'NONE',  ( 0.0000000000000000000, 0.0000000000000000000, 1.000000000000000000 ) ) ;
#2283 = LINE ( 'NONE', #9506, #4861 ) ;
#2284 = CARTESIAN_POINT ( 'NONE',  ( -1.366138416502250097, 0.8900000000000000133, 0.2358692094292010322 ) ) ;
#2285 = ORIENTED_EDGE ( 'NONE', *, *, #2171, .T. ) ;
#2286 = CARTESIAN_POINT ( 'NONE',  ( 1.875000000000000222, 0.1000000000000000194, 2.500052547825884819 ) ) ;
#2287 = CARTESIAN_POINT ( 'NONE',  ( 1.085218694284970198, 0.8899999999999999023, -0.1930906830987235145 ) ) ;
#2288 = CARTESIAN_POINT ( 'NONE',  ( 0.1250000000000000555, 0.1000000000000000194, -2.500052547825884819 ) ) ;
#2289 = EDGE_CURVE ( 'NONE', #5318, #2442, #1931, .T. ) ;
#2290 =( NAMED_UNIT ( * ) SI_UNIT ( $, .STERADIAN. ) SOLID_ANGLE_UNIT ( ) );
#2291 = CARTESIAN_POINT ( 'NONE',  ( -15.55649400896630041, 0.8900000000000000133, -3.953400012226209626 ) ) ;
#2292 = DIRECTION ( 'NONE',  ( -1.000000000000000000, 0.0000000000000000000, -0.0000000000000000000 ) ) ;
#2293 = ORIENTED_EDGE ( 'NONE', *, *, #925, .F. ) ;
#2294 = CARTESIAN_POINT ( 'NONE',  ( -1.755000000000000115, 0.0000000000000000000, -2.100000000000000089 ) ) ;
#2295 = LINE ( 'NONE', #6888, #3228 ) ;
#2296 = ADVANCED_FACE ( 'NONE', ( #9315 ), #7523, .T. ) ;
#2297 = ORIENTED_EDGE ( 'NONE', *, *, #1084, .T. ) ;
#2298 = DIRECTION ( 'NONE',  ( -0.0000000000000000000, -1.000000000000000000, 0.0000000000000000000 ) ) ;
#2299 = CARTESIAN_POINT ( 'NONE',  ( -2.100000000000000089, 0.0000000000000000000, -0.7549999999999990052 ) ) ;
#2300 = DIRECTION ( 'NONE',  ( 0.0000000000000000000, -1.000000000000000000, 0.0000000000000000000 ) ) ;
#2301 = CARTESIAN_POINT ( 'NONE',  ( 0.6789106508382921623, 0.8899999999999999023, -0.2161456805470310938 ) ) ;
#2302 = FACE_OUTER_BOUND ( 'NONE', #3543, .T. ) ;
#2303 = VERTEX_POINT ( 'NONE', #9199 ) ;
#2304 = CARTESIAN_POINT ( 'NONE',  ( 0.6250000000000000000, 0.0000000000000000000, 2.220000000000000195 ) ) ;
#2305 = PLANE ( 'NONE',  #10522 ) ;
#2306 = ORIENTED_EDGE ( 'NONE', *, *, #4378, .F. ) ;
#2307 = CARTESIAN_POINT ( 'NONE',  ( 1.591083505372680618, 0.9000000000000001332, 0.2312067235917393826 ) ) ;
#2308 = ORIENTED_EDGE ( 'NONE', *, *, #6756, .F. ) ;
#2309 = EDGE_CURVE ( 'NONE', #9079, #9627, #1236, .T. ) ;
#2310 = DIRECTION ( 'NONE',  ( 0.0000000000000000000, 0.0000000000000000000, -1.000000000000000000 ) ) ;
#2311 = EDGE_CURVE ( 'NONE', #5832, #7106, #11041, .T. ) ;
#2312 = VERTEX_POINT ( 'NONE', #4277 ) ;
#2313 = PLANE ( 'NONE',  #5053 ) ;
#2314 = B_SPLINE_CURVE_WITH_KNOTS ( 'NONE', 3,
 ( #5968, #4765, #8413, #2205, #8533, #385, #8595, #443, #4003, #493 ),
 .UNSPECIFIED., .F., .F.,
 ( 4, 1, 1, 1, 1, 1, 1, 4 ),
 ( 0.0000000000000000000, 0.1250000000000000000, 0.2500000000000000000, 0.3750000000000000000, 0.5000000000000000000, 0.6250000000000000000, 0.7500000000000000000, 1.000000000000000000 ),
 .UNSPECIFIED. ) ;
#2315 = DIRECTION ( 'NONE',  ( -1.000000000000000000, 0.0000000000000000000, -0.0000000000000000000 ) ) ;
#2316 = CARTESIAN_POINT ( 'NONE',  ( -1.749999999999999778, 0.0000000000000000000, 1.750000000000000222 ) ) ;
#2317 = CARTESIAN_POINT ( 'NONE',  ( 2.500223525886114739, 0.1000000000000000194, 1.625000000000000222 ) ) ;
#2318 =( GEOMETRIC_REPRESENTATION_CONTEXT ( 3 ) GLOBAL_UNCERTAINTY_ASSIGNED_CONTEXT ( ( #4107 ) ) GLOBAL_UNIT_ASSIGNED_CONTEXT ( ( #1726, #10790, #3453 ) ) REPRESENTATION_CONTEXT ( 'NONE', 'WORKASPACE' ) );
#2319 = DIRECTION ( 'NONE',  ( 0.0000000000000000000, -0.0000000000000000000, -1.000000000000000000 ) ) ;
#2320 =( NAMED_UNIT ( * ) PLANE_ANGLE_UNIT ( ) SI_UNIT ( $, .RADIAN. ) );
#2321 = ORIENTED_EDGE ( 'NONE', *, *, #1902, .T. ) ;
#2322 = B_SPLINE_CURVE_WITH_KNOTS ( 'NONE', 3,
 ( #8775, #6134, #1502, #9906 ),
 .UNSPECIFIED., .F., .F.,
 ( 4, 4 ),
 ( 0.0000000000000000000, 1.000000000000000000 ),
 .UNSPECIFIED. ) ;
#2323 = CARTESIAN_POINT ( 'NONE',  ( 2.500000000000000000, 0.0000000000000000000, -2.291666666666666519 ) ) ;
#2324 = ORIENTED_EDGE ( 'NONE', *, *, #9928, .F. ) ;
#2325 = STYLED_ITEM ( 'NONE', ( #9938 ), #1953 ) ;
#2326 = FACE_OUTER_BOUND ( 'NONE', #10879, .T. ) ;
#2327 = EDGE_CURVE ( 'NONE', #304, #3296, #11464, .T. ) ;
#2328 = VERTEX_POINT ( 'NONE', #4391 ) ;
#2329 = CARTESIAN_POINT ( 'NONE',  ( -2.313333333333333464, 0.0000000000000000000, 1.125000000000000222 ) ) ;
#2330 =( NAMED_UNIT ( * ) PLANE_ANGLE_UNIT ( ) SI_UNIT ( $, .RADIAN. ) );
#2331 = CARTESIAN_POINT ( 'NONE',  ( -1.254999999999999893, 0.0000000000000000000, -2.100000000000000089 ) ) ;
#2332 =( LENGTH_UNIT ( ) NAMED_UNIT ( * ) SI_UNIT ( .MILLI., .METRE. ) );
#2333 = CARTESIAN_POINT ( 'NONE',  ( -1.875000000000000000, 0.0000000000000000000, -2.406666666666666732 ) ) ;
#2334 = EDGE_CURVE ( 'NONE', #68, #2072, #100, .T. ) ;
#2335 = VERTEX_POINT ( 'NONE', #7080 ) ;
#2336 = EDGE_CURVE ( 'NONE', #7514, #297, #444, .T. ) ;
#2337 = CARTESIAN_POINT ( 'NONE',  ( 1.748333333333333517, 0.0000000000000000000, -2.100000000000000089 ) ) ;
#2338 = VECTOR ( 'NONE', #9451, 1000.000000000000000 ) ;
#2339 = CYLINDRICAL_SURFACE ( 'NONE', #6396, 0.1199999999999999956 ) ;
#2340 = DIRECTION ( 'NONE',  ( 0.0000000000000000000, 0.0000000000000000000, -1.000000000000000000 ) ) ;
#2341 = ORIENTED_EDGE ( 'NONE', *, *, #311, .F. ) ;
#2342 = CARTESIAN_POINT ( 'NONE',  ( 1.625000000000000222, 0.1000000000000000194, 2.500052547825884819 ) ) ;
#2343 = CARTESIAN_POINT ( 'NONE',  ( -0.1412354234161199984, 0.8900000000000000133, 0.3083217570670889751 ) ) ;
#2344 = CYLINDRICAL_SURFACE ( 'NONE', #1849, 0.1199999999999998845 ) ;
#2345 = FACE_OUTER_BOUND ( 'NONE', #7137, .T. ) ;
#2346 = FACE_OUTER_BOUND ( 'NONE', #6029, .T. ) ;
#2347 = CARTESIAN_POINT ( 'NONE',  ( 2.157361600948406455, -0.0000000000000000000, -1.637932771566822820 ) ) ;
#2348 = AXIS2_PLACEMENT_3D ( 'NONE', #6516, #1040, #4771 ) ;
#2349 = ORIENTED_EDGE ( 'NONE', *, *, #4535, .T. ) ;
#2350 = EDGE_CURVE ( 'NONE', #10486, #8640, #10722, .T. ) ;
#2351 = CARTESIAN_POINT ( 'NONE',  ( -2.188584073464102442, -0.03000000000000000930, -1.625000000000000000 ) ) ;
#2352 = CARTESIAN_POINT ( 'NONE',  ( -2.112932771566822687, -0.0000000000000000000, -0.6823616009484068101 ) ) ;
#2353 = VERTEX_POINT ( 'NONE', #5171 ) ;
#2354 =( NAMED_UNIT ( * ) SI_UNIT ( $, .STERADIAN. ) SOLID_ANGLE_UNIT ( ) );
#2355 = CARTESIAN_POINT ( 'NONE',  ( 0.6250000000000000000, 0.0000000000000000000, 2.500000000000000000 ) ) ;
#2356 = ORIENTED_EDGE ( 'NONE', *, *, #9618, .F. ) ;
#2357 = CARTESIAN_POINT ( 'NONE',  ( 1.374999999999999778, 0.0000000000000000000, 2.188584073464102886 ) ) ;
#2358 = CARTESIAN_POINT ( 'NONE',  ( -2.100000000000000089, 0.1000000000000000056, -1.754999999999999893 ) ) ;
#2359 = ORIENTED_EDGE ( 'NONE', *, *, #9029, .F. ) ;
#2360 = EDGE_CURVE ( 'NONE', #3695, #4717, #8814, .T. ) ;
#2361 = VECTOR ( 'NONE', #770, 1000.000000000000000 ) ;
#2362 = PLANE ( 'NONE',  #8481 ) ;
#2363 = VERTEX_POINT ( 'NONE', #4070 ) ;
#2364 = VERTEX_POINT ( 'NONE', #651 ) ;
#2365 = CARTESIAN_POINT ( 'NONE',  ( -2.500000000000000000, 0.0000000000000000000, -1.458333333333333481 ) ) ;
#2366 = FACE_OUTER_BOUND ( 'NONE', #10633, .T. ) ;
#2367 = CARTESIAN_POINT ( 'NONE',  ( -0.2450000000000010225, 0.1000000000000000056, -2.100000000000000089 ) ) ;
#2368 = CYLINDRICAL_SURFACE ( 'NONE', #6862, 0.1200000000000000927 ) ;
#2369 = LINE ( 'NONE', #6012, #525 ) ;
#2370 = FACE_OUTER_BOUND ( 'NONE', #2509, .T. ) ;
#2371 = ORIENTED_EDGE ( 'NONE', *, *, #11035, .F. ) ;
#2372 = EDGE_CURVE ( 'NONE', #11440, #4430, #5224, .T. ) ;
#2373 = DIRECTION ( 'NONE',  ( 1.000000000000000000, 0.0000000000000000000, -0.0000000000000000000 ) ) ;
#2374 = ORIENTED_EDGE ( 'NONE', *, *, #2575, .T. ) ;
#2375 = AXIS2_PLACEMENT_3D ( 'NONE', #10617, #786, #11450 ) ;
#2376 = DIRECTION ( 'NONE',  ( 0.0000000000000000000, 0.0000000000000000000, -1.000000000000000000 ) ) ;
#2377 = ORIENTED_EDGE ( 'NONE', *, *, #8942, .F. ) ;
#2378 = CARTESIAN_POINT ( 'NONE',  ( -1.430232663244010105, 0.8900000000000000133, -0.003069089361714209905 ) ) ;
#2379 = CARTESIAN_POINT ( 'NONE',  ( 1.875000000000000222, -0.03000000000000000930, -2.188584073464102886 ) ) ;
#2380 = CARTESIAN_POINT ( 'NONE',  ( 2.220000000000000195, 0.1000000000000000056, 1.745000000000000329 ) ) ;
#2381 = PLANE ( 'NONE',  #2432 ) ;
#2382 = CARTESIAN_POINT ( 'NONE',  ( -0.2549999999999990052, -0.03000000000000000583, -2.100000000000000089 ) ) ;
#2383 = PRESENTATION_STYLE_ASSIGNMENT (( #4957 ) ) ;
#2384 = SURFACE_SIDE_STYLE ('',( #6925 ) ) ;
#2385 = B_SPLINE_CURVE_WITH_KNOTS ( 'NONE', 3,
 ( #8165, #5312, #2565, #9789, #8963, #7161 ),
 .UNSPECIFIED., .F., .F.,
 ( 4, 2, 4 ),
 ( 0.0000000000000000000, 0.5000000000000000000, 1.000000000000000000 ),
 .UNSPECIFIED. ) ;
#2386 = PRESENTATION_LAYER_ASSIGNMENT (  '', '', ( #4663 ) ) ;
#2387 = FILL_AREA_STYLE ('',( #4075 ) ) ;
#2388 = VERTEX_POINT ( 'NONE', #7699 ) ;
#2389 = ORIENTED_EDGE ( 'NONE', *, *, #5108, .T. ) ;
#2390 = ORIENTED_EDGE ( 'NONE', *, *, #10954, .F. ) ;
#2391 = CARTESIAN_POINT ( 'NONE',  ( 1.125000000000000222, 0.0000000000000000000, -2.500000000000000000 ) ) ;
#2392 = CARTESIAN_POINT ( 'NONE',  ( 1.130090294681353580, 0.8900000000000002354, 0.01475221674921021499 ) ) ;
#2393 = ADVANCED_FACE ( 'NONE', ( #11554 ), #7138, .F. ) ;
#2394 = CARTESIAN_POINT ( 'NONE',  ( -2.220000000000000195, 0.1000000000000000056, -0.7550000000000000044 ) ) ;
#2395 = EDGE_CURVE ( 'NONE', #5126, #8823, #11587, .T. ) ;
#2396 = CARTESIAN_POINT ( 'NONE',  ( -1.636670602965730081, 0.8900000000000000133, 0.1161732482417699996 ) ) ;
#2397 = AXIS2_PLACEMENT_3D ( 'NONE', #5754, #6881, #1172 ) ;
#2398 = VERTEX_POINT ( 'NONE', #9764 ) ;
#2399 = CARTESIAN_POINT ( 'NONE',  ( -2.100000000000000089, -0.03000000000000000583, -1.745000000000000329 ) ) ;
#2400 = CARTESIAN_POINT ( 'NONE',  ( -1.375000000000000000, 0.0000000000000000000, -2.500000000000000000 ) ) ;
#2401 = FACE_OUTER_BOUND ( 'NONE', #3114, .T. ) ;
#2402 = ORIENTED_EDGE ( 'NONE', *, *, #11262, .T. ) ;
#2403 = CARTESIAN_POINT ( 'NONE',  ( 2.220000000000000195, 0.0000000000000000000, 0.1250000000000000000 ) ) ;
#2404 = CARTESIAN_POINT ( 'NONE',  ( -2.220000000000000195, 0.1000000000000000056, -0.6250000000000000000 ) ) ;
#2405 = EDGE_CURVE ( 'NONE', #381, #9252, #5343, .T. ) ;
#2406 = DIRECTION ( 'NONE',  ( 0.0000000000000000000, -1.000000000000000000, 0.0000000000000000000 ) ) ;
#2407 = CARTESIAN_POINT ( 'NONE',  ( 1.374999999999999778, 0.1000000000000000194, -2.500052547825884819 ) ) ;
#2408 = CARTESIAN_POINT ( 'NONE',  ( 1.213584073464102353, -0.03000000000000000930, -2.100000000000000089 ) ) ;
#2409 = ORIENTED_EDGE ( 'NONE', *, *, #7848, .F. ) ;
#2410 = CARTESIAN_POINT ( 'NONE',  ( 0.6669812533945912447, 0.9000000000000001332, -0.3030598619225643442 ) ) ;
#2411 = DIRECTION ( 'NONE',  ( 0.0000000000000000000, 0.0000000000000000000, -1.000000000000000000 ) ) ;
#2412 = EDGE_LOOP ( 'NONE', ( #3633, #5862, #9840, #5855 ) ) ;
#2413 = ADVANCED_FACE ( 'NONE', ( #10064 ), #1894, .T. ) ;
#2414 = DIRECTION ( 'NONE',  ( 0.0000000000000000000, 0.0000000000000000000, -1.000000000000000000 ) ) ;
#2415 = VERTEX_POINT ( 'NONE', #118 ) ;
#2416 = DIRECTION ( 'NONE',  ( 0.0000000000000000000, -1.000000000000000000, 0.0000000000000000000 ) ) ;
#2417 = EDGE_LOOP ( 'NONE', ( #5172, #8064, #11239, #5474 ) ) ;
#2418 = CARTESIAN_POINT ( 'NONE',  ( 2.500223525886114739, 0.1000000000000000194, -0.3749999999999999445 ) ) ;
#2419 = ORIENTED_EDGE ( 'NONE', *, *, #10755, .F. ) ;
#2420 =( NAMED_UNIT ( * ) PLANE_ANGLE_UNIT ( ) SI_UNIT ( $, .RADIAN. ) );
#2421 = LINE ( 'NONE', #6063, #8751 ) ;
#2422 = LINE ( 'NONE', #9003, #11788 ) ;
#2423 = AXIS2_PLACEMENT_3D ( 'NONE', #157, #10107, #4547 ) ;
#2424 = CARTESIAN_POINT ( 'NONE',  ( -0.6823616009484062550, -0.0000000000000000000, 2.112932771566823131 ) ) ;
#2425 = DIRECTION ( 'NONE',  ( 0.0000000000000000000, -1.000000000000000000, 0.0000000000000000000 ) ) ;
#2426 = VERTEX_POINT ( 'NONE', #7265 ) ;
#2427 = EDGE_CURVE ( 'NONE', #2968, #1129, #2898, .T. ) ;
#2428 = CARTESIAN_POINT ( 'NONE',  ( 1.875000000000000444, 0.03333333333333334675, 2.500105095651770082 ) ) ;
#2429 = EDGE_LOOP ( 'NONE', ( #8514, #3205, #11016, #8427 ) ) ;
#2430 = DIRECTION ( 'NONE',  ( 1.000000000000000000, 0.0000000000000000000, -0.0000000000000000000 ) ) ;
#2431 = ORIENTED_EDGE ( 'NONE', *, *, #10746, .T. ) ;
#2432 = AXIS2_PLACEMENT_3D ( 'NONE', #7748, #3283, #8660 ) ;
#2433 = FACE_OUTER_BOUND ( 'NONE', #4969, .T. ) ;
#2434 = EDGE_CURVE ( 'NONE', #40, #11136, #6547, .T. ) ;
#2435 = B_SPLINE_CURVE_WITH_KNOTS ( 'NONE', 3,
 ( #9256, #3768, #922, #1094 ),
 .UNSPECIFIED., .F., .F.,
 ( 4, 4 ),
 ( 0.0000000000000000000, 1.000000000000000000 ),
 .UNSPECIFIED. ) ;
#2436 = CARTESIAN_POINT ( 'NONE',  ( -1.366138416502250097, 0.9000000000000001332, 0.2358692094292010322 ) ) ;
#2437 = DIRECTION ( 'NONE',  ( -0.0000000000000000000, 1.000000000000000000, -0.0000000000000000000 ) ) ;
#2438 = SURFACE_SIDE_STYLE ('',( #10806 ) ) ;
#2439 = CARTESIAN_POINT ( 'NONE',  ( -0.7483565433187380211, 0.9000000000000001332, -0.1394566969803849865 ) ) ;
#2440 = VECTOR ( 'NONE', #9100, 1000.000000000000000 ) ;
#2441 = VERTEX_POINT ( 'NONE', #7322 ) ;
#2442 = VERTEX_POINT ( 'NONE', #1006 ) ;
#2443 = LINE ( 'NONE', #9795, #11787 ) ;
#2444 = EDGE_CURVE ( 'NONE', #180, #10881, #11330, .T. ) ;
#2445 = EDGE_CURVE ( 'NONE', #1072, #4965, #4571, .T. ) ;
#2446 = ORIENTED_EDGE ( 'NONE', *, *, #7700, .T. ) ;
#2447 = CARTESIAN_POINT ( 'NONE',  ( 0.8176383990515938560, -0.03000000000000000930, 2.112932771566822687 ) ) ;
#2448 = CARTESIAN_POINT ( 'NONE',  ( 0.6250000000000000000, 0.1000000000000000056, 2.500105095651770082 ) ) ;
#2449 =( GEOMETRIC_REPRESENTATION_CONTEXT ( 3 ) GLOBAL_UNCERTAINTY_ASSIGNED_CONTEXT ( ( #2139 ) ) GLOBAL_UNIT_ASSIGNED_CONTEXT ( ( #3015, #3081, #10425 ) ) REPRESENTATION_CONTEXT ( 'NONE', 'WORKASPACE' ) );
#2450 = CARTESIAN_POINT ( 'NONE',  ( 2.220000000000000195, -0.03000000000000000583, 1.375000000000000000 ) ) ;
#2451 = COLOUR_RGB ( '',1.000000000000000000, 1.000000000000000000, 1.000000000000000000 ) ;
#2452 = MECHANICAL_DESIGN_GEOMETRIC_PRESENTATION_REPRESENTATION (  '', ( #9707 ), #6472 ) ;
#2453 = ORIENTED_EDGE ( 'NONE', *, *, #11796, .F. ) ;
#2454 = CARTESIAN_POINT ( 'NONE',  ( 2.220000000000000195, 0.0000000000000000000, 1.375000000000000000 ) ) ;
#2455 = CARTESIAN_POINT ( 'NONE',  ( -1.254999999999999893, 0.0000000000000000000, -2.100000000000000089 ) ) ;
#2456 = EDGE_CURVE ( 'NONE', #3589, #260, #2840, .T. ) ;
#2457 = VECTOR ( 'NONE', #5188, 1000.000000000000000 ) ;
#2458 = ORIENTED_EDGE ( 'NONE', *, *, #8899, .T. ) ;
#2459 = CARTESIAN_POINT ( 'NONE',  ( 0.8620672284331774016, -0.0000000000000000000, 2.157361600948406011 ) ) ;
#2460 = DIRECTION ( 'NONE',  ( 1.000000000000000000, 0.0000000000000000000, -0.0000000000000000000 ) ) ;
#2461 = FACE_OUTER_BOUND ( 'NONE', #5384, .T. ) ;
#2462 = CARTESIAN_POINT ( 'NONE',  ( 1.208333333333333481, 0.1000000000000000056, -2.500105095651770082 ) ) ;
#2463 = VECTOR ( 'NONE', #3451, 1000.000000000000000 ) ;
#2464 = DIRECTION ( 'NONE',  ( -0.0000000000000000000, -1.000000000000000000, -0.0000000000000000000 ) ) ;
#2465 = ORIENTED_EDGE ( 'NONE', *, *, #4794, .F. ) ;
#2466 = VECTOR ( 'NONE', #6702, 1000.000000000000000 ) ;
#2467 = CARTESIAN_POINT ( 'NONE',  ( -1.875000000000000000, 0.0000000000000000000, 2.220000000000000195 ) ) ;
#2468 = FILL_AREA_STYLE ('',( #705 ) ) ;
#2469 = ORIENTED_EDGE ( 'NONE', *, *, #6813, .F. ) ;
#2470 = EDGE_CURVE ( 'NONE', #6254, #5023, #7199, .T. ) ;
#2471 = CYLINDRICAL_SURFACE ( 'NONE', #8259, 0.1199999999999999956 ) ;
#2472 = B_SPLINE_CURVE_WITH_KNOTS ( 'NONE', 3,
 ( #47, #10051, #933, #7183 ),
 .UNSPECIFIED., .F., .F.,
 ( 4, 4 ),
 ( 0.0000000000000000000, 1.000000000000000000 ),
 .UNSPECIFIED. ) ;
#2473 = VERTEX_POINT ( 'NONE', #4679 ) ;
#2474 = FACE_OUTER_BOUND ( 'NONE', #5265, .T. ) ;
#2475 = ADVANCED_FACE ( 'NONE', ( #3686 ), #1951, .F. ) ;
#2476 = ORIENTED_EDGE ( 'NONE', *, *, #1561, .F. ) ;
#2477 =( NAMED_UNIT ( * ) SI_UNIT ( $, .STERADIAN. ) SOLID_ANGLE_UNIT ( ) );
#2478 = DIRECTION ( 'NONE',  ( -0.0000000000000000000, 1.000000000000000000, -0.0000000000000000000 ) ) ;
#2479 = VERTEX_POINT ( 'NONE', #3564 ) ;
#2480 = CARTESIAN_POINT ( 'NONE',  ( -0.1250000000000000278, -0.03000000000000000930, -2.188584073464102886 ) ) ;
#2481 = DIRECTION ( 'NONE',  ( -0.0000000000000000000, -1.000000000000000000, -0.0000000000000000000 ) ) ;
#2482 = CARTESIAN_POINT ( 'NONE',  ( 2.100000000000000089, 0.1000000000000000056, 0.7450000000000009948 ) ) ;
#2483 = CARTESIAN_POINT ( 'NONE',  ( -1.625000000000000222, 0.0000000000000000000, 2.406666666666666732 ) ) ;
#2484 = CARTESIAN_POINT ( 'NONE',  ( 1.213584073464102131, 0.0000000000000000000, -2.100000000000000533 ) ) ;
#2485 = ORIENTED_EDGE ( 'NONE', *, *, #10200, .T. ) ;
#2486 = CARTESIAN_POINT ( 'NONE',  ( 1.875000000000000000, 0.0000000000000000000, 2.500000000000000000 ) ) ;
#2487 = EDGE_LOOP ( 'NONE', ( #7466, #6690, #6284, #9469 ) ) ;
#2488 = CARTESIAN_POINT ( 'NONE',  ( -2.100000000000000089, 0.0000000000000000000, -1.745000000000000551 ) ) ;
#2489 = ADVANCED_FACE ( 'NONE', ( #2669 ), #1781, .F. ) ;
#2490 = EDGE_LOOP ( 'NONE', ( #4024, #4109, #1888, #5630 ) ) ;
#2491 = ORIENTED_EDGE ( 'NONE', *, *, #6574, .T. ) ;
#2492 = DIRECTION ( 'NONE',  ( -0.0000000000000000000, -1.000000000000000000, -0.0000000000000000000 ) ) ;
#2493 = PRESENTATION_LAYER_ASSIGNMENT (  '', '', ( #5559 ) ) ;
#2494 = CARTESIAN_POINT ( 'NONE',  ( 0.7906103738152266969, 0.8900000000000000133, -0.2240234066112962441 ) ) ;
#2495 = CARTESIAN_POINT ( 'NONE',  ( -2.500447051772229923, 0.1000000000000000056, 0.6250000000000000000 ) ) ;
#2496 = CARTESIAN_POINT ( 'NONE',  ( 2.500447051772229923, -0.03000000000000000930, -1.375000000000000222 ) ) ;
#2497 = PLANE ( 'NONE',  #2649 ) ;
#2498 = ORIENTED_EDGE ( 'NONE', *, *, #1758, .F. ) ;
#2499 = CARTESIAN_POINT ( 'NONE',  ( -2.220000000000000195, 0.1000000000000000056, -1.254999999999999893 ) ) ;
#2500 = SURFACE_SIDE_STYLE ('',( #4536 ) ) ;
#2501 = EDGE_CURVE ( 'NONE', #632, #9611, #6423, .T. ) ;
#2502 = VECTOR ( 'NONE', #1247, 1000.000000000000000 ) ;
#2503 = VERTEX_POINT ( 'NONE', #8320 ) ;
#2504 = ORIENTED_EDGE ( 'NONE', *, *, #6143, .F. ) ;
#2505 = ORIENTED_EDGE ( 'NONE', *, *, #7735, .F. ) ;
#2506 = B_SPLINE_CURVE_WITH_KNOTS ( 'NONE', 3,
 ( #8820, #3214, #11337, #8879 ),
 .UNSPECIFIED., .F., .F.,
 ( 4, 4 ),
 ( 0.0000000000000000000, 1.000000000000000000 ),
 .UNSPECIFIED. ) ;
#2507 = LINE ( 'NONE', #6148, #6589 ) ;
#2508 = LINE ( 'NONE', #1869, #8296 ) ;
#2509 = EDGE_LOOP ( 'NONE', ( #11031, #10781, #8100, #6426 ) ) ;
#2510 = LINE ( 'NONE', #1689, #7401 ) ;
#2511 = CARTESIAN_POINT ( 'NONE',  ( 0.7901001352144522150, 0.8900000000000002354, 0.3181377795513041784 ) ) ;
#2512 =( GEOMETRIC_REPRESENTATION_CONTEXT ( 3 ) GLOBAL_UNCERTAINTY_ASSIGNED_CONTEXT ( ( #10313 ) ) GLOBAL_UNIT_ASSIGNED_CONTEXT ( ( #7697, #1447, #6748 ) ) REPRESENTATION_CONTEXT ( 'NONE', 'WORKASPACE' ) );
#2513 = CARTESIAN_POINT ( 'NONE',  ( 0.1249999999999999722, -0.03000000000000000930, -2.188584073464102442 ) ) ;
#2514 = B_SPLINE_CURVE_WITH_KNOTS ( 'NONE', 3,
 ( #8939, #4513, #8144, #10913 ),
 .UNSPECIFIED., .F., .F.,
 ( 4, 4 ),
 ( 0.0000000000000000000, 1.000000000000000000 ),
 .UNSPECIFIED. ) ;
#2515 = LINE ( 'NONE', #806, #4142 ) ;
#2516 = CARTESIAN_POINT ( 'NONE',  ( 0.1250000000000000555, 0.0000000000000000000, 2.500000000000000000 ) ) ;
#2517 = EDGE_CURVE ( 'NONE', #11071, #4358, #3800, .T. ) ;
#2518 = ADVANCED_FACE ( 'NONE', ( #9349 ), #1368, .T. ) ;
#2519 = VECTOR ( 'NONE', #7657, 1000.000000000000000 ) ;
#2520 = DIRECTION ( 'NONE',  ( 0.0000000000000000000, -1.000000000000000000, 0.0000000000000000000 ) ) ;
#2521 = CARTESIAN_POINT ( 'NONE',  ( 0.1250000000000000000, -0.03000000000000000930, 2.500105095651770082 ) ) ;
#2522 = PLANE ( 'NONE',  #7903 ) ;
#2523 = ORIENTED_EDGE ( 'NONE', *, *, #2187, .F. ) ;
#2524 = CARTESIAN_POINT ( 'NONE',  ( 2.220000000000000195, 0.1000000000000000056, -1.625000000000000222 ) ) ;
#2525 = CARTESIAN_POINT ( 'NONE',  ( -2.220000000000000195, 0.0000000000000000000, -0.1250000000000000000 ) ) ;
#2526 = CARTESIAN_POINT ( 'NONE',  ( 1.374999999999999778, 0.1000000000000000194, -2.500052547825884819 ) ) ;
#2527 = CARTESIAN_POINT ( 'NONE',  ( 2.500000000000000000, 0.0000000000000000000, 1.375000000000000000 ) ) ;
#2528 = ORIENTED_EDGE ( 'NONE', *, *, #3809, .T. ) ;
#2529 = PLANE ( 'NONE',  #6431 ) ;
#2530 = CARTESIAN_POINT ( 'NONE',  ( 1.446694957894780087, -0.03000000000000000236, 1.750000000000000000 ) ) ;
#2531 = ORIENTED_EDGE ( 'NONE', *, *, #4548, .T. ) ;
#2532 = LINE ( 'NONE', #10960, #11261 ) ;
#2533 = B_SPLINE_CURVE_WITH_KNOTS ( 'NONE', 3,
 ( #10526, #9515, #9741, #3355, #9566, #8730, #7827, #4256 ),
 .UNSPECIFIED., .F., .F.,
 ( 4, 1, 1, 1, 1, 4 ),
 ( 0.0000000000000000000, 0.1250000000000000000, 0.2500000000000000000, 0.5000000000000000000, 0.7500000000000000000, 1.000000000000000000 ),
 .UNSPECIFIED. ) ;
#2534 = EDGE_CURVE ( 'NONE', #4358, #4821, #6719, .T. ) ;
#2535 = CARTESIAN_POINT ( 'NONE',  ( -0.7516666666666663721, 0.0000000000000000000, 2.100000000000000089 ) ) ;
#2536 = EDGE_LOOP ( 'NONE', ( #5704, #7479, #3090, #2925 ) ) ;
#2537 = CARTESIAN_POINT ( 'NONE',  ( -0.3750000000000000000, 0.0000000000000000000, -2.313333333333333464 ) ) ;
#2538 = ORIENTED_EDGE ( 'NONE', *, *, #2766, .F. ) ;
#2539 = CARTESIAN_POINT ( 'NONE',  ( 2.500223525886114739, 0.1000000000000000194, -0.1250000000000000555 ) ) ;
#2540 = CARTESIAN_POINT ( 'NONE',  ( -0.2549999999999992273, 0.0000000000000000000, 2.100000000000000089 ) ) ;
#2541 = ORIENTED_EDGE ( 'NONE', *, *, #4435, .F. ) ;
#2542 = B_SPLINE_CURVE_WITH_KNOTS ( 'NONE', 3,
 ( #2861, #6504, #10151, #5730 ),
 .UNSPECIFIED., .F., .F.,
 ( 4, 4 ),
 ( 0.0000000000000000000, 1.000000000000000000 ),
 .UNSPECIFIED. ) ;
#2543 = CARTESIAN_POINT ( 'NONE',  ( 1.751666666666666483, 0.0000000000000000000, 2.100000000000000089 ) ) ;
#2544 =( LENGTH_UNIT ( ) NAMED_UNIT ( * ) SI_UNIT ( .MILLI., .METRE. ) );
#2545 = DIRECTION ( 'NONE',  ( 0.0000000000000000000, 0.0000000000000000000, 1.000000000000000000 ) ) ;
#2546 = CARTESIAN_POINT ( 'NONE',  ( -1.245000000000000329, 0.1000000000000000056, 2.100000000000000089 ) ) ;
#2547 = DIRECTION ( 'NONE',  ( 0.0000000000000000000, 0.0000000000000000000, -1.000000000000000000 ) ) ;
#2548 = EDGE_CURVE ( 'NONE', #10909, #252, #6834, .T. ) ;
#2549 = ORIENTED_EDGE ( 'NONE', *, *, #9412, .F. ) ;
#2550 = VECTOR ( 'NONE', #7732, 1000.000000000000000 ) ;
#2551 = ADVANCED_FACE ( 'NONE', ( #11321 ), #3132, .F. ) ;
#2552 = CARTESIAN_POINT ( 'NONE',  ( 0.6789106508382921623, 0.9000000000000001332, -0.2161456805470310660 ) ) ;
#2553 = ORIENTED_EDGE ( 'NONE', *, *, #1413, .T. ) ;
#2554 = DIRECTION ( 'NONE',  ( 1.000000000000000000, 0.0000000000000000000, -0.0000000000000000000 ) ) ;
#2555 = VERTEX_POINT ( 'NONE', #1305 ) ;
#2556 = ORIENTED_EDGE ( 'NONE', *, *, #3943, .T. ) ;
#2557 = DIRECTION ( 'NONE',  ( -0.0000000000000000000, -1.000000000000000000, -0.0000000000000000000 ) ) ;
#2558 = CARTESIAN_POINT ( 'NONE',  ( 0.3998479606374399919, 0.8900000000000000133, -0.3316052058057050167 ) ) ;
#2559 = SURFACE_STYLE_FILL_AREA ( #3464 ) ;
#2560 = DIRECTION ( 'NONE',  ( 1.000000000000000000, 0.0000000000000000000, -0.0000000000000000000 ) ) ;
#2561 = LINE ( 'NONE', #6198, #9368 ) ;
#2562 = FACE_OUTER_BOUND ( 'NONE', #3176, .T. ) ;
#2563 = DIRECTION ( 'NONE',  ( 1.000000000000000000, -0.0000000000000000000, 0.0000000000000000000 ) ) ;
#2564 = EDGE_CURVE ( 'NONE', #6603, #6820, #4798, .T. ) ;
#2565 = CARTESIAN_POINT ( 'NONE',  ( 0.3620672284331776236, -0.03000000000000001277, 2.157361600948406455 ) ) ;
#2566 = COLOUR_RGB ( '',1.000000000000000000, 1.000000000000000000, 1.000000000000000000 ) ;
#2567 = VECTOR ( 'NONE', #7151, 1000.000000000000000 ) ;
#2568 = ORIENTED_EDGE ( 'NONE', *, *, #210, .T. ) ;
#2569 = VERTEX_POINT ( 'NONE', #8444 ) ;
#2570 = PLANE ( 'NONE',  #5635 ) ;
#2571 = DIRECTION ( 'NONE',  ( 0.0000000000000000000, 0.0000000000000000000, -1.000000000000000000 ) ) ;
#2572 = ORIENTED_EDGE ( 'NONE', *, *, #11352, .F. ) ;
#2573 = FACE_OUTER_BOUND ( 'NONE', #61, .T. ) ;
#2574 = FILL_AREA_STYLE_COLOUR ( '', #8243 ) ;
#2575 = EDGE_CURVE ( 'NONE', #7274, #2238, #7554, .T. ) ;
#2576 = PLANE ( 'NONE',  #6849 ) ;
#2577 = CARTESIAN_POINT ( 'NONE',  ( 2.500000000000000000, 0.0000000000000000000, -0.6250000000000000000 ) ) ;
#2578 = CARTESIAN_POINT ( 'NONE',  ( -2.100000000000000533, 0.0000000000000000000, 0.2864159265358970363 ) ) ;
#2579 = ORIENTED_EDGE ( 'NONE', *, *, #1994, .F. ) ;
#2580 = VECTOR ( 'NONE', #6760, 1000.000000000000000 ) ;
#2581 = CARTESIAN_POINT ( 'NONE',  ( -0.1250000000000000555, 0.1000000000000000194, -2.500052547825884819 ) ) ;
#2582 = CARTESIAN_POINT ( 'NONE',  ( -1.125000000000000222, -0.03000000000000000583, -2.220000000000000195 ) ) ;
#2583 = DIRECTION ( 'NONE',  ( 0.0000000000000000000, 1.000000000000000000, 0.0000000000000000000 ) ) ;
#2584 = VERTEX_POINT ( 'NONE', #8627 ) ;
#2585 = FILL_AREA_STYLE_COLOUR ( '', #5190 ) ;
#2586 = CYLINDRICAL_SURFACE ( 'NONE', #6079, 0.1199999999999998845 ) ;
#2587 = DIRECTION ( 'NONE',  ( 0.0000000000000000000, 0.0000000000000000000, -1.000000000000000000 ) ) ;
#2588 = ADVANCED_FACE ( 'NONE', ( #7612 ), #1243, .T. ) ;
#2589 = LINE ( 'NONE', #10835, #588 ) ;
#2590 = ORIENTED_EDGE ( 'NONE', *, *, #9788, .T. ) ;
#2591 = ORIENTED_EDGE ( 'NONE', *, *, #6695, .T. ) ;
#2592 = FACE_OUTER_BOUND ( 'NONE', #10338, .T. ) ;
#2593 = ORIENTED_EDGE ( 'NONE', *, *, #5772, .F. ) ;
#2594 =( NAMED_UNIT ( * ) PLANE_ANGLE_UNIT ( ) SI_UNIT ( $, .RADIAN. ) );
#2595 = AXIS2_PLACEMENT_3D ( 'NONE', #7964, #3452, #2547 ) ;
#2596 = ORIENTED_EDGE ( 'NONE', *, *, #4464, .T. ) ;
#2597 = LINE ( 'NONE', #2837, #124 ) ;
#2598 = ORIENTED_EDGE ( 'NONE', *, *, #11227, .T. ) ;
#2599 = CARTESIAN_POINT ( 'NONE',  ( 1.446694957894780309, -0.03000000000000000236, 1.750000000000000000 ) ) ;
#2600 = CARTESIAN_POINT ( 'NONE',  ( -0.3176383990515938560, -0.0000000000000000000, 2.112932771566822687 ) ) ;
#2601 = EDGE_CURVE ( 'NONE', #4032, #773, #8386, .T. ) ;
#2602 = DIRECTION ( 'NONE',  ( 1.000000000000000000, 0.0000000000000000000, -0.0000000000000000000 ) ) ;
#2603 = EDGE_CURVE ( 'NONE', #7461, #6787, #8891, .T. ) ;
#2604 = LINE ( 'NONE', #6242, #8943 ) ;
#2605 = CARTESIAN_POINT ( 'NONE',  ( -2.220000000000000195, 0.0000000000000000000, -1.125000000000000222 ) ) ;
#2606 = CARTESIAN_POINT ( 'NONE',  ( -2.100000000000000089, 0.0000000000000000000, -0.2450000000000010225 ) ) ;
#2607 = CARTESIAN_POINT ( 'NONE',  ( -1.565765448930310333, 0.8999999999999911404, 0.2340626297995880012 ) ) ;
#2608 = DIRECTION ( 'NONE',  ( -1.000000000000000000, 0.0000000000000000000, -0.0000000000000000000 ) ) ;
#2609 = ORIENTED_EDGE ( 'NONE', *, *, #8127, .T. ) ;
#2610 = VECTOR ( 'NONE', #1574, 1000.000000000000000 ) ;
#2611 = CARTESIAN_POINT ( 'NONE',  ( -1.245000000000000329, 0.0000000000000000000, 2.100000000000000089 ) ) ;
#2612 = ORIENTED_EDGE ( 'NONE', *, *, #11637, .F. ) ;
#2613 = EDGE_CURVE ( 'NONE', #6487, #2503, #299, .T. ) ;
#2614 = CARTESIAN_POINT ( 'NONE',  ( -1.209768594444730061, 0.8900000000000000133, -0.02953582053485869982 ) ) ;
#2615 = EDGE_LOOP ( 'NONE', ( #7858, #8677, #10385, #2639 ) ) ;
#2616 = AXIS2_PLACEMENT_3D ( 'NONE', #9664, #563, #7864 ) ;
#2617 = VERTEX_POINT ( 'NONE', #10305 ) ;
#2618 = CARTESIAN_POINT ( 'NONE',  ( -2.220000000000000195, 0.0000000000000000000, -1.375000000000000000 ) ) ;
#2619 = EDGE_CURVE ( 'NONE', #1083, #3460, #10529, .T. ) ;
#2620 = CYLINDRICAL_SURFACE ( 'NONE', #26, 0.1199999999999998845 ) ;
#2621 = FILL_AREA_STYLE ('',( #11744 ) ) ;
#2622 = CARTESIAN_POINT ( 'NONE',  ( -1.218715642527500087, 0.9000000000000001332, 0.03948426467512310134 ) ) ;
#2623 = CARTESIAN_POINT ( 'NONE',  ( -2.220000000000000195, -0.03000000000000000583, -1.875000000000000000 ) ) ;
#2624 = PRESENTATION_STYLE_ASSIGNMENT (( #10026 ) ) ;
#2625 = CARTESIAN_POINT ( 'NONE',  ( -1.650730249952940154, 0.8900000000000000133, -0.2566204218738730169 ) ) ;
#2626 = ORIENTED_EDGE ( 'NONE', *, *, #2372, .F. ) ;
#2627 = CARTESIAN_POINT ( 'NONE',  ( 0.1250000000000000000, -0.03000000000000000930, -2.500105095651770082 ) ) ;
#2628 = FACE_OUTER_BOUND ( 'NONE', #6505, .T. ) ;
#2629 = EDGE_LOOP ( 'NONE', ( #11034, #2453, #9859, #6295 ) ) ;
#2630 = EDGE_CURVE ( 'NONE', #6307, #10133, #10247, .T. ) ;
#2631 = ORIENTED_EDGE ( 'NONE', *, *, #11520, .T. ) ;
#2632 = VECTOR ( 'NONE', #2928, 1000.000000000000000 ) ;
#2633 = EDGE_CURVE ( 'NONE', #5636, #3563, #3775, .T. ) ;
#2634 = ORIENTED_EDGE ( 'NONE', *, *, #4090, .F. ) ;
#2635 = CARTESIAN_POINT ( 'NONE',  ( -2.100000000000000089, 0.1000000000000000056, 0.2549999999999990052 ) ) ;
#2636 = DIRECTION ( 'NONE',  ( -1.000000000000000000, 0.0000000000000000000, -0.0000000000000000000 ) ) ;
#2637 = CARTESIAN_POINT ( 'NONE',  ( -0.6250000000000001110, 0.1000000000000000194, -2.500052547825884819 ) ) ;
#2638 = EDGE_CURVE ( 'NONE', #4792, #8168, #4856, .T. ) ;
#2639 = ORIENTED_EDGE ( 'NONE', *, *, #10917, .T. ) ;
#2640 = CARTESIAN_POINT ( 'NONE',  ( -2.406666666666666732, 0.0000000000000000000, -0.8750000000000000000 ) ) ;
#2641 = SURFACE_STYLE_USAGE ( .BOTH. , #8236 ) ;
#2642 = CARTESIAN_POINT ( 'NONE',  ( 2.220000000000000195, -0.03000000000000000236, 1.254999999999999893 ) ) ;
#2643 = VECTOR ( 'NONE', #10376, 1000.000000000000000 ) ;
#2644 = CARTESIAN_POINT ( 'NONE',  ( 2.220000000000000195, 0.1000000000000000056, -1.125000000000000222 ) ) ;
#2645 = DIRECTION ( 'NONE',  ( -0.0000000000000000000, 1.000000000000000000, 0.0000000000000000000 ) ) ;
#2646 = ORIENTED_EDGE ( 'NONE', *, *, #11626, .T. ) ;
#2647 = CARTESIAN_POINT ( 'NONE',  ( -2.500000000000000000, 0.9000000000000001332, 2.500000000000000000 ) ) ;
#2648 = AXIS2_PLACEMENT_3D ( 'NONE', #9023, #8104, #3587 ) ;
#2649 = AXIS2_PLACEMENT_3D ( 'NONE', #9913, #4533, #9074 ) ;
#2650 = CARTESIAN_POINT ( 'NONE',  ( -2.112932771566821799, -0.0000000000000000000, -0.3176383990515933009 ) ) ;
#2651 = ADVANCED_FACE ( 'NONE', ( #4096 ), #7062, .T. ) ;
#2652 = DIRECTION ( 'NONE',  ( 0.0000000000000000000, 0.0000000000000000000, 1.000000000000000000 ) ) ;
#2653 = FILL_AREA_STYLE ('',( #4440 ) ) ;
#2654 =( GEOMETRIC_REPRESENTATION_CONTEXT ( 3 ) GLOBAL_UNCERTAINTY_ASSIGNED_CONTEXT ( ( #5295 ) ) GLOBAL_UNIT_ASSIGNED_CONTEXT ( ( #1910, #5548, #10082 ) ) REPRESENTATION_CONTEXT ( 'NONE', 'WORKASPACE' ) );
#2655 = DIRECTION ( 'NONE',  ( 0.0000000000000000000, 1.000000000000000000, 0.0000000000000000000 ) ) ;
#2656 = ORIENTED_EDGE ( 'NONE', *, *, #1285, .F. ) ;
#2657 = DIRECTION ( 'NONE',  ( -0.0000000000000000000, 1.000000000000000000, 0.0000000000000000000 ) ) ;
#2658 = ORIENTED_EDGE ( 'NONE', *, *, #9194, .F. ) ;
#2659 = STYLED_ITEM ( 'NONE', ( #3253 ), #11441 ) ;
#2660 = DIRECTION ( 'NONE',  ( 0.0000000000000000000, 0.0000000000000000000, -1.000000000000000000 ) ) ;
#2661 =( GEOMETRIC_REPRESENTATION_CONTEXT ( 3 ) GLOBAL_UNCERTAINTY_ASSIGNED_CONTEXT ( ( #9424 ) ) GLOBAL_UNIT_ASSIGNED_CONTEXT ( ( #693, #3605, #9930 ) ) REPRESENTATION_CONTEXT ( 'NONE', 'WORKASPACE' ) );
#2662 = VERTEX_POINT ( 'NONE', #3309 ) ;
#2663 = PRESENTATION_LAYER_ASSIGNMENT (  '', '', ( #9149 ) ) ;
#2664 = DIRECTION ( 'NONE',  ( 0.0000000000000000000, 0.0000000000000000000, 1.000000000000000000 ) ) ;
#2665 = ORIENTED_EDGE ( 'NONE', *, *, #2395, .F. ) ;
#2666 = CARTESIAN_POINT ( 'NONE',  ( 2.220000000000000195, -0.03000000000000000583, -0.3750000000000000000 ) ) ;
#2667 = ORIENTED_EDGE ( 'NONE', *, *, #4160, .T. ) ;
#2668 = VECTOR ( 'NONE', #10458, 1000.000000000000000 ) ;
#2669 = FACE_OUTER_BOUND ( 'NONE', #1779, .T. ) ;
#2670 = B_SPLINE_CURVE_WITH_KNOTS ( 'NONE', 3,
 ( #3455, #5294, #4233, #2611 ),
 .UNSPECIFIED., .F., .F.,
 ( 4, 4 ),
 ( 0.0000000000000000000, 1.000000000000000000 ),
 .UNSPECIFIED. ) ;
#2671 = CARTESIAN_POINT ( 'NONE',  ( 1.375000000000000000, 0.0000000000000000000, -2.220000000000000195 ) ) ;
#2672 = FACE_OUTER_BOUND ( 'NONE', #2490, .T. ) ;
#2673 = CARTESIAN_POINT ( 'NONE',  ( -0.6250000000000000000, 0.1000000000000000056, 2.220000000000000195 ) ) ;
#2674 = LINE ( 'NONE', #7088, #10906 ) ;
#2675 = VERTEX_POINT ( 'NONE', #3365 ) ;
#2676 = B_SPLINE_CURVE_WITH_KNOTS ( 'NONE', 3,
 ( #1493, #5120, #7852, #11501, #10611, #9713 ),
 .UNSPECIFIED., .F., .F.,
 ( 4, 2, 4 ),
 ( 0.0000000000000000000, 0.5000000000000000000, 1.000000000000000000 ),
 .UNSPECIFIED. ) ;
#2677 = EDGE_CURVE ( 'NONE', #3057, #5832, #5921, .T. ) ;
#2678 = ADVANCED_FACE ( 'NONE', ( #5156 ), #5273, .F. ) ;
#2679 =( NAMED_UNIT ( * ) SI_UNIT ( $, .STERADIAN. ) SOLID_ANGLE_UNIT ( ) );
#2680 = VERTEX_POINT ( 'NONE', #5099 ) ;
#2681 = LINE ( 'NONE', #8212, #10011 ) ;
#2682 = ORIENTED_EDGE ( 'NONE', *, *, #11129, .T. ) ;
#2683 = ORIENTED_EDGE ( 'NONE', *, *, #4238, .F. ) ;
#2684 = CYLINDRICAL_SURFACE ( 'NONE', #4477, 75.26957596295279984 ) ;
#2685 = DIRECTION ( 'NONE',  ( 0.0000000000000000000, 1.000000000000000000, 0.0000000000000000000 ) ) ;
#2686 = CARTESIAN_POINT ( 'NONE',  ( 2.500000000000000000, 0.0000000000000000000, -0.1250000000000000555 ) ) ;
#2687 = FACE_OUTER_BOUND ( 'NONE', #4356, .T. ) ;
#2688 =( NAMED_UNIT ( * ) SI_UNIT ( $, .STERADIAN. ) SOLID_ANGLE_UNIT ( ) );
#2689 = PLANE ( 'NONE',  #11206 ) ;
#2690 = CARTESIAN_POINT ( 'NONE',  ( -0.5664332323023040239, 0.9000000000000001332, 0.0000000000000000000 ) ) ;
#2691 = ORIENTED_EDGE ( 'NONE', *, *, #6839, .T. ) ;
#2692 = ADVANCED_FACE ( 'NONE', ( #4210 ), #7887, .F. ) ;
#2693 = ORIENTED_EDGE ( 'NONE', *, *, #10382, .T. ) ;
#2694 = VECTOR ( 'NONE', #3526, 1000.000000000000000 ) ;
#2695 = B_SPLINE_SURFACE_WITH_KNOTS ( 'NONE', 3, 1, ( 
 ( #11402, #4239 ),
 ( #2378, #9658 ),
 ( #6020, #3223 ),
 ( #11344, #3164 ),
 ( #10508, #5856 ),
 ( #5131, #7806 ),
 ( #6808, #5920 ) ),
 .UNSPECIFIED., .F., .F., .F.,
 ( 4, 1, 1, 1, 4 ),
 ( 2, 2 ),
 ( 0.0000000000000000000, 0.2500000000000000000, 0.5000000000000000000, 0.7500000000000000000, 1.000000000000000000 ),
 ( 0.0000000000000000000, 1.000000000000000000 ),
 .UNSPECIFIED. ) ;
#2696 = VERTEX_POINT ( 'NONE', #1638 ) ;
#2697 = CARTESIAN_POINT ( 'NONE',  ( 2.220000000000000195, 0.0000000000000000000, -1.625000000000000222 ) ) ;
#2698 = CARTESIAN_POINT ( 'NONE',  ( 1.265581375123104868, 0.8900000000000000133, 0.3083217570670889751 ) ) ;
#2699 = VERTEX_POINT ( 'NONE', #5995 ) ;
#2700 = B_SPLINE_CURVE_WITH_KNOTS ( 'NONE', 3,
 ( #2455, #9038, #7057, #11772, #755, #11535 ),
 .UNSPECIFIED., .F., .F.,
 ( 4, 2, 4 ),
 ( 0.0000000000000000000, 0.5000000000000000000, 1.000000000000000000 ),
 .UNSPECIFIED. ) ;
#2701 = FACE_OUTER_BOUND ( 'NONE', #5063, .T. ) ;
#2702 = DIRECTION ( 'NONE',  ( -0.0000000000000000000, -1.000000000000000000, -0.0000000000000000000 ) ) ;
#2703 = EDGE_CURVE ( 'NONE', #3460, #1075, #10330, .T. ) ;
#2704 = COLOUR_RGB ( '',1.000000000000000000, 1.000000000000000000, 1.000000000000000000 ) ;
#2705 = CARTESIAN_POINT ( 'NONE',  ( -1.125000000000000222, 0.1000000000000000194, 2.500052547825884819 ) ) ;
#2706 = EDGE_CURVE ( 'NONE', #9600, #8357, #9809, .T. ) ;
#2707 = UNCERTAINTY_MEASURE_WITH_UNIT (LENGTH_MEASURE( 1.000000000000000082E-05 ), #10574, 'distance_accuracy_value', 'NONE');
#2708 = ORIENTED_EDGE ( 'NONE', *, *, #3556, .F. ) ;
#2709 = DIRECTION ( 'NONE',  ( -0.0000000000000000000, 1.000000000000000000, -0.0000000000000000000 ) ) ;
#2710 = VECTOR ( 'NONE', #10005, 1000.000000000000000 ) ;
#2711 = DIRECTION ( 'NONE',  ( 0.0000000000000000000, 0.0000000000000000000, 1.000000000000000000 ) ) ;
#2712 = ORIENTED_EDGE ( 'NONE', *, *, #8562, .T. ) ;
#2713 = CARTESIAN_POINT ( 'NONE',  ( 0.8176383990515940781, -0.0000000000000000000, 2.112932771566823131 ) ) ;
#2714 = DIRECTION ( 'NONE',  ( 0.0000000000000000000, -1.000000000000000000, 0.0000000000000000000 ) ) ;
#2715 = CARTESIAN_POINT ( 'NONE',  ( 2.220000000000000195, -0.03000000000000000583, 1.625000000000000222 ) ) ;
#2716 = ORIENTED_EDGE ( 'NONE', *, *, #483, .T. ) ;
#2717 = CARTESIAN_POINT ( 'NONE',  ( -2.499999999999999556, 0.9000000000000001332, 0.8749999999999998890 ) ) ;
#2718 = PRESENTATION_LAYER_ASSIGNMENT (  '', '', ( #4247 ) ) ;
#2719 = ADVANCED_FACE ( 'NONE', ( #10706 ), #10478, .T. ) ;
#2720 = ORIENTED_EDGE ( 'NONE', *, *, #2760, .F. ) ;
#2721 = ORIENTED_EDGE ( 'NONE', *, *, #1537, .T. ) ;
#2722 = CARTESIAN_POINT ( 'NONE',  ( -2.406666666666666732, 0.0000000000000000000, -1.875000000000000000 ) ) ;
#2723 = ORIENTED_EDGE ( 'NONE', *, *, #10255, .T. ) ;
#2724 = DIRECTION ( 'NONE',  ( 0.0000000000000000000, 1.000000000000000000, -0.0000000000000000000 ) ) ;
#2725 = CARTESIAN_POINT ( 'NONE',  ( -2.100000000000000089, -0.03000000000000000930, -0.2549999999999990052 ) ) ;
#2726 = DIRECTION ( 'NONE',  ( 0.0000000000000000000, 0.0000000000000000000, -1.000000000000000000 ) ) ;
#2727 = CARTESIAN_POINT ( 'NONE',  ( 1.137932771566822598, -0.0000000000000000000, 2.157361600948406455 ) ) ;
#2728 = CARTESIAN_POINT ( 'NONE',  ( -2.100000000000000089, 0.1000000000000000056, 1.754999999999999893 ) ) ;
#2729 = DIRECTION ( 'NONE',  ( 0.0000000000000000000, 0.0000000000000000000, 1.000000000000000000 ) ) ;
#2730 = EDGE_CURVE ( 'NONE', #2220, #11682, #662, .T. ) ;
#2731 =( NAMED_UNIT ( * ) PLANE_ANGLE_UNIT ( ) SI_UNIT ( $, .RADIAN. ) );
#2732 = ORIENTED_EDGE ( 'NONE', *, *, #4366, .F. ) ;
#2733 = VERTEX_POINT ( 'NONE', #6045 ) ;
#2734 =( NAMED_UNIT ( * ) PLANE_ANGLE_UNIT ( ) SI_UNIT ( $, .RADIAN. ) );
#2735 = VERTEX_POINT ( 'NONE', #9688 ) ;
#2736 = ORIENTED_EDGE ( 'NONE', *, *, #1743, .T. ) ;
#2737 = CARTESIAN_POINT ( 'NONE',  ( 0.8750000000000000000, 0.0000000000000000000, 2.313333333333333464 ) ) ;
#2738 = CARTESIAN_POINT ( 'NONE',  ( -1.785319895140109914, 0.8900000000000000133, -0.02812016593027890157 ) ) ;
#2739 = CARTESIAN_POINT ( 'NONE',  ( 0.6789106508382921623, 0.9000000000000001332, -0.2161456805470310660 ) ) ;
#2740 = CARTESIAN_POINT ( 'NONE',  ( 0.7018876698372811251, 0.9000000000000003553, -0.3225571395752378501 ) ) ;
#2741 = AXIS2_PLACEMENT_3D ( 'NONE', #6355, #11726, #8928 ) ;
#2742 = UNCERTAINTY_MEASURE_WITH_UNIT (LENGTH_MEASURE( 1.000000000000000082E-05 ), #10485, 'distance_accuracy_value', 'NONE');
#2743 = CARTESIAN_POINT ( 'NONE',  ( -2.500000000000000000, 0.9000000000000001332, -2.500000000000000000 ) ) ;
#2744 = PLANE ( 'NONE',  #8946 ) ;
#2745 = EDGE_CURVE ( 'NONE', #9155, #1618, #8020, .T. ) ;
#2746 = EDGE_LOOP ( 'NONE', ( #10590, #10688, #7913, #4064 ) ) ;
#2747 = FACE_OUTER_BOUND ( 'NONE', #8806, .T. ) ;
#2748 = CARTESIAN_POINT ( 'NONE',  ( -1.718864447618059899, 0.9000000000000001332, -0.1828851190005490179 ) ) ;
#2749 = ORIENTED_EDGE ( 'NONE', *, *, #9801, .T. ) ;
#2750 = ORIENTED_EDGE ( 'NONE', *, *, #5585, .T. ) ;
#2751 = VECTOR ( 'NONE', #4050, 1000.000000000000000 ) ;
#2752 = EDGE_LOOP ( 'NONE', ( #6644, #10915, #7010, #9489, #4893, #1560 ) ) ;
#2753 = FILL_AREA_STYLE_COLOUR ( '', #6283 ) ;
#2754 = CARTESIAN_POINT ( 'NONE',  ( 0.1250000000000000000, -0.03000000000000000583, 2.220000000000000195 ) ) ;
#2755 = DIRECTION ( 'NONE',  ( 1.000000000000000000, -0.0000000000000000000, 0.0000000000000000000 ) ) ;
#2756 = ORIENTED_EDGE ( 'NONE', *, *, #6345, .T. ) ;
#2757 = CARTESIAN_POINT ( 'NONE',  ( -2.291666666666666519, 0.0000000000000000000, -2.500000000000000000 ) ) ;
#2758 =( LENGTH_UNIT ( ) NAMED_UNIT ( * ) SI_UNIT ( .MILLI., .METRE. ) );
#2759 = PRESENTATION_STYLE_ASSIGNMENT (( #864 ) ) ;
#2760 = EDGE_CURVE ( 'NONE', #4032, #3651, #1528, .T. ) ;
#2761 = VECTOR ( 'NONE', #8336, 1000.000000000000000 ) ;
#2762 = CARTESIAN_POINT ( 'NONE',  ( -0.8750000000000001110, 0.0000000000000000000, -2.220000000000000195 ) ) ;
#2763 = AXIS2_PLACEMENT_3D ( 'NONE', #7121, #9805, #9312 ) ;
#2764 = DIRECTION ( 'NONE',  ( 0.0000000000000000000, 0.0000000000000000000, 1.000000000000000000 ) ) ;
#2765 = AXIS2_PLACEMENT_3D ( 'NONE', #4680, #3855, #2726 ) ;
#2766 = EDGE_CURVE ( 'NONE', #2675, #4237, #4377, .T. ) ;
#2767 = CARTESIAN_POINT ( 'NONE',  ( -0.6250000000000000000, -0.03000000000000000930, -2.500105095651770082 ) ) ;
#2768 = PLANE ( 'NONE',  #6770 ) ;
#2769 = ORIENTED_EDGE ( 'NONE', *, *, #10446, .F. ) ;
#2770 = ORIENTED_EDGE ( 'NONE', *, *, #4764, .F. ) ;
#2771 = CARTESIAN_POINT ( 'NONE',  ( 0.6669812533945912447, 0.9000000000000001332, -0.3030598619225643442 ) ) ;
#2772 = CARTESIAN_POINT ( 'NONE',  ( 2.220000000000000195, -0.03000000000000000583, 1.125000000000000222 ) ) ;
#2773 = DIRECTION ( 'NONE',  ( 0.0000000000000000000, 0.0000000000000000000, -1.000000000000000000 ) ) ;
#2774 = EDGE_CURVE ( 'NONE', #4828, #764, #9603, .T. ) ;
#2775 = DIRECTION ( 'NONE',  ( 0.0000000000000000000, 0.0000000000000000000, 1.000000000000000000 ) ) ;
#2776 = CARTESIAN_POINT ( 'NONE',  ( -0.8176383990515936340, -0.0000000000000000000, -2.112932771566822687 ) ) ;
#2777 = CARTESIAN_POINT ( 'NONE',  ( 1.790900912554659996, 0.9000000000000001332, -0.2421347249779509936 ) ) ;
#2778 = DIRECTION ( 'NONE',  ( 1.000000000000000000, 0.0000000000000000000, -0.0000000000000000000 ) ) ;
#2779 = AXIS2_PLACEMENT_3D ( 'NONE', #1581, #5207, #8855 ) ;
#2780 = ORIENTED_EDGE ( 'NONE', *, *, #1498, .T. ) ;
#2781 = DIRECTION ( 'NONE',  ( 1.000000000000000000, 0.0000000000000000000, -0.0000000000000000000 ) ) ;
#2782 = ADVANCED_FACE ( 'NONE', ( #5945 ), #6290, .F. ) ;
#2783 = CARTESIAN_POINT ( 'NONE',  ( 0.1823616009484066991, -0.0000000000000000000, -2.112932771566822687 ) ) ;
#2784 = CARTESIAN_POINT ( 'NONE',  ( -1.625000000000000222, 0.0000000000000000000, -2.220000000000000195 ) ) ;
#2785 = VECTOR ( 'NONE', #4758, 1000.000000000000000 ) ;
#2786 = CARTESIAN_POINT ( 'NONE',  ( 2.220000000000000195, 0.1000000000000000056, 1.375000000000000000 ) ) ;
#2787 = STYLED_ITEM ( 'NONE', ( #7096 ), #5424 ) ;
#2788 = CARTESIAN_POINT ( 'NONE',  ( 2.188584073464102886, -0.03000000000000000930, 1.375000000000000000 ) ) ;
#2789 = ADVANCED_FACE ( 'NONE', ( #2828 ), #3727, .F. ) ;
#2790 = DIRECTION ( 'NONE',  ( -1.000000000000000000, 0.0000000000000000000, -0.0000000000000000000 ) ) ;
#2791 = CARTESIAN_POINT ( 'NONE',  ( 2.000000000000000000, 0.9000000000000001332, 2.149999999999999911 ) ) ;
#2792 = FILL_AREA_STYLE ('',( #2902 ) ) ;
#2793 = CARTESIAN_POINT ( 'NONE',  ( 2.100000000000000089, 0.0000000000000000000, -1.245000000000000329 ) ) ;
#2794 = EDGE_LOOP ( 'NONE', ( #10630, #9173, #5036, #6917 ) ) ;
#2795 = FACE_OUTER_BOUND ( 'NONE', #7968, .T. ) ;
#2796 = ORIENTED_EDGE ( 'NONE', *, *, #5214, .T. ) ;
#2797 = EDGE_CURVE ( 'NONE', #2662, #3798, #1703, .T. ) ;
#2798 = ORIENTED_EDGE ( 'NONE', *, *, #9234, .T. ) ;
#2799 = EDGE_CURVE ( 'NONE', #10448, #7896, #2472, .T. ) ;
#2800 = CARTESIAN_POINT ( 'NONE',  ( -1.625000000000000444, -0.03000000000000000930, -2.500105095651770082 ) ) ;
#2801 = CARTESIAN_POINT ( 'NONE',  ( 2.112932771566822687, -0.0000000000000000000, -0.8176383990515933009 ) ) ;
#2802 =( GEOMETRIC_REPRESENTATION_CONTEXT ( 3 ) GLOBAL_UNCERTAINTY_ASSIGNED_CONTEXT ( ( #2820 ) ) GLOBAL_UNIT_ASSIGNED_CONTEXT ( ( #4084, #10466, #2290 ) ) REPRESENTATION_CONTEXT ( 'NONE', 'WORKASPACE' ) );
#2803 = FACE_OUTER_BOUND ( 'NONE', #3313, .T. ) ;
#2804 = DIRECTION ( 'NONE',  ( 0.0000000000000000000, -1.000000000000000000, 0.0000000000000000000 ) ) ;
#2805 = DIRECTION ( 'NONE',  ( 0.0000000000000000000, -1.000000000000000000, 0.0000000000000000000 ) ) ;
#2806 = ORIENTED_EDGE ( 'NONE', *, *, #1808, .T. ) ;
#2807 = CARTESIAN_POINT ( 'NONE',  ( -2.500447051772229923, 0.1000000000000000056, 0.1250000000000000000 ) ) ;
#2808 = CARTESIAN_POINT ( 'NONE',  ( -1.555721120312040018, 0.9000000000000001332, 0.1251202963245449939 ) ) ;
#2809 = VERTEX_POINT ( 'NONE', #992 ) ;
#2810 = ADVANCED_FACE ( 'NONE', ( #3672, #7308 ), #6407, .F. ) ;
#2811 =( NAMED_UNIT ( * ) PLANE_ANGLE_UNIT ( ) SI_UNIT ( $, .RADIAN. ) );
#2812 = CARTESIAN_POINT ( 'NONE',  ( 0.2550000000000000044, 0.0000000000000000000, -2.100000000000000089 ) ) ;
#2813 = EDGE_LOOP ( 'NONE', ( #2145, #8255, #10777, #11372, #2922, #456 ) ) ;
#2814 = CARTESIAN_POINT ( 'NONE',  ( 1.254999999999999893, 0.0000000000000000000, -2.100000000000000089 ) ) ;
#2815 = B_SPLINE_CURVE_WITH_KNOTS ( 'NONE', 3,
 ( #11304, #8664, #2333, #6754 ),
 .UNSPECIFIED., .F., .F.,
 ( 4, 4 ),
 ( 0.0000000000000000000, 1.000000000000000000 ),
 .UNSPECIFIED. ) ;
#2816 = DIRECTION ( 'NONE',  ( 0.0000000000000000000, 1.000000000000000000, -0.0000000000000000000 ) ) ;
#2817 = CARTESIAN_POINT ( 'NONE',  ( -1.745000000000000329, -0.03000000000000000583, 2.100000000000000089 ) ) ;
#2818 = CARTESIAN_POINT ( 'NONE',  ( -1.062419830002419907, 0.9000000000000005773, -0.2394337462125190052 ) ) ;
#2819 = MECHANICAL_DESIGN_GEOMETRIC_PRESENTATION_REPRESENTATION (  '', ( #10256 ), #9490 ) ;
#2820 = UNCERTAINTY_MEASURE_WITH_UNIT (LENGTH_MEASURE( 1.000000000000000082E-05 ), #4084, 'distance_accuracy_value', 'NONE');
#2821 = ORIENTED_EDGE ( 'NONE', *, *, #2001, .T. ) ;
#2822 = EDGE_CURVE ( 'NONE', #11226, #2569, #10601, .T. ) ;
#2823 = EDGE_CURVE ( 'NONE', #6448, #2968, #815, .T. ) ;
#2824 = CARTESIAN_POINT ( 'NONE',  ( 2.112932771566823131, -0.03000000000000001277, -1.182361600948406366 ) ) ;
#2825 = DIRECTION ( 'NONE',  ( 0.0000000000000000000, -1.000000000000000000, 0.0000000000000000000 ) ) ;
#2826 = EDGE_LOOP ( 'NONE', ( #1908, #5805, #9176, #10195 ) ) ;
#2827 = EDGE_LOOP ( 'NONE', ( #3407, #6791, #9298, #813 ) ) ;
#2828 = FACE_OUTER_BOUND ( 'NONE', #10737, .T. ) ;
#2829 = STYLED_ITEM ( 'NONE', ( #10870 ), #8719 ) ;
#2830 = DIRECTION ( 'NONE',  ( 0.0000000000000000000, -1.000000000000000000, 0.0000000000000000000 ) ) ;
#2831 = DIRECTION ( 'NONE',  ( -0.0000000000000000000, -1.000000000000000000, -0.0000000000000000000 ) ) ;
#2832 =( GEOMETRIC_REPRESENTATION_CONTEXT ( 3 ) GLOBAL_UNCERTAINTY_ASSIGNED_CONTEXT ( ( #10984 ) ) GLOBAL_UNIT_ASSIGNED_CONTEXT ( ( #912, #1678, #1745 ) ) REPRESENTATION_CONTEXT ( 'NONE', 'WORKASPACE' ) );
#2833 = ORIENTED_EDGE ( 'NONE', *, *, #4124, .F. ) ;
#2834 = EDGE_CURVE ( 'NONE', #4850, #4094, #379, .T. ) ;
#2835 =( LENGTH_UNIT ( ) NAMED_UNIT ( * ) SI_UNIT ( .MILLI., .METRE. ) );
#2836 = FILL_AREA_STYLE_COLOUR ( '', #6080 ) ;
#2837 = CARTESIAN_POINT ( 'NONE',  ( 2.220000000000000195, -0.03000000000000000930, 0.6250000000000000000 ) ) ;
#2838 = ORIENTED_EDGE ( 'NONE', *, *, #6859, .T. ) ;
#2839 = B_SPLINE_CURVE_WITH_KNOTS ( 'NONE', 3,
 ( #10004, #11182, #10406, #1837, #343, #2047 ),
 .UNSPECIFIED., .F., .F.,
 ( 4, 2, 4 ),
 ( 0.0000000000000000000, 0.5000000000000000000, 1.000000000000000000 ),
 .UNSPECIFIED. ) ;
#2840 = LINE ( 'NONE', #6479, #3092 ) ;
#2841 = CARTESIAN_POINT ( 'NONE',  ( 2.157361600948406011, -0.03000000000000000930, 1.362067228433177624 ) ) ;
#2842 = AXIS2_PLACEMENT_3D ( 'NONE', #9183, #8033, #136 ) ;
#2843 = CARTESIAN_POINT ( 'NONE',  ( -0.3750000000000000000, 0.06666666666666666574, 2.500105095651770082 ) ) ;
#2844 = PLANE ( 'NONE',  #1691 ) ;
#2845 = SURFACE_STYLE_FILL_AREA ( #2792 ) ;
#2846 = LINE ( 'NONE', #8513, #2502 ) ;
#2847 = ORIENTED_EDGE ( 'NONE', *, *, #8638, .F. ) ;
#2848 = EDGE_CURVE ( 'NONE', #9358, #4399, #7125, .T. ) ;
#2849 = VECTOR ( 'NONE', #7129, 1000.000000000000000 ) ;
#2850 = EDGE_CURVE ( 'NONE', #10810, #2503, #10766, .T. ) ;
#2851 =( GEOMETRIC_REPRESENTATION_CONTEXT ( 3 ) GLOBAL_UNCERTAINTY_ASSIGNED_CONTEXT ( ( #5604 ) ) GLOBAL_UNIT_ASSIGNED_CONTEXT ( ( #547, #7740, #6855 ) ) REPRESENTATION_CONTEXT ( 'NONE', 'WORKASPACE' ) );
#2852 = ORIENTED_EDGE ( 'NONE', *, *, #3792, .F. ) ;
#2853 = ORIENTED_EDGE ( 'NONE', *, *, #4888, .T. ) ;
#2854 = ORIENTED_EDGE ( 'NONE', *, *, #7513, .T. ) ;
#2855 = DIRECTION ( 'NONE',  ( -1.000000000000000000, 0.0000000000000000000, 0.0000000000000000000 ) ) ;
#2856 = DIRECTION ( 'NONE',  ( 0.0000000000000000000, 0.0000000000000000000, 1.000000000000000000 ) ) ;
#2857 = CARTESIAN_POINT ( 'NONE',  ( 0.2549999999999997269, -0.03000000000000000583, 2.100000000000000089 ) ) ;
#2858 = LINE ( 'NONE', #1204, #1154 ) ;
#2859 = CARTESIAN_POINT ( 'NONE',  ( 0.8755088654259447489, 0.9000000000000000222, 0.3158156397302515073 ) ) ;
#2860 = CARTESIAN_POINT ( 'NONE',  ( -1.555721120312040018, 0.8950000000000001288, 0.1251202963245451882 ) ) ;
#2861 = CARTESIAN_POINT ( 'NONE',  ( -0.1250000000000000555, 0.0000000000000000000, -2.500000000000000000 ) ) ;
#2862 = ORIENTED_EDGE ( 'NONE', *, *, #3779, .T. ) ;
#2863 = LINE ( 'NONE', #5434, #8133 ) ;
#2864 = PRODUCT_RELATED_PRODUCT_CATEGORY ( 'part', '', ( #9733 ) ) ;
#2865 = DIRECTION ( 'NONE',  ( 0.0000000000000000000, 0.0000000000000000000, 1.000000000000000000 ) ) ;
#2866 = ORIENTED_EDGE ( 'NONE', *, *, #8327, .T. ) ;
#2867 = ADVANCED_FACE ( 'NONE', ( #11713 ), #3550, .T. ) ;
#2868 = ORIENTED_EDGE ( 'NONE', *, *, #10121, .F. ) ;
#2869 = DIRECTION ( 'NONE',  ( 0.0000000000000000000, 0.0000000000000000000, -1.000000000000000000 ) ) ;
#2870 = ORIENTED_EDGE ( 'NONE', *, *, #10506, .T. ) ;
#2871 = DIRECTION ( 'NONE',  ( 0.0000000000000000000, 0.0000000000000000000, 1.000000000000000000 ) ) ;
#2872 = PLANE ( 'NONE',  #3018 ) ;
#2873 = CARTESIAN_POINT ( 'NONE',  ( 2.500000000000000000, 0.0000000000000000000, -0.8750000000000001110 ) ) ;
#2874 = CARTESIAN_POINT ( 'NONE',  ( -1.875000000000000000, 0.0000000000000000000, 2.220000000000000195 ) ) ;
#2875 = DIRECTION ( 'NONE',  ( 0.0000000000000000000, -1.000000000000000000, 0.0000000000000000000 ) ) ;
#2876 = CARTESIAN_POINT ( 'NONE',  ( -2.157361600948405567, -0.0000000000000000000, 0.8620672284331770685 ) ) ;
#2877 = LINE ( 'NONE', #1987, #11414 ) ;
#2878 = VERTEX_POINT ( 'NONE', #4786 ) ;
#2879 = CARTESIAN_POINT ( 'NONE',  ( -1.625000000000000444, -0.03000000000000000930, 2.500105095651770082 ) ) ;
#2880 = EDGE_CURVE ( 'NONE', #7573, #11740, #9511, .T. ) ;
#2881 = CARTESIAN_POINT ( 'NONE',  ( 2.100000000000000089, -0.03000000000000000583, -0.2450000000000010225 ) ) ;
#2882 = VERTEX_POINT ( 'NONE', #5808 ) ;
#2883 = CARTESIAN_POINT ( 'NONE',  ( -1.125000000000000222, 0.1000000000000000194, -2.500052547825884819 ) ) ;
#2884 = CARTESIAN_POINT ( 'NONE',  ( 2.100000000000000089, 0.1000000000000000056, 0.2450000000000010225 ) ) ;
#2885 = ORIENTED_EDGE ( 'NONE', *, *, #4879, .T. ) ;
#2886 = ORIENTED_EDGE ( 'NONE', *, *, #3943, .F. ) ;
#2887 = CARTESIAN_POINT ( 'NONE',  ( -0.3749999999999998890, 0.06666666666666669350, -2.500105095651770082 ) ) ;
#2888 = COLOUR_RGB ( '',1.000000000000000000, 1.000000000000000000, 1.000000000000000000 ) ;
#2889 = CARTESIAN_POINT ( 'NONE',  ( -1.245000000000000329, 0.0000000000000000000, -2.100000000000000089 ) ) ;
#2890 = CARTESIAN_POINT ( 'NONE',  ( -0.1250000000000000000, -0.03000000000000000930, -2.500105095651770082 ) ) ;
#2891 = EDGE_CURVE ( 'NONE', #1641, #7233, #3030, .T. ) ;
#2892 = FACE_OUTER_BOUND ( 'NONE', #223, .T. ) ;
#2893 = ORIENTED_EDGE ( 'NONE', *, *, #2117, .F. ) ;
#2894 = STYLED_ITEM ( 'NONE', ( #408 ), #2058 ) ;
#2895 = CARTESIAN_POINT ( 'NONE',  ( 1.833079853516319968, 0.9000000000000001332, -0.3316052058057050167 ) ) ;
#2896 = FACE_BOUND ( 'NONE', #7866, .T. ) ;
#2897 = ORIENTED_EDGE ( 'NONE', *, *, #1820, .T. ) ;
#2898 = LINE ( 'NONE', #4452, #2710 ) ;
#2899 = CARTESIAN_POINT ( 'NONE',  ( -0.6250000000000000000, 0.0000000000000000000, -2.220000000000000195 ) ) ;
#2900 = CARTESIAN_POINT ( 'NONE',  ( 2.406666666666666732, 0.0000000000000000000, -0.3750000000000000000 ) ) ;
#2901 = CYLINDRICAL_SURFACE ( 'NONE', #9120, 0.1200000000000000927 ) ;
#2902 = FILL_AREA_STYLE_COLOUR ( '', #2033 ) ;
#2903 = VECTOR ( 'NONE', #4920, 1000.000000000000000 ) ;
#2904 = CARTESIAN_POINT ( 'NONE',  ( -2.500223525886114739, 0.1000000000000000194, -1.874999999999999778 ) ) ;
#2905 = EDGE_CURVE ( 'NONE', #5731, #913, #5896, .T. ) ;
#2906 = ORIENTED_EDGE ( 'NONE', *, *, #1049, .T. ) ;
#2907 = LINE ( 'NONE', #190, #3894 ) ;
#2908 = EDGE_LOOP ( 'NONE', ( #1804, #9411, #11140, #1101 ) ) ;
#2909 = VECTOR ( 'NONE', #4197, 1000.000000000000000 ) ;
#2910 = CARTESIAN_POINT ( 'NONE',  ( -1.125000000000000666, -0.03000000000000000930, -2.188584073464102886 ) ) ;
#2911 = ORIENTED_EDGE ( 'NONE', *, *, #4593, .F. ) ;
#2912 = ORIENTED_EDGE ( 'NONE', *, *, #6213, .F. ) ;
#2913 = EDGE_CURVE ( 'NONE', #8432, #9121, #2222, .T. ) ;
#2914 = CARTESIAN_POINT ( 'NONE',  ( 1.125000000000000222, 0.0000000000000000000, 2.406666666666666732 ) ) ;
#2915 = CARTESIAN_POINT ( 'NONE',  ( -1.650649060507320298, 0.8900000000000000133, -0.1404764682104099882 ) ) ;
#2916 = B_SPLINE_CURVE_WITH_KNOTS ( 'NONE', 3,
 ( #1643, #5276, #763, #8004, #6538, #11190 ),
 .UNSPECIFIED., .F., .F.,
 ( 4, 2, 4 ),
 ( 0.0000000000000000000, 0.5000000000000000000, 1.000000000000000000 ),
 .UNSPECIFIED. ) ;
#2917 = CARTESIAN_POINT ( 'NONE',  ( -0.2449999999999999956, 0.1000000000000000056, 2.100000000000000089 ) ) ;
#2918 = CARTESIAN_POINT ( 'NONE',  ( 1.914881435987410008, 0.9000000000000001332, 0.3083217570670889751 ) ) ;
#2919 = CARTESIAN_POINT ( 'NONE',  ( -0.3176383990515933564, -0.0000000000000000000, -2.112932771566822687 ) ) ;
#2920 = CARTESIAN_POINT ( 'NONE',  ( 2.220000000000000195, 0.1000000000000000056, -0.6250000000000000000 ) ) ;
#2921 = EDGE_CURVE ( 'NONE', #4717, #952, #1171, .T. ) ;
#2922 = ORIENTED_EDGE ( 'NONE', *, *, #10528, .T. ) ;
#2923 = SURFACE_STYLE_USAGE ( .BOTH. , #84 ) ;
#2924 = VERTEX_POINT ( 'NONE', #1107 ) ;
#2925 = ORIENTED_EDGE ( 'NONE', *, *, #3373, .T. ) ;
#2926 = LINE ( 'NONE', #4650, #6907 ) ;
#2927 = ORIENTED_EDGE ( 'NONE', *, *, #1034, .T. ) ;
#2928 = DIRECTION ( 'NONE',  ( 0.0000000000000000000, 1.000000000000000000, -0.0000000000000000000 ) ) ;
#2929 = DIRECTION ( 'NONE',  ( 0.0000000000000000000, 0.0000000000000000000, -1.000000000000000000 ) ) ;
#2930 = CARTESIAN_POINT ( 'NONE',  ( -2.112932771566823131, -0.03000000000000001277, 1.182361600948406366 ) ) ;
#2931 = ORIENTED_EDGE ( 'NONE', *, *, #10627, .T. ) ;
#2932 = CARTESIAN_POINT ( 'NONE',  ( 2.100000000000000533, 0.0000000000000000000, 1.713584073464102131 ) ) ;
#2933 = PRESENTATION_LAYER_ASSIGNMENT (  '', '', ( #6565 ) ) ;
#2934 = ORIENTED_EDGE ( 'NONE', *, *, #2760, .T. ) ;
#2935 = B_SPLINE_CURVE_WITH_KNOTS ( 'NONE', 3,
 ( #1729, #8768, #6186, #2486 ),
 .UNSPECIFIED., .F., .F.,
 ( 4, 4 ),
 ( 0.0000000000000000000, 1.000000000000000000 ),
 .UNSPECIFIED. ) ;
#2936 = CARTESIAN_POINT ( 'NONE',  ( -1.875000000000000000, 0.1000000000000000056, -2.220000000000000195 ) ) ;
#2937 = EDGE_CURVE ( 'NONE', #11028, #4806, #4724, .T. ) ;
#2938 = CARTESIAN_POINT ( 'NONE',  ( 1.625000000000000222, 0.1000000000000000056, -2.220000000000000195 ) ) ;
#2939 = ORIENTED_EDGE ( 'NONE', *, *, #7980, .T. ) ;
#2940 = CARTESIAN_POINT ( 'NONE',  ( -0.9920570910971920897, 0.8900000000000000133, -0.05978536405281360128 ) ) ;
#2941 = PRESENTATION_LAYER_ASSIGNMENT (  '', '', ( #9609 ) ) ;
#2942 = DIRECTION ( 'NONE',  ( -0.0000000000000000000, -1.000000000000000000, -0.0000000000000000000 ) ) ;
#2943 = PRESENTATION_STYLE_ASSIGNMENT (( #3729 ) ) ;
#2944 = CARTESIAN_POINT ( 'NONE',  ( -1.750000000000000000, -0.03000000000000000236, 1.750000000000000000 ) ) ;
#2945 = CARTESIAN_POINT ( 'NONE',  ( 1.665482921560889951, 0.8900000000000000133, 0.2167436354994529968 ) ) ;
#2946 = CARTESIAN_POINT ( 'NONE',  ( 2.112932771566822687, -0.03000000000000001277, -0.1823616009484067269 ) ) ;
#2947 = ORIENTED_EDGE ( 'NONE', *, *, #424, .F. ) ;
#2948 = FACE_OUTER_BOUND ( 'NONE', #7769, .T. ) ;
#2949 = SURFACE_STYLE_USAGE ( .BOTH. , #6419 ) ;
#2950 = EDGE_CURVE ( 'NONE', #5746, #2584, #3120, .T. ) ;
#2951 = ORIENTED_EDGE ( 'NONE', *, *, #1601, .T. ) ;
#2952 = CARTESIAN_POINT ( 'NONE',  ( 2.500000000000000000, 0.0000000000000000000, -1.541666666666666741 ) ) ;
#2953 = CARTESIAN_POINT ( 'NONE',  ( 2.112932771566823131, -0.03000000000000001277, 1.317638399051594078 ) ) ;
#2954 = DIRECTION ( 'NONE',  ( 0.0000000000000000000, -0.0000000000000000000, -1.000000000000000000 ) ) ;
#2955 = ORIENTED_EDGE ( 'NONE', *, *, #1137, .T. ) ;
#2956 =( NAMED_UNIT ( * ) PLANE_ANGLE_UNIT ( ) SI_UNIT ( $, .RADIAN. ) );
#2957 = VECTOR ( 'NONE', #7610, 1000.000000000000000 ) ;
#2958 = CARTESIAN_POINT ( 'NONE',  ( -1.625000000000000222, 0.0000000000000000000, 2.500000000000000000 ) ) ;
#2959 = ORIENTED_EDGE ( 'NONE', *, *, #4409, .T. ) ;
#2960 = LINE ( 'NONE', #10368, #6750 ) ;
#2961 = MECHANICAL_DESIGN_GEOMETRIC_PRESENTATION_REPRESENTATION (  '', ( #8873 ), #4307 ) ;
#2962 = ORIENTED_EDGE ( 'NONE', *, *, #3932, .F. ) ;
#2963 = VECTOR ( 'NONE', #2724, 1000.000000000000000 ) ;
#2964 = EDGE_CURVE ( 'NONE', #3747, #10812, #3180, .T. ) ;
#2965 = LINE ( 'NONE', #11332, #10386 ) ;
#2966 = EDGE_CURVE ( 'NONE', #304, #8596, #6459, .T. ) ;
#2967 = VERTEX_POINT ( 'NONE', #9676 ) ;
#2968 = VERTEX_POINT ( 'NONE', #5199 ) ;
#2969 = DIRECTION ( 'NONE',  ( -0.0000000000000000000, 1.000000000000000000, -0.0000000000000000000 ) ) ;
#2970 = CARTESIAN_POINT ( 'NONE',  ( -2.500000000000000000, 0.0000000000000000000, -0.4583333333333333148 ) ) ;
#2971 = CARTESIAN_POINT ( 'NONE',  ( 1.038485519795280032, 0.9000000000000002442, 0.2382452754970930953 ) ) ;
#2972 = UNCERTAINTY_MEASURE_WITH_UNIT (LENGTH_MEASURE( 1.000000000000000082E-05 ), #735, 'distance_accuracy_value', 'NONE');
#2973 = CARTESIAN_POINT ( 'NONE',  ( -1.718864447618059899, 0.8900000000000000133, -0.1828851190005490179 ) ) ;
#2974 = CARTESIAN_POINT ( 'NONE',  ( -2.188584073464102886, -0.03000000000000000930, -1.875000000000000222 ) ) ;
#2975 = ORIENTED_EDGE ( 'NONE', *, *, #1728, .T. ) ;
#2976 = VECTOR ( 'NONE', #7281, 1000.000000000000000 ) ;
#2977 = CARTESIAN_POINT ( 'NONE',  ( 1.125000000000000222, 0.06666666666666669350, -2.500105095651770082 ) ) ;
#2978 = VERTEX_POINT ( 'NONE', #5145 ) ;
#2979 = ORIENTED_EDGE ( 'NONE', *, *, #9978, .T. ) ;
#2980 = CARTESIAN_POINT ( 'NONE',  ( -0.8750000000000000000, -0.03000000000000000583, -2.220000000000000195 ) ) ;
#2981 = CARTESIAN_POINT ( 'NONE',  ( -2.220000000000000195, -0.03000000000000000583, 0.1250000000000000000 ) ) ;
#2982 = CARTESIAN_POINT ( 'NONE',  ( 0.6250000000000000000, -0.03000000000000000583, -2.220000000000000195 ) ) ;
#2983 = CARTESIAN_POINT ( 'NONE',  ( 2.220000000000000195, 0.0000000000000000000, 1.875000000000000000 ) ) ;
#2984 = CARTESIAN_POINT ( 'NONE',  ( 2.500447051772229923, 0.1000000000000000056, 1.291666666666666741 ) ) ;
#2985 = SURFACE_STYLE_FILL_AREA ( #8477 ) ;
#2986 = DIRECTION ( 'NONE',  ( 0.0000000000000000000, 0.0000000000000000000, -1.000000000000000000 ) ) ;
#2987 = ORIENTED_EDGE ( 'NONE', *, *, #3748, .T. ) ;
#2988 = DIRECTION ( 'NONE',  ( 0.0000000000000000000, 0.0000000000000000000, -1.000000000000000000 ) ) ;
#2989 = CARTESIAN_POINT ( 'NONE',  ( 1.750000000000000000, -0.03000000000000000236, 1.446694957894779865 ) ) ;
#2990 = EDGE_CURVE ( 'NONE', #9827, #252, #5024, .T. ) ;
#2991 = EDGE_CURVE ( 'NONE', #8228, #7072, #8670, .T. ) ;
#2992 = EDGE_LOOP ( 'NONE', ( #6191, #10730, #6171, #649 ) ) ;
#2993 = EDGE_CURVE ( 'NONE', #2045, #1241, #11361, .T. ) ;
#2994 = ORIENTED_EDGE ( 'NONE', *, *, #11494, .T. ) ;
#2995 = CARTESIAN_POINT ( 'NONE',  ( -2.100000000000000089, 0.0000000000000000000, 0.7450000000000009948 ) ) ;
#2996 = CARTESIAN_POINT ( 'NONE',  ( -2.313333333333333464, 0.0000000000000000000, 0.8750000000000000000 ) ) ;
#2997 = LINE ( 'NONE', #6590, #7728 ) ;
#2998 = ORIENTED_EDGE ( 'NONE', *, *, #8244, .F. ) ;
#2999 = LINE ( 'NONE', #8249, #7206 ) ;
#3000 = PRESENTATION_LAYER_ASSIGNMENT (  '', '', ( #5865 ) ) ;
#3001 = CARTESIAN_POINT ( 'NONE',  ( -1.209768594444730061, 0.8950000000000001288, -0.02953582053485870329 ) ) ;
#3002 = VECTOR ( 'NONE', #9947, 1000.000000000000000 ) ;
#3003 = DIRECTION ( 'NONE',  ( 0.0000000000000000000, -0.0000000000000000000, -1.000000000000000000 ) ) ;
#3004 = ORIENTED_EDGE ( 'NONE', *, *, #10627, .F. ) ;
#3005 = EDGE_CURVE ( 'NONE', #5222, #8006, #6882, .T. ) ;
#3006 = CARTESIAN_POINT ( 'NONE',  ( -0.5608945834891579940, 0.8900000000000000133, -0.3316052058057050167 ) ) ;
#3007 = VECTOR ( 'NONE', #6336, 1000.000000000000000 ) ;
#3008 = CARTESIAN_POINT ( 'NONE',  ( -1.140123546261919918, 0.9000000000000015765, 0.3094733318067159900 ) ) ;
#3009 = CARTESIAN_POINT ( 'NONE',  ( -2.100000000000000089, 0.0000000000000000000, 1.245000000000000329 ) ) ;
#3010 = ORIENTED_EDGE ( 'NONE', *, *, #10044, .T. ) ;
#3011 = SURFACE_STYLE_USAGE ( .BOTH. , #1242 ) ;
#3012 = CARTESIAN_POINT ( 'NONE',  ( -2.220000000000000195, 0.1000000000000000056, -0.7449999999999999956 ) ) ;
#3013 = CARTESIAN_POINT ( 'NONE',  ( 0.3750000000000000000, 0.1000000000000000056, 2.500105095651770082 ) ) ;
#3014 = CARTESIAN_POINT ( 'NONE',  ( 1.625000000000000222, 0.1000000000000000194, 2.500052547825884819 ) ) ;
#3015 =( LENGTH_UNIT ( ) NAMED_UNIT ( * ) SI_UNIT ( .MILLI., .METRE. ) );
#3016 = FACE_OUTER_BOUND ( 'NONE', #8753, .T. ) ;
#3017 = ORIENTED_EDGE ( 'NONE', *, *, #3726, .F. ) ;
#3018 = AXIS2_PLACEMENT_3D ( 'NONE', #7345, #6388, #6332 ) ;
#3019 = VECTOR ( 'NONE', #1203, 1000.000000000000000 ) ;
#3020 = UNCERTAINTY_MEASURE_WITH_UNIT (LENGTH_MEASURE( 1.000000000000000082E-05 ), #3570, 'distance_accuracy_value', 'NONE');
#3021 = VECTOR ( 'NONE', #5012, 1000.000000000000000 ) ;
#3022 = CARTESIAN_POINT ( 'NONE',  ( 1.745313572323379914, 0.8900000000000000133, -0.3316052058057050167 ) ) ;
#3023 = ORIENTED_EDGE ( 'NONE', *, *, #1728, .F. ) ;
#3024 =( NAMED_UNIT ( * ) SI_UNIT ( $, .STERADIAN. ) SOLID_ANGLE_UNIT ( ) );
#3025 = ORIENTED_EDGE ( 'NONE', *, *, #10612, .T. ) ;
#3026 = VECTOR ( 'NONE', #5937, 1000.000000000000000 ) ;
#3027 = PRESENTATION_LAYER_ASSIGNMENT (  '', '', ( #5127 ) ) ;
#3028 = ORIENTED_EDGE ( 'NONE', *, *, #7416, .T. ) ;
#3029 = CARTESIAN_POINT ( 'NONE',  ( 2.220000000000000195, 0.1000000000000000056, 0.6250000000000000000 ) ) ;
#3030 = B_SPLINE_CURVE_WITH_KNOTS ( 'NONE', 3,
 ( #7481, #11253, #2887, #7425 ),
 .UNSPECIFIED., .F., .F.,
 ( 4, 4 ),
 ( 0.0000000000000000000, 1.000000000000000000 ),
 .UNSPECIFIED. ) ;
#3031 = CARTESIAN_POINT ( 'NONE',  ( 0.7550000000000000044, 0.1000000000000000056, 2.220000000000000195 ) ) ;
#3032 = CARTESIAN_POINT ( 'NONE',  ( 1.125000000000000222, 0.0000000000000000000, -2.500000000000000000 ) ) ;
#3033 = CARTESIAN_POINT ( 'NONE',  ( 0.2449999999999999956, 0.1000000000000000056, -2.220000000000000195 ) ) ;
#3034 = CARTESIAN_POINT ( 'NONE',  ( 1.713584073464102131, -0.03000000000000000930, 2.100000000000000533 ) ) ;
#3035 = CARTESIAN_POINT ( 'NONE',  ( -1.672867242938439913, 0.8900000000000000133, -0.2200943834478049921 ) ) ;
#3036 = FACE_OUTER_BOUND ( 'NONE', #4687, .T. ) ;
#3037 = EDGE_LOOP ( 'NONE', ( #9754, #1663, #5913, #2458, #1805, #2066, #5240, #226, #8981, #4389 ) ) ;
#3038 = EDGE_CURVE ( 'NONE', #4195, #8765, #7174, .T. ) ;
#3039 = EDGE_CURVE ( 'NONE', #8105, #2968, #7874, .T. ) ;
#3040 = FILL_AREA_STYLE_COLOUR ( '', #399 ) ;
#3041 = MECHANICAL_DESIGN_GEOMETRIC_PRESENTATION_REPRESENTATION (  '', ( #1520 ), #2661 ) ;
#3042 = ORIENTED_EDGE ( 'NONE', *, *, #5244, .T. ) ;
#3043 = VERTEX_POINT ( 'NONE', #6988 ) ;
#3044 = CARTESIAN_POINT ( 'NONE',  ( -2.100000000000000089, -0.03000000000000000583, 1.754999999999999893 ) ) ;
#3045 = VECTOR ( 'NONE', #9784, 1000.000000000000000 ) ;
#3046 = ORIENTED_EDGE ( 'NONE', *, *, #6967, .T. ) ;
#3047 = FACE_OUTER_BOUND ( 'NONE', #2417, .T. ) ;
#3048 = CARTESIAN_POINT ( 'NONE',  ( -1.125000000000000222, 0.0000000000000000000, -2.500000000000000000 ) ) ;
#3049 = STYLED_ITEM ( 'NONE', ( #8219 ), #11571 ) ;
#3050 = CARTESIAN_POINT ( 'NONE',  ( -1.254999999999999893, -0.03000000000000000583, 2.100000000000000089 ) ) ;
#3051 = CARTESIAN_POINT ( 'NONE',  ( -0.6250000000000000000, 0.1000000000000000056, -2.220000000000000195 ) ) ;
#3052 = VECTOR ( 'NONE', #10162, 1000.000000000000000 ) ;
#3053 = VERTEX_POINT ( 'NONE', #10695 ) ;
#3054 = DIRECTION ( 'NONE',  ( -1.000000000000000000, 0.0000000000000000000, -0.0000000000000000000 ) ) ;
#3055 = EDGE_CURVE ( 'NONE', #1790, #7277, #6093, .T. ) ;
#3056 = CARTESIAN_POINT ( 'NONE',  ( 2.500447051772229923, 0.1000000000000000056, -0.8750000000000000000 ) ) ;
#3057 = VERTEX_POINT ( 'NONE', #1572 ) ;
#3058 = ORIENTED_EDGE ( 'NONE', *, *, #9952, .F. ) ;
#3059 = CARTESIAN_POINT ( 'NONE',  ( 0.8750000000000000000, -0.03000000000000000930, -2.500105095651770082 ) ) ;
#3060 = FILL_AREA_STYLE_COLOUR ( '', #7538 ) ;
#3061 = LINE ( 'NONE', #10910, #2963 ) ;
#3062 = ORIENTED_EDGE ( 'NONE', *, *, #10995, .F. ) ;
#3063 = CARTESIAN_POINT ( 'NONE',  ( 0.9583333333333333703, 0.0000000000000000000, -2.500000000000000000 ) ) ;
#3064 = CARTESIAN_POINT ( 'NONE',  ( -0.03174059687929790124, 0.9000000000000001332, 0.0000000000000000000 ) ) ;
#3065 = CARTESIAN_POINT ( 'NONE',  ( -0.3620672284331774571, -0.03000000000000001277, -2.157361600948405123 ) ) ;
#3066 = B_SPLINE_CURVE_WITH_KNOTS ( 'NONE', 3,
 ( #7620, #186, #6728, #8391 ),
 .UNSPECIFIED., .F., .F.,
 ( 4, 4 ),
 ( 0.0000000000000000000, 1.000000000000000000 ),
 .UNSPECIFIED. ) ;
#3067 = CARTESIAN_POINT ( 'NONE',  ( 2.220000000000000195, 0.1000000000000000056, 0.2550000000000000044 ) ) ;
#3068 = MANIFOLD_SURFACE_SHAPE_REPRESENTATION ( 'EDD1A5CE-FB3B-493F-AF3A-D747A036161D', ( #7754, #970 ), #22 ) ;
#3069 = CYLINDRICAL_SURFACE ( 'NONE', #825, 0.1199999999999998845 ) ;
#3070 = ADVANCED_FACE ( 'NONE', ( #8845 ), #7821, .T. ) ;
#3071 = FILL_AREA_STYLE_COLOUR ( '', #10643 ) ;
#3072 = VERTEX_POINT ( 'NONE', #9923 ) ;
#3073 = CARTESIAN_POINT ( 'NONE',  ( -1.636670602965730081, 0.9000000000000001332, 0.1161732482417699996 ) ) ;
#3074 =( GEOMETRIC_REPRESENTATION_CONTEXT ( 3 ) GLOBAL_UNCERTAINTY_ASSIGNED_CONTEXT ( ( #4808 ) ) GLOBAL_UNIT_ASSIGNED_CONTEXT ( ( #1798, #908, #2688 ) ) REPRESENTATION_CONTEXT ( 'NONE', 'WORKASPACE' ) );
#3075 = LINE ( 'NONE', #296, #10776 ) ;
#3076 = ORIENTED_EDGE ( 'NONE', *, *, #2534, .T. ) ;
#3077 = DIRECTION ( 'NONE',  ( 1.000000000000000000, 0.0000000000000000000, -0.0000000000000000000 ) ) ;
#3078 = CARTESIAN_POINT ( 'NONE',  ( -2.220000000000000195, -0.03000000000000000930, 0.8750000000000000000 ) ) ;
#3079 = DIRECTION ( 'NONE',  ( 0.0000000000000000000, 0.0000000000000000000, -1.000000000000000000 ) ) ;
#3080 = LINE ( 'NONE', #5102, #4191 ) ;
#3081 =( NAMED_UNIT ( * ) PLANE_ANGLE_UNIT ( ) SI_UNIT ( $, .RADIAN. ) );
#3082 = ORIENTED_EDGE ( 'NONE', *, *, #2501, .T. ) ;
#3083 = CARTESIAN_POINT ( 'NONE',  ( 0.6823616009484061440, -0.0000000000000000000, 2.112932771566822687 ) ) ;
#3084 = CARTESIAN_POINT ( 'NONE',  ( -2.220000000000000195, 0.1000000000000000056, -1.625000000000000222 ) ) ;
#3085 = ORIENTED_EDGE ( 'NONE', *, *, #5907, .T. ) ;
#3086 = EDGE_CURVE ( 'NONE', #10868, #2243, #4885, .T. ) ;
#3087 = VECTOR ( 'NONE', #4862, 1000.000000000000000 ) ;
#3088 = LINE ( 'NONE', #3022, #8841 ) ;
#3089 = DIRECTION ( 'NONE',  ( -1.000000000000000000, 0.0000000000000000000, -0.0000000000000000000 ) ) ;
#3090 = ORIENTED_EDGE ( 'NONE', *, *, #10848, .F. ) ;
#3091 = EDGE_CURVE ( 'NONE', #6252, #820, #3330, .T. ) ;
#3092 = VECTOR ( 'NONE', #181, 1000.000000000000000 ) ;
#3093 = CARTESIAN_POINT ( 'NONE',  ( 2.220000000000000195, -0.03000000000000000930, -0.6250000000000000000 ) ) ;
#3094 = FACE_OUTER_BOUND ( 'NONE', #9317, .T. ) ;
#3095 = CARTESIAN_POINT ( 'NONE',  ( -0.1250000000000000278, 0.0000000000000000000, 2.188584073464102886 ) ) ;
#3096 = CARTESIAN_POINT ( 'NONE',  ( 2.220000000000000195, -0.03000000000000000583, 1.625000000000000222 ) ) ;
#3097 = PLANE ( 'NONE',  #993 ) ;
#3098 = SURFACE_STYLE_FILL_AREA ( #11222 ) ;
#3099 = ORIENTED_EDGE ( 'NONE', *, *, #1098, .F. ) ;
#3100 = FILL_AREA_STYLE_COLOUR ( '', #9516 ) ;
#3101 = AXIS2_PLACEMENT_3D ( 'NONE', #11011, #2714, #4496 ) ;
#3102 = ORIENTED_EDGE ( 'NONE', *, *, #11298, .T. ) ;
#3103 = VERTEX_POINT ( 'NONE', #10040 ) ;
#3104 = DIRECTION ( 'NONE',  ( 0.0000000000000000000, 0.0000000000000000000, 1.000000000000000000 ) ) ;
#3105 = ORIENTED_EDGE ( 'NONE', *, *, #8847, .T. ) ;
#3106 = PLANE ( 'NONE',  #8623 ) ;
#3107 = ADVANCED_FACE ( 'NONE', ( #748 ), #11539, .T. ) ;
#3108 = ORIENTED_EDGE ( 'NONE', *, *, #2444, .T. ) ;
#3109 = CARTESIAN_POINT ( 'NONE',  ( -2.220000000000000195, 0.0000000000000000000, -1.625000000000000222 ) ) ;
#3110 = ORIENTED_EDGE ( 'NONE', *, *, #311, .T. ) ;
#3111 = CARTESIAN_POINT ( 'NONE',  ( 2.500447051772229923, 0.1000000000000000056, -1.375000000000000000 ) ) ;
#3112 = B_SPLINE_CURVE_WITH_KNOTS ( 'NONE', 3,
 ( #6408, #1108, #107, #7426 ),
 .UNSPECIFIED., .F., .F.,
 ( 4, 4 ),
 ( 5.421010862427522170E-20, 0.0005643312833596327970 ),
 .UNSPECIFIED. ) ;
#3113 = EDGE_LOOP ( 'NONE', ( #9244, #9163, #1949, #11271 ) ) ;
#3114 = EDGE_LOOP ( 'NONE', ( #7361, #1854, #9556, #9070 ) ) ;
#3115 = CARTESIAN_POINT ( 'NONE',  ( 2.500223525886114739, 0.1000000000000000194, -1.125000000000000222 ) ) ;
#3116 = DIRECTION ( 'NONE',  ( 0.0000000000000000000, 0.0000000000000000000, 1.000000000000000000 ) ) ;
#3117 = CARTESIAN_POINT ( 'NONE',  ( -2.500447051772229923, -0.03000000000000000930, 0.1250000000000000000 ) ) ;
#3118 = EDGE_CURVE ( 'NONE', #1777, #9881, #5464, .T. ) ;
#3119 = ORIENTED_EDGE ( 'NONE', *, *, #8647, .T. ) ;
#3120 = LINE ( 'NONE', #6764, #2519 ) ;
#3121 = DIRECTION ( 'NONE',  ( -0.0000000000000000000, 0.0000000000000000000, -1.000000000000000000 ) ) ;
#3122 = VECTOR ( 'NONE', #1730, 1000.000000000000000 ) ;
#3123 =( LENGTH_UNIT ( ) NAMED_UNIT ( * ) SI_UNIT ( .MILLI., .METRE. ) );
#3124 = DIRECTION ( 'NONE',  ( -1.000000000000000000, -0.0000000000000000000, 0.0000000000000000000 ) ) ;
#3125 = ORIENTED_EDGE ( 'NONE', *, *, #5200, .F. ) ;
#3126 = ADVANCED_FACE ( 'NONE', ( #1926 ), #7990, .T. ) ;
#3127 = CARTESIAN_POINT ( 'NONE',  ( 2.112932771566822687, -0.0000000000000000000, 0.1823616009484067269 ) ) ;
#3128 = CARTESIAN_POINT ( 'NONE',  ( -1.791666666666666741, 0.1000000000000000056, -2.500105095651770082 ) ) ;
#3129 = CARTESIAN_POINT ( 'NONE',  ( 2.100000000000000089, 0.0000000000000000000, 1.745000000000000551 ) ) ;
#3130 = ORIENTED_EDGE ( 'NONE', *, *, #11086, .T. ) ;
#3131 =( LENGTH_UNIT ( ) NAMED_UNIT ( * ) SI_UNIT ( .MILLI., .METRE. ) );
#3132 = PLANE ( 'NONE',  #5573 ) ;
#3133 = CARTESIAN_POINT ( 'NONE',  ( -2.188584073464102442, 0.0000000000000000000, -0.8750000000000000000 ) ) ;
#3134 = B_SPLINE_CURVE_WITH_KNOTS ( 'NONE', 3,
 ( #4421, #6208, #1751, #9030 ),
 .UNSPECIFIED., .F., .F.,
 ( 4, 4 ),
 ( 0.0000000000000000000, 1.000000000000000000 ),
 .UNSPECIFIED. ) ;
#3135 = CARTESIAN_POINT ( 'NONE',  ( -1.875000000000000000, 0.0000000000000000000, -2.220000000000000195 ) ) ;
#3136 = LINE ( 'NONE', #1372, #11038 ) ;
#3137 = EDGE_LOOP ( 'NONE', ( #8028, #3648, #5151, #2504 ) ) ;
#3138 = CARTESIAN_POINT ( 'NONE',  ( -0.1250000000000000000, -0.03000000000000000930, 2.500105095651770082 ) ) ;
#3139 = DIRECTION ( 'NONE',  ( 0.0000000000000000000, -1.000000000000000000, 0.0000000000000000000 ) ) ;
#3140 = EDGE_LOOP ( 'NONE', ( #4866, #4465, #1793, #9021 ) ) ;
#3141 = MECHANICAL_DESIGN_GEOMETRIC_PRESENTATION_REPRESENTATION (  '', ( #305 ), #10761 ) ;
#3142 = ADVANCED_FACE ( 'NONE', ( #11115 ), #220, .T. ) ;
#3143 = EDGE_CURVE ( 'NONE', #2200, #6366, #10172, .T. ) ;
#3144 = LINE ( 'NONE', #250, #2751 ) ;
#3145 = ORIENTED_EDGE ( 'NONE', *, *, #2434, .T. ) ;
#3146 = FILL_AREA_STYLE_COLOUR ( '', #5232 ) ;
#3147 = ADVANCED_FACE ( 'NONE', ( #11175 ), #10166, .T. ) ;
#3148 = ORIENTED_EDGE ( 'NONE', *, *, #7359, .F. ) ;
#3149 = VERTEX_POINT ( 'NONE', #3830 ) ;
#3150 = CARTESIAN_POINT ( 'NONE',  ( -2.406666666666666288, 0.0000000000000000000, 1.375000000000000000 ) ) ;
#3151 = LINE ( 'NONE', #1435, #7226 ) ;
#3152 = FACE_OUTER_BOUND ( 'NONE', #5355, .T. ) ;
#3153 = CARTESIAN_POINT ( 'NONE',  ( -0.1250000000000000000, 0.1000000000000000056, -2.500105095651770082 ) ) ;
#3154 = DIRECTION ( 'NONE',  ( 0.0000000000000000000, 0.0000000000000000000, -1.000000000000000000 ) ) ;
#3155 = FILL_AREA_STYLE ('',( #8821 ) ) ;
#3156 = DIRECTION ( 'NONE',  ( -0.9486832980505134350, 0.0000000000000000000, -0.3162277660168391624 ) ) ;
#3157 = ORIENTED_EDGE ( 'NONE', *, *, #9941, .F. ) ;
#3158 =( NAMED_UNIT ( * ) SI_UNIT ( $, .STERADIAN. ) SOLID_ANGLE_UNIT ( ) );
#3159 = EDGE_LOOP ( 'NONE', ( #3823, #3458, #9409, #6679 ) ) ;
#3160 = ORIENTED_EDGE ( 'NONE', *, *, #2470, .T. ) ;
#3161 = DIRECTION ( 'NONE',  ( 0.0000000000000000000, 1.000000000000000000, 0.0000000000000000000 ) ) ;
#3162 = EDGE_CURVE ( 'NONE', #5225, #572, #8419, .T. ) ;
#3163 = EDGE_LOOP ( 'NONE', ( #626, #11152, #9458, #10349 ) ) ;
#3164 = CARTESIAN_POINT ( 'NONE',  ( -1.398138699575159904, 0.9000000000000001332, -0.3477824238403219859 ) ) ;
#3165 = CARTESIAN_POINT ( 'NONE',  ( 1.375000000000000000, -0.03000000000000000583, -2.220000000000000195 ) ) ;
#3166 = CARTESIAN_POINT ( 'NONE',  ( -2.220000000000000195, -0.03000000000000000236, -0.7449999999999999956 ) ) ;
#3167 = CARTESIAN_POINT ( 'NONE',  ( -1.139044309599930083, 0.9000000000000001332, 0.1310849950463950087 ) ) ;
#3168 = CARTESIAN_POINT ( 'NONE',  ( -2.100000000000000089, 0.0000000000000000000, -1.745000000000000551 ) ) ;
#3169 = VECTOR ( 'NONE', #7823, 1000.000000000000000 ) ;
#3170 = FILL_AREA_STYLE ('',( #3952 ) ) ;
#3171 = PRESENTATION_STYLE_ASSIGNMENT (( #9666 ) ) ;
#3172 = ADVANCED_FACE ( 'NONE', ( #9257 ), #9203, .T. ) ;
#3173 = ORIENTED_EDGE ( 'NONE', *, *, #2774, .F. ) ;
#3174 = LINE ( 'NONE', #5803, #2668 ) ;
#3175 = CARTESIAN_POINT ( 'NONE',  ( -1.218715642527500087, 0.8900000000000000133, 0.03948426467512310134 ) ) ;
#3176 = EDGE_LOOP ( 'NONE', ( #7069, #11531, #9821, #9701 ) ) ;
#3177 = CARTESIAN_POINT ( 'NONE',  ( 0.8750000000000001110, 0.0000000000000000000, -2.500000000000000000 ) ) ;
#3178 = CARTESIAN_POINT ( 'NONE',  ( -2.499999999999999556, 0.9000000000000001332, 1.125000000000000222 ) ) ;
#3179 = PLANE ( 'NONE',  #2397 ) ;
#3180 = B_SPLINE_CURVE_WITH_KNOTS ( 'NONE', 3,
 ( #6533, #10237, #11128, #11310 ),
 .UNSPECIFIED., .F., .F.,
 ( 4, 4 ),
 ( 0.0000000000000000000, 1.000000000000000000 ),
 .UNSPECIFIED. ) ;
#3181 = VECTOR ( 'NONE', #2657, 1000.000000000000000 ) ;
#3182 = FILL_AREA_STYLE_COLOUR ( '', #10619 ) ;
#3183 = CARTESIAN_POINT ( 'NONE',  ( -0.1250000000000001110, 0.06666666666666669350, 2.500105095651770082 ) ) ;
#3184 = CARTESIAN_POINT ( 'NONE',  ( -2.100000000000000089, 0.0000000000000000000, -1.755000000000000115 ) ) ;
#3185 = EDGE_CURVE ( 'NONE', #1241, #307, #915, .T. ) ;
#3186 = B_SPLINE_CURVE_WITH_KNOTS ( 'NONE', 3,
 ( #1159, #985, #38, #9148 ),
 .UNSPECIFIED., .F., .F.,
 ( 4, 4 ),
 ( 0.0000000000000000000, 1.000000000000000000 ),
 .UNSPECIFIED. ) ;
#3187 = EDGE_CURVE ( 'NONE', #8187, #9484, #5677, .T. ) ;
#3188 = ORIENTED_EDGE ( 'NONE', *, *, #10773, .T. ) ;
#3189 = CARTESIAN_POINT ( 'NONE',  ( -0.1250000000000000555, 0.0000000000000000000, 2.500000000000000000 ) ) ;
#3190 = VECTOR ( 'NONE', #2702, 1000.000000000000000 ) ;
#3191 = CARTESIAN_POINT ( 'NONE',  ( 1.637932771566822820, -0.03000000000000001277, -2.157361600948406455 ) ) ;
#3192 = DIRECTION ( 'NONE',  ( -1.000000000000000000, 0.0000000000000000000, -0.0000000000000000000 ) ) ;
#3193 = ORIENTED_EDGE ( 'NONE', *, *, #10651, .F. ) ;
#3194 = CARTESIAN_POINT ( 'NONE',  ( -1.751666666666666483, 0.0000000000000000000, 2.100000000000000089 ) ) ;
#3195 = FILL_AREA_STYLE ('',( #11268 ) ) ;
#3196 = CARTESIAN_POINT ( 'NONE',  ( -1.215319232939700012, 0.9000000000000001332, -0.3053677086611230052 ) ) ;
#3197 = CARTESIAN_POINT ( 'NONE',  ( 0.7999088249101119485, 0.8900000000000000133, -0.1552205436024178264 ) ) ;
#3198 = CARTESIAN_POINT ( 'NONE',  ( 2.220000000000000195, 0.1000000000000000056, 0.3750000000000000000 ) ) ;
#3199 = VERTEX_POINT ( 'NONE', #7207 ) ;
#3200 = DIRECTION ( 'NONE',  ( 0.0000000000000000000, -1.000000000000000000, 0.0000000000000000000 ) ) ;
#3201 = PRESENTATION_STYLE_ASSIGNMENT (( #11434 ) ) ;
#3202 = ORIENTED_EDGE ( 'NONE', *, *, #10045, .T. ) ;
#3203 = ADVANCED_FACE ( 'NONE', ( #11678 ), #6312, .T. ) ;
#3204 = DIRECTION ( 'NONE',  ( 0.5579391863233837956, 0.0000000000000000000, 0.8298818375918347590 ) ) ;
#3205 = ORIENTED_EDGE ( 'NONE', *, *, #2534, .F. ) ;
#3206 = CARTESIAN_POINT ( 'NONE',  ( -1.208333333333333481, 0.1000000000000000056, 2.500105095651770082 ) ) ;
#3207 = ORIENTED_EDGE ( 'NONE', *, *, #5083, .F. ) ;
#3208 = ORIENTED_EDGE ( 'NONE', *, *, #5315, .F. ) ;
#3209 = CARTESIAN_POINT ( 'NONE',  ( 1.817638399051593634, -0.0000000000000000000, 2.112932771566823131 ) ) ;
#3210 = DIRECTION ( 'NONE',  ( 0.0000000000000000000, -1.000000000000000000, -0.0000000000000000000 ) ) ;
#3211 = LINE ( 'NONE', #5000, #2643 ) ;
#3212 = EDGE_CURVE ( 'NONE', #4403, #263, #956, .T. ) ;
#3213 =( GEOMETRIC_REPRESENTATION_CONTEXT ( 3 ) GLOBAL_UNCERTAINTY_ASSIGNED_CONTEXT ( ( #1674 ) ) GLOBAL_UNIT_ASSIGNED_CONTEXT ( ( #5246, #11513, #7156 ) ) REPRESENTATION_CONTEXT ( 'NONE', 'WORKASPACE' ) );
#3214 = CARTESIAN_POINT ( 'NONE',  ( -0.04166666666666667129, 0.0000000000000000000, -2.500000000000000000 ) ) ;
#3215 = CARTESIAN_POINT ( 'NONE',  ( 1.182361600948406366, -0.0000000000000000000, -2.112932771566823131 ) ) ;
#3216 = CARTESIAN_POINT ( 'NONE',  ( -2.499999999999999556, 0.0000000000000000000, 1.625000000000000222 ) ) ;
#3217 = ORIENTED_EDGE ( 'NONE', *, *, #1285, .T. ) ;
#3218 = EDGE_CURVE ( 'NONE', #68, #8885, #3694, .T. ) ;
#3219 = CARTESIAN_POINT ( 'NONE',  ( 2.500000000000000000, 0.0000000000000000000, -2.500000000000000000 ) ) ;
#3220 = B_SPLINE_CURVE_WITH_KNOTS ( 'NONE', 3,
 ( #1884, #9099, #9219, #52, #4561, #8435 ),
 .UNSPECIFIED., .F., .F.,
 ( 4, 2, 4 ),
 ( 0.0000000000000000000, 0.5000000000000000000, 1.000000000000000000 ),
 .UNSPECIFIED. ) ;
#3221 = VECTOR ( 'NONE', #2816, 1000.000000000000000 ) ;
#3222 = CARTESIAN_POINT ( 'NONE',  ( 0.2135840734641020200, 0.0000000000000000000, 2.100000000000000089 ) ) ;
#3223 = CARTESIAN_POINT ( 'NONE',  ( -1.514735242883239907, 0.9000000000000001332, -0.1290124421508400121 ) ) ;
#3224 = VECTOR ( 'NONE', #2790, 1000.000000000000000 ) ;
#3225 = CARTESIAN_POINT ( 'NONE',  ( 0.3750000000000000000, 0.1000000000000000056, 2.220000000000000195 ) ) ;
#3226 = CARTESIAN_POINT ( 'NONE',  ( -0.2450000000000005229, -0.03000000000000000583, 2.100000000000000089 ) ) ;
#3227 = VERTEX_POINT ( 'NONE', #5422 ) ;
#3228 = VECTOR ( 'NONE', #9626, 1000.000000000000000 ) ;
#3229 = ADVANCED_FACE ( 'NONE', ( #6490 ), #5479, .F. ) ;
#3230 = LINE ( 'NONE', #7865, #6456 ) ;
#3231 = VECTOR ( 'NONE', #2655, 1000.000000000000000 ) ;
#3232 = ORIENTED_EDGE ( 'NONE', *, *, #11781, .T. ) ;
#3233 = VECTOR ( 'NONE', #6258, 1000.000000000000000 ) ;
#3234 = AXIS2_PLACEMENT_3D ( 'NONE', #6230, #8007, #11660 ) ;
#3235 = DIRECTION ( 'NONE',  ( 0.0000000000000000000, 1.000000000000000000, 0.0000000000000000000 ) ) ;
#3236 = CARTESIAN_POINT ( 'NONE',  ( -0.7549999999999990052, 0.0000000000000000000, -2.100000000000000089 ) ) ;
#3237 = ORIENTED_EDGE ( 'NONE', *, *, #10651, .T. ) ;
#3238 = CARTESIAN_POINT ( 'NONE',  ( -1.713584073464102131, 0.0000000000000000000, 2.100000000000000533 ) ) ;
#3239 = CARTESIAN_POINT ( 'NONE',  ( 0.5356958449205088124, 0.8900000000000001243, 0.1217293629194721033 ) ) ;
#3240 = EDGE_CURVE ( 'NONE', #1497, #9081, #2041, .T. ) ;
#3241 = CARTESIAN_POINT ( 'NONE',  ( 0.7450000000000009948, 0.0000000000000000000, -2.100000000000000089 ) ) ;
#3242 = VECTOR ( 'NONE', #10563, 1000.000000000000000 ) ;
#3243 = CARTESIAN_POINT ( 'NONE',  ( -1.375000000000000222, -0.03000000000000000930, 2.500105095651770082 ) ) ;
#3244 = PLANE ( 'NONE',  #9696 ) ;
#3245 = ORIENTED_EDGE ( 'NONE', *, *, #6655, .T. ) ;
#3246 = CARTESIAN_POINT ( 'NONE',  ( 2.100000000000000089, 0.0000000000000000000, 1.286415926535898091 ) ) ;
#3247 = CARTESIAN_POINT ( 'NONE',  ( -2.220000000000000195, -0.03000000000000000583, 1.125000000000000222 ) ) ;
#3248 = DIRECTION ( 'NONE',  ( 0.0000000000000000000, -1.000000000000000000, 0.0000000000000000000 ) ) ;
#3249 = ORIENTED_EDGE ( 'NONE', *, *, #1004, .F. ) ;
#3250 = CARTESIAN_POINT ( 'NONE',  ( 2.313333333333333464, 0.0000000000000000000, 0.1250000000000000000 ) ) ;
#3251 = DIRECTION ( 'NONE',  ( -1.000000000000000000, 0.0000000000000000000, 0.0000000000000000000 ) ) ;
#3252 = ADVANCED_FACE ( 'NONE', ( #2795 ), #6432, .F. ) ;
#3253 = PRESENTATION_STYLE_ASSIGNMENT (( #11427 ) ) ;
#3254 = EDGE_CURVE ( 'NONE', #4102, #3770, #10014, .T. ) ;
#3255 = DIRECTION ( 'NONE',  ( 0.0000000000000000000, 1.000000000000000000, 0.0000000000000000000 ) ) ;
#3256 = ORIENTED_EDGE ( 'NONE', *, *, #161, .T. ) ;
#3257 = CARTESIAN_POINT ( 'NONE',  ( 1.286415926535898091, 0.0000000000000000000, 2.100000000000000533 ) ) ;
#3258 = ORIENTED_EDGE ( 'NONE', *, *, #9391, .F. ) ;
#3259 = UNCERTAINTY_MEASURE_WITH_UNIT (LENGTH_MEASURE( 1.000000000000000082E-05 ), #2031, 'distance_accuracy_value', 'NONE');
#3260 = CARTESIAN_POINT ( 'NONE',  ( 2.500000000000000000, 0.0000000000000000000, 1.875000000000000000 ) ) ;
#3261 = B_SPLINE_CURVE_WITH_KNOTS ( 'NONE', 3,
 ( #10549, #5841, #6908, #11282 ),
 .UNSPECIFIED., .F., .F.,
 ( 4, 4 ),
 ( 0.0000000000000000000, 1.000000000000000000 ),
 .UNSPECIFIED. ) ;
#3262 = ORIENTED_EDGE ( 'NONE', *, *, #8662, .T. ) ;
#3263 = SURFACE_STYLE_FILL_AREA ( #6115 ) ;
#3264 = ORIENTED_EDGE ( 'NONE', *, *, #11227, .F. ) ;
#3265 = CARTESIAN_POINT ( 'NONE',  ( 2.100000000000000089, -0.03000000000000000930, -0.2549999999999990052 ) ) ;
#3266 = EDGE_CURVE ( 'NONE', #7194, #6731, #5650, .T. ) ;
#3267 = CYLINDRICAL_SURFACE ( 'NONE', #2082, 0.1199999999999998845 ) ;
#3268 = CARTESIAN_POINT ( 'NONE',  ( -2.100000000000000089, -0.03000000000000000583, 0.7549999999999990052 ) ) ;
#3269 = CARTESIAN_POINT ( 'NONE',  ( 1.125000000000000222, -0.03000000000000000930, 2.500105095651770082 ) ) ;
#3270 = AXIS2_PLACEMENT_3D ( 'NONE', #2358, #11487, #2411 ) ;
#3271 = PLANE ( 'NONE',  #5942 ) ;
#3272 = ORIENTED_EDGE ( 'NONE', *, *, #5200, .T. ) ;
#3273 = FILL_AREA_STYLE ('',( #3040 ) ) ;
#3274 = ORIENTED_EDGE ( 'NONE', *, *, #210, .F. ) ;
#3275 = EDGE_CURVE ( 'NONE', #9762, #7187, #2907, .T. ) ;
#3276 = VECTOR ( 'NONE', #11258, 1000.000000000000000 ) ;
#3277 = LINE ( 'NONE', #6918, #1059 ) ;
#3278 = EDGE_LOOP ( 'NONE', ( #9537, #10160, #7736, #10542 ) ) ;
#3279 = DIRECTION ( 'NONE',  ( 0.0000000000000000000, 1.000000000000000000, 0.0000000000000000000 ) ) ;
#3280 = CARTESIAN_POINT ( 'NONE',  ( 1.125000000000000222, 0.03333333333333334675, 2.500000000000000000 ) ) ;
#3281 = EDGE_CURVE ( 'NONE', #381, #7342, #2960, .T. ) ;
#3282 = FACE_OUTER_BOUND ( 'NONE', #2615, .T. ) ;
#3283 = DIRECTION ( 'NONE',  ( 0.0000000000000000000, 0.0000000000000000000, -1.000000000000000000 ) ) ;
#3284 = CARTESIAN_POINT ( 'NONE',  ( -1.479623600755409996, 0.8900000000000000133, 0.1572478114445549913 ) ) ;
#3285 = ORIENTED_EDGE ( 'NONE', *, *, #4879, .F. ) ;
#3286 = CARTESIAN_POINT ( 'NONE',  ( 1.178241143838899996, 0.8900000000000000133, 0.3083217570670889751 ) ) ;
#3287 = VECTOR ( 'NONE', #9934, 1000.000000000000000 ) ;
#3288 = SURFACE_STYLE_FILL_AREA ( #2387 ) ;
#3289 = ORIENTED_EDGE ( 'NONE', *, *, #506, .T. ) ;
#3290 = VERTEX_POINT ( 'NONE', #11149 ) ;
#3291 = CARTESIAN_POINT ( 'NONE',  ( -2.100000000000000533, 0.0000000000000000000, -1.213584073464102131 ) ) ;
#3292 = AXIS2_PLACEMENT_3D ( 'NONE', #9043, #6346, #875 ) ;
#3293 = CARTESIAN_POINT ( 'NONE',  ( -0.7549999999999990052, 0.1000000000000000056, 2.100000000000000089 ) ) ;
#3294 = LINE ( 'NONE', #11578, #5248 ) ;
#3295 = EDGE_CURVE ( 'NONE', #4037, #1083, #363, .T. ) ;
#3296 = VERTEX_POINT ( 'NONE', #2016 ) ;
#3297 = CARTESIAN_POINT ( 'NONE',  ( -2.220000000000000195, 0.0000000000000000000, -1.625000000000000222 ) ) ;
#3298 = DIRECTION ( 'NONE',  ( 0.0000000000000000000, 0.0000000000000000000, 1.000000000000000000 ) ) ;
#3299 = CYLINDRICAL_SURFACE ( 'NONE', #5642, 0.1199999999999998845 ) ;
#3300 = CARTESIAN_POINT ( 'NONE',  ( 2.500000000000000000, 0.0000000000000000000, -0.5416666666666666297 ) ) ;
#3301 = LINE ( 'NONE', #1360, #3413 ) ;
#3302 =( GEOMETRIC_REPRESENTATION_CONTEXT ( 3 ) GLOBAL_UNCERTAINTY_ASSIGNED_CONTEXT ( ( #1375 ) ) GLOBAL_UNIT_ASSIGNED_CONTEXT ( ( #7350, #8972, #4426 ) ) REPRESENTATION_CONTEXT ( 'NONE', 'WORKASPACE' ) );
#3303 = VERTEX_POINT ( 'NONE', #8579 ) ;
#3304 = EDGE_CURVE ( 'NONE', #7755, #2878, #426, .T. ) ;
#3305 = CARTESIAN_POINT ( 'NONE',  ( -0.6250000000000001110, 0.1000000000000000194, 2.500052547825884819 ) ) ;
#3306 = CARTESIAN_POINT ( 'NONE',  ( -1.708333333333333481, 0.1000000000000000056, -2.500105095651770082 ) ) ;
#3307 = FACE_OUTER_BOUND ( 'NONE', #5103, .T. ) ;
#3308 = EDGE_LOOP ( 'NONE', ( #5771, #10369, #7517, #3996, #10798, #4480, #8945, #7984, #2593, #6054, #1320, #6688, #6718, #2204, #1487, #4249, #2947, #4380, #10096, #9674, #5050, #11338, #3173, #7894, #4436, #11291, #9201, #1538, #3945, #369, #6014, #2612, #7168, #7899, #9063, #777, #5902, #6755, #10389, #11610, #6996, #7107, #6157, #9498, #9680, #1226, #11621, #9894, #10750, #2074, #3895, #3697, #126, #6150, #10547, #5892, #1433, #6899, #11320, #647, #3085, #7433, #173, #11635, #841, #3791, #9404, #9997, #1484, #3900, #4311, #11758, #1403, #9282, #2419, #6957, #6292, #4884, #1408, #383, #1623, #4417, #1031, #9530, #9901, #2308, #5885, #204, #192, #5625, #5916, #2027, #10365, #10978, #4896, #2409, #7164, #7488, #5774, #676, #8717, #438, #4948, #5943, #5956, #9237, #8149, #8577, #11601, #6449, #1577, #85, #9567, #10559, #8307, #3891, #1590, #10554, #636, #10451, #208, #10444, #9259, #2476, #9104, #2658, #4479, #9957, #1213, #4262, #8898, #10838, #5881, #1592, #5219, #7516, #9065, #11008, #2572, #3445, #3414, #7289, #3509, #7938, #2469, #11735, #2250, #7082, #11292, #1988, #3208, #757, #2402, #6816, #803, #3548, #7347, #8485, #5005, #7651, #6743, #1256, #1708, #10274, #10416, #4387, #4113, #6351, #9718, #10769, #11640, #5348, #11790, #11751, #9885, #9960, #10179, #1833, #5646, #5369, #7213, #6172, #6491, #129, #10324, #11761, #2579, #8207, #4270, #9786, #9765, #10049, #2852, #10720, #850, #6216 ) ) ;
#3309 = CARTESIAN_POINT ( 'NONE',  ( 1.254999999999999893, -0.03000000000000000583, -2.100000000000000089 ) ) ;
#3310 = CARTESIAN_POINT ( 'NONE',  ( 0.8750000000000000000, 0.0000000000000000000, -2.313333333333333464 ) ) ;
#3311 = CARTESIAN_POINT ( 'NONE',  ( 2.220000000000000195, 0.0000000000000000000, -1.375000000000000000 ) ) ;
#3312 = CARTESIAN_POINT ( 'NONE',  ( -1.817638399051593634, -0.0000000000000000000, -2.112932771566823131 ) ) ;
#3313 = EDGE_LOOP ( 'NONE', ( #2716, #8411, #7197, #9727 ) ) ;
#3314 = CARTESIAN_POINT ( 'NONE',  ( 0.8082603264756339501, 0.9000000000000001332, -0.3819724973372010113 ) ) ;
#3315 = FACE_OUTER_BOUND ( 'NONE', #3707, .T. ) ;
#3316 = EDGE_LOOP ( 'NONE', ( #1582, #4418, #1332, #4977, #5250, #8023 ) ) ;
#3317 = ADVANCED_FACE ( 'NONE', ( #3925 ), #10257, .F. ) ;
#3318 = MECHANICAL_DESIGN_GEOMETRIC_PRESENTATION_REPRESENTATION (  '', ( #7312 ), #5211 ) ;
#3319 = CARTESIAN_POINT ( 'NONE',  ( 2.313333333333333464, 0.0000000000000000000, 1.875000000000000000 ) ) ;
#3320 = VERTEX_POINT ( 'NONE', #11277 ) ;
#3321 = ORIENTED_EDGE ( 'NONE', *, *, #6771, .F. ) ;
#3322 = DIRECTION ( 'NONE',  ( 0.0000000000000000000, 0.0000000000000000000, 1.000000000000000000 ) ) ;
#3323 = DIRECTION ( 'NONE',  ( 0.0000000000000000000, 0.0000000000000000000, -1.000000000000000000 ) ) ;
#3324 = PRESENTATION_LAYER_ASSIGNMENT (  '', '', ( #6763 ) ) ;
#3325 = DIRECTION ( 'NONE',  ( -1.000000000000000000, 0.0000000000000000000, -0.0000000000000000000 ) ) ;
#3326 = PLANE ( 'NONE',  #4316 ) ;
#3327 = COLOUR_RGB ( '',1.000000000000000000, 1.000000000000000000, 1.000000000000000000 ) ;
#3328 = CARTESIAN_POINT ( 'NONE',  ( 1.245000000000000329, 0.0000000000000000000, -2.100000000000000089 ) ) ;
#3329 = VERTEX_POINT ( 'NONE', #7499 ) ;
#3330 = B_SPLINE_CURVE_WITH_KNOTS ( 'NONE', 3,
 ( #11701, #4544, #5326, #7170, #10885, #10818 ),
 .UNSPECIFIED., .F., .F.,
 ( 4, 2, 4 ),
 ( 0.0000000000000000000, 0.5000000000000000000, 1.000000000000000000 ),
 .UNSPECIFIED. ) ;
#3331 = DIRECTION ( 'NONE',  ( 0.0000000000000000000, -1.000000000000000000, 0.0000000000000000000 ) ) ;
#3332 = EDGE_CURVE ( 'NONE', #11550, #6227, #2069, .T. ) ;
#3333 = ADVANCED_FACE ( 'NONE', ( #11209 ), #3865, .T. ) ;
#3334 = ORIENTED_EDGE ( 'NONE', *, *, #10584, .F. ) ;
#3335 = VECTOR ( 'NONE', #6004, 1000.000000000000000 ) ;
#3336 = CARTESIAN_POINT ( 'NONE',  ( -0.1250000000000000000, 0.0000000000000000000, 2.220000000000000195 ) ) ;
#3337 = B_SPLINE_CURVE_WITH_KNOTS ( 'NONE', 3,
 ( #149, #6577, #10217, #5735 ),
 .UNSPECIFIED., .F., .F.,
 ( 4, 4 ),
 ( 0.0000000000000000000, 1.000000000000000000 ),
 .UNSPECIFIED. ) ;
#3338 = CARTESIAN_POINT ( 'NONE',  ( 0.8749999999999998890, 0.1000000000000000194, -2.500052547825884819 ) ) ;
#3339 = CARTESIAN_POINT ( 'NONE',  ( 1.786415926535897869, -0.03000000000000000930, -2.100000000000000533 ) ) ;
#3340 = LINE ( 'NONE', #6870, #9918 ) ;
#3341 = CARTESIAN_POINT ( 'NONE',  ( -0.7450000000000009948, 0.1000000000000000056, 2.100000000000000089 ) ) ;
#3342 = AXIS2_PLACEMENT_3D ( 'NONE', #2884, #280, #5628 ) ;
#3343 = DIRECTION ( 'NONE',  ( 0.0000000000000000000, 0.0000000000000000000, 1.000000000000000000 ) ) ;
#3344 = ORIENTED_EDGE ( 'NONE', *, *, #5096, .T. ) ;
#3345 = EDGE_CURVE ( 'NONE', #9627, #4766, #8597, .T. ) ;
#3346 = B_SPLINE_SURFACE_WITH_KNOTS ( 'NONE', 3, 1, ( 
 ( #9628, #4919 ),
 ( #1473, #11481 ),
 ( #1527, #5155 ),
 ( #8796, #7886 ),
 ( #11537, #10648 ) ),
 .UNSPECIFIED., .F., .F., .F.,
 ( 4, 1, 4 ),
 ( 2, 2 ),
 ( 0.0000000000000000000, 0.5000000000000000000, 1.000000000000000000 ),
 ( 0.0000000000000000000, 1.000000000000000000 ),
 .UNSPECIFIED. ) ;
#3347 = AXIS2_PLACEMENT_3D ( 'NONE', #4668, #2830, #10116 ) ;
#3348 = PLANE ( 'NONE',  #9119 ) ;
#3349 = AXIS2_PLACEMENT_3D ( 'NONE', #8548, #402, #4023 ) ;
#3350 = SURFACE_STYLE_FILL_AREA ( #6031 ) ;
#3351 = EDGE_LOOP ( 'NONE', ( #10396, #2549, #740, #8072, #9438, #4602 ) ) ;
#3352 = DIRECTION ( 'NONE',  ( -0.0000000000000000000, -1.000000000000000000, -0.0000000000000000000 ) ) ;
#3353 = EDGE_CURVE ( 'NONE', #9418, #4924, #3144, .T. ) ;
#3354 = DIRECTION ( 'NONE',  ( 1.000000000000000000, -0.0000000000000000000, 0.0000000000000000000 ) ) ;
#3355 = CARTESIAN_POINT ( 'NONE',  ( -1.370530704624860041, 0.8900000000000000133, 0.08514221937134949791 ) ) ;
#3356 = VECTOR ( 'NONE', #9158, 1000.000000000000000 ) ;
#3357 = EDGE_CURVE ( 'NONE', #7101, #9472, #3088, .T. ) ;
#3358 = ORIENTED_EDGE ( 'NONE', *, *, #2619, .T. ) ;
#3359 = FILL_AREA_STYLE ('',( #11534 ) ) ;
#3360 = CARTESIAN_POINT ( 'NONE',  ( -2.500447051772229923, -0.03000000000000000930, 1.375000000000000222 ) ) ;
#3361 = SURFACE_STYLE_FILL_AREA ( #11479 ) ;
#3362 = ORIENTED_EDGE ( 'NONE', *, *, #9730, .F. ) ;
#3363 = PRESENTATION_STYLE_ASSIGNMENT (( #6044 ) ) ;
#3364 = VECTOR ( 'NONE', #4341, 1000.000000000000000 ) ;
#3365 = CARTESIAN_POINT ( 'NONE',  ( 2.500223525886114739, 0.1000000000000000194, -1.125000000000000222 ) ) ;
#3366 = DIRECTION ( 'NONE',  ( 0.0000000000000000000, 0.0000000000000000000, -1.000000000000000000 ) ) ;
#3367 = FACE_OUTER_BOUND ( 'NONE', #4252, .T. ) ;
#3368 = CARTESIAN_POINT ( 'NONE',  ( 1.245000000000000329, -0.03000000000000000930, 2.100000000000000089 ) ) ;
#3369 = ORIENTED_EDGE ( 'NONE', *, *, #7374, .T. ) ;
#3370 = CARTESIAN_POINT ( 'NONE',  ( -1.625000000000000222, -0.03000000000000000930, -2.500105095651770082 ) ) ;
#3371 = FACE_OUTER_BOUND ( 'NONE', #494, .T. ) ;
#3372 = VERTEX_POINT ( 'NONE', #9415 ) ;
#3373 = EDGE_CURVE ( 'NONE', #6406, #10936, #6790, .T. ) ;
#3374 = UNCERTAINTY_MEASURE_WITH_UNIT (LENGTH_MEASURE( 1.000000000000000082E-05 ), #3867, 'distance_accuracy_value', 'NONE');
#3375 = VECTOR ( 'NONE', #8311, 1000.000000000000000 ) ;
#3376 = CARTESIAN_POINT ( 'NONE',  ( 0.2450000000000010225, -0.03000000000000000930, 2.100000000000000089 ) ) ;
#3377 = ORIENTED_EDGE ( 'NONE', *, *, #6026, .T. ) ;
#3378 = CARTESIAN_POINT ( 'NONE',  ( -1.754999999999999893, 0.1000000000000000056, -2.220000000000000195 ) ) ;
#3379 = ORIENTED_EDGE ( 'NONE', *, *, #2638, .F. ) ;
#3380 = DIRECTION ( 'NONE',  ( 0.0000000000000000000, -0.0000000000000000000, 1.000000000000000000 ) ) ;
#3381 = VERTEX_POINT ( 'NONE', #5834 ) ;
#3382 = CARTESIAN_POINT ( 'NONE',  ( -2.500447051772229923, 0.1000000000000000056, 0.2083333333333333148 ) ) ;
#3383 = DIRECTION ( 'NONE',  ( 0.0000000000000000000, 0.0000000000000000000, -1.000000000000000000 ) ) ;
#3384 = VECTOR ( 'NONE', #1043, 1000.000000000000000 ) ;
#3385 = DIRECTION ( 'NONE',  ( 0.0000000000000000000, 0.0000000000000000000, -1.000000000000000000 ) ) ;
#3386 = ADVANCED_FACE ( 'NONE', ( #9474 ), #1317, .T. ) ;
#3387 = CARTESIAN_POINT ( 'NONE',  ( 1.317638399051593634, -0.03000000000000001277, -2.112932771566823131 ) ) ;
#3388 = ORIENTED_EDGE ( 'NONE', *, *, #7936, .T. ) ;
#3389 = CARTESIAN_POINT ( 'NONE',  ( -0.9583333333333333703, 0.0000000000000000000, 2.500000000000000000 ) ) ;
#3390 = B_SPLINE_CURVE_WITH_KNOTS ( 'NONE', 3,
 ( #2195, #8700, #7687, #4280, #1545, #11391 ),
 .UNSPECIFIED., .F., .F.,
 ( 4, 2, 4 ),
 ( 0.0000000000000000000, 0.5000000000000000000, 1.000000000000000000 ),
 .UNSPECIFIED. ) ;
#3391 = EDGE_LOOP ( 'NONE', ( #7673, #1018, #8041, #6422, #10890, #8268 ) ) ;
#3392 = LINE ( 'NONE', #2614, #5809 ) ;
#3393 = ORIENTED_EDGE ( 'NONE', *, *, #6548, .T. ) ;
#3394 =( GEOMETRIC_REPRESENTATION_CONTEXT ( 3 ) GLOBAL_UNCERTAINTY_ASSIGNED_CONTEXT ( ( #2972 ) ) GLOBAL_UNIT_ASSIGNED_CONTEXT ( ( #735, #8032, #10623 ) ) REPRESENTATION_CONTEXT ( 'NONE', 'WORKASPACE' ) );
#3395 = ORIENTED_EDGE ( 'NONE', *, *, #708, .T. ) ;
#3396 = CARTESIAN_POINT ( 'NONE',  ( 0.2549999999999997269, -0.03000000000000000583, -2.100000000000000089 ) ) ;
#3397 =( NAMED_UNIT ( * ) SI_UNIT ( $, .STERADIAN. ) SOLID_ANGLE_UNIT ( ) );
#3398 = LINE ( 'NONE', #8713, #599 ) ;
#3399 = EDGE_CURVE ( 'NONE', #11707, #2473, #1074, .T. ) ;
#3400 = FACE_OUTER_BOUND ( 'NONE', #7475, .T. ) ;
#3401 =( NAMED_UNIT ( * ) SI_UNIT ( $, .STERADIAN. ) SOLID_ANGLE_UNIT ( ) );
#3402 = EDGE_CURVE ( 'NONE', #11028, #6787, #3750, .T. ) ;
#3403 = CARTESIAN_POINT ( 'NONE',  ( -0.9920570910971920897, 0.8900000000000000133, -0.1394566969803849865 ) ) ;
#3404 = AXIS2_PLACEMENT_3D ( 'NONE', #5080, #10404, #2282 ) ;
#3405 = CARTESIAN_POINT ( 'NONE',  ( -2.500447051772229923, -0.03000000000000000930, -1.125000000000000222 ) ) ;
#3406 = AXIS2_PLACEMENT_3D ( 'NONE', #433, #4058, #6682 ) ;
#3407 = ORIENTED_EDGE ( 'NONE', *, *, #27, .T. ) ;
#3408 = VERTEX_POINT ( 'NONE', #7787 ) ;
#3409 = AXIS2_PLACEMENT_3D ( 'NONE', #10497, #432, #1383 ) ;
#3410 = DIRECTION ( 'NONE',  ( 0.0000000000000000000, -0.0000000000000000000, -1.000000000000000000 ) ) ;
#3411 = CARTESIAN_POINT ( 'NONE',  ( -1.750000000000000222, 0.0000000000000000000, -1.750000000000000222 ) ) ;
#3412 = LINE ( 'NONE', #4310, #3544 ) ;
#3413 = VECTOR ( 'NONE', #5148, 1000.000000000000000 ) ;
#3414 = ORIENTED_EDGE ( 'NONE', *, *, #8847, .F. ) ;
#3415 = CARTESIAN_POINT ( 'NONE',  ( -2.100000000000000089, -0.03000000000000000930, -1.754999999999999893 ) ) ;
#3416 = CARTESIAN_POINT ( 'NONE',  ( 1.065265953088844419, 0.8899999999999999023, 0.2072827301819764878 ) ) ;
#3417 =( GEOMETRIC_REPRESENTATION_CONTEXT ( 3 ) GLOBAL_UNCERTAINTY_ASSIGNED_CONTEXT ( ( #11687 ) ) GLOBAL_UNIT_ASSIGNED_CONTEXT ( ( #7100, #1799, #8223 ) ) REPRESENTATION_CONTEXT ( 'NONE', 'WORKASPACE' ) );
#3418 = EDGE_CURVE ( 'NONE', #9462, #2555, #10659, .T. ) ;
#3419 = LINE ( 'NONE', #7052, #730 ) ;
#3420 = VECTOR ( 'NONE', #6106, 1000.000000000000000 ) ;
#3421 = CARTESIAN_POINT ( 'NONE',  ( -1.875000000000000000, 0.03333333333333334675, -2.500105095651770082 ) ) ;
#3422 = OPEN_SHELL ( 'NONE', ( #1197, #9630, #4825, #7588, #6534, #2058, #5722, #1615, #2014, #3107, #7288, #8177, #9181, #8068, #5424, #9112, #3821, #1901, #2118, #3252, #8803, #11273, #9351, #9401, #11173, #10599, #5251, #8719, #5966, #8766, #2226, #11120, #8225, #5439, #3606, #7622, #4231, #367, #6041, #629, #11441, #9414, #5863, #1192, #3704, #11098, #3680, #11571, #1695, #3203, #10267, #11724, #7995, #7856, #1953, #9130, #1450, #3126, #7977, #3172, #9843, #4630, #44, #1651, #4660, #4073, #10580, #7992, #10669, #2064, #8769, #6638, #3531, #6192, #4572, #5939, #3070, #8887, #9854, #3333, #6035, #5713, #6219, #10994, #5377, #5612, #11435, #9090, #5030, #11460, #8532, #1766, #11050, #1886, #4364, #7562, #86, #2719, #4031, #7607, #9882, #9040, #1914, #3873, #2146, #8749, #5150, #2203, #2296, #4016, #11705, #7247, #7860, #10636, #8870, #11144, #10821, #2475, #10916, #8052, #1835, #2413, #11692, #5690, #10482, #10569, #10073, #8805, #5623, #8106, #3142, #9552, #5296, #2678, #2692, #4809, #2489, #4629, #8269, #3515, #458, #5454, #9126, #7434, #7299, #8616, #6347, #2789, #9476, #10880, #5775, #522, #11076, #2044, #3473, #6715, #3229, #1863, #5006, #6788, #5522, #4260, #10555, #11276, #2810, #7767, #3767, #4739, #11748, #3598, #7146, #1982, #1549, #175, #5784, #9054, #10430, #1183, #8467, #1878, #4657, #11433, #461, #2518, #8256, #4001, #6804, #4684, #3386, #9363, #8335, #5520, #1293, #8379, #6904, #4531, #6310, #3317, #6236, #4176, #9897, #6940, #7564, #1469, #5888, #11447, #11405, #1939, #4892, #2029, #3434, #9051, #3875, #6979, #2588, #7926, #7417, #11662, #4950, #7658, #9492, #1929, #11353, #4318, #9102, #2112, #1451, #6389, #10800, #5440, #4099, #566, #342, #8973, #7201, #11650, #5025, #4993, #11455, #2551, #6339, #11143, #4376, #6745, #3847, #6001, #1336, #8462, #581, #1774, #4734, #5297, #3147, #2651, #9235, #9641, #3947, #7071, #5237, #3834, #4848, #7231, #7460, #10329, #5874, #9008, #7366, #6139, #805, #11417, #8492, #1586, #264, #10001, #4573, #4647, #6285, #6183, #2393, #9742, #7209, #1073, #936, #11316, #6112, #10266, #3985, #7731, #7662, #1968, #11604, #1634, #9192, #6502, #10414, #10415, #1811, #2215, #2782, #4189, #7498, #9553, #7578, #9032, #2867 ) ) ;
#3423 = VECTOR ( 'NONE', #5306, 1000.000000000000114 ) ;
#3424 = VECTOR ( 'NONE', #3897, 1000.000000000000000 ) ;
#3425 = EDGE_LOOP ( 'NONE', ( #1749, #5571, #10974, #999 ) ) ;
#3426 = CARTESIAN_POINT ( 'NONE',  ( -0.1250000000000000555, 0.0000000000000000000, -2.500000000000000000 ) ) ;
#3427 = EDGE_CURVE ( 'NONE', #5126, #7755, #539, .T. ) ;
#3428 = DIRECTION ( 'NONE',  ( 0.0000000000000000000, 0.0000000000000000000, 1.000000000000000000 ) ) ;
#3429 = DIRECTION ( 'NONE',  ( -0.0000000000000000000, -1.000000000000000000, 0.0000000000000000000 ) ) ;
#3430 = ORIENTED_EDGE ( 'NONE', *, *, #8750, .T. ) ;
#3431 = CARTESIAN_POINT ( 'NONE',  ( 0.4583333333333333148, 0.0000000000000000000, -2.500000000000000000 ) ) ;
#3432 = CARTESIAN_POINT ( 'NONE',  ( 0.6250000000000000000, 0.0000000000000000000, -2.313333333333333464 ) ) ;
#3433 = CARTESIAN_POINT ( 'NONE',  ( 1.125000000000000222, 0.1000000000000000056, 2.500105095651770082 ) ) ;
#3434 = ADVANCED_FACE ( 'NONE', ( #4994 ), #2471, .T. ) ;
#3435 = VECTOR ( 'NONE', #10912, 1000.000000000000000 ) ;
#3436 = LINE ( 'NONE', #11656, #1714 ) ;
#3437 = VERTEX_POINT ( 'NONE', #8639 ) ;
#3438 = CARTESIAN_POINT ( 'NONE',  ( 2.500000000000000000, 0.9000000000000001332, 0.8749999999999998890 ) ) ;
#3439 = PLANE ( 'NONE',  #1191 ) ;
#3440 = ORIENTED_EDGE ( 'NONE', *, *, #10946, .T. ) ;
#3441 = DIRECTION ( 'NONE',  ( 0.0000000000000000000, 1.000000000000000000, 0.0000000000000000000 ) ) ;
#3442 = ORIENTED_EDGE ( 'NONE', *, *, #3864, .F. ) ;
#3443 = B_SPLINE_CURVE_WITH_KNOTS ( 'NONE', 3,
 ( #2686, #77, #198, #1969 ),
 .UNSPECIFIED., .F., .F.,
 ( 4, 4 ),
 ( 0.0000000000000000000, 1.000000000000000000 ),
 .UNSPECIFIED. ) ;
#3444 = CARTESIAN_POINT ( 'NONE',  ( 2.001795617362939872, 0.9000000000000001332, 0.3083217570670889751 ) ) ;
#3445 = ORIENTED_EDGE ( 'NONE', *, *, #8285, .T. ) ;
#3446 = ORIENTED_EDGE ( 'NONE', *, *, #1224, .F. ) ;
#3447 = EDGE_LOOP ( 'NONE', ( #9624, #4322 ) ) ;
#3448 = CARTESIAN_POINT ( 'NONE',  ( -0.8750000000000000000, 0.0000000000000000000, 2.188584073464102442 ) ) ;
#3449 = EDGE_CURVE ( 'NONE', #7132, #10224, #6002, .T. ) ;
#3450 = CARTESIAN_POINT ( 'NONE',  ( -1.148204682958599898, 0.8900000000000001243, -0.2279954129338660207 ) ) ;
#3451 = DIRECTION ( 'NONE',  ( -1.000000000000000000, -0.0000000000000000000, 0.0000000000000000000 ) ) ;
#3452 = DIRECTION ( 'NONE',  ( 0.0000000000000000000, -1.000000000000000000, 0.0000000000000000000 ) ) ;
#3453 =( NAMED_UNIT ( * ) SI_UNIT ( $, .STERADIAN. ) SOLID_ANGLE_UNIT ( ) );
#3454 = ORIENTED_EDGE ( 'NONE', *, *, #33, .T. ) ;
#3455 = CARTESIAN_POINT ( 'NONE',  ( -1.254999999999999893, 0.0000000000000000000, 2.100000000000000089 ) ) ;
#3456 = EDGE_CURVE ( 'NONE', #10448, #10, #9025, .T. ) ;
#3457 = CARTESIAN_POINT ( 'NONE',  ( -1.213584073464102131, -0.03000000000000000930, -2.100000000000000533 ) ) ;
#3458 = ORIENTED_EDGE ( 'NONE', *, *, #954, .F. ) ;
#3459 = B_SPLINE_CURVE_WITH_KNOTS ( 'NONE', 3,
 ( #7056, #10826, #9251, #10159 ),
 .UNSPECIFIED., .F., .F.,
 ( 4, 4 ),
 ( 0.0000000000000000000, 1.000000000000000000 ),
 .UNSPECIFIED. ) ;
#3460 = VERTEX_POINT ( 'NONE', #2307 ) ;
#3461 = SURFACE_STYLE_FILL_AREA ( #7973 ) ;
#3462 = COLOUR_RGB ( '',1.000000000000000000, 1.000000000000000000, 1.000000000000000000 ) ;
#3463 = PRESENTATION_STYLE_ASSIGNMENT (( #11627 ) ) ;
#3464 = FILL_AREA_STYLE ('',( #4298 ) ) ;
#3465 = B_SPLINE_CURVE_WITH_KNOTS ( 'NONE', 3,
 ( #524, #3194, #468, #4151 ),
 .UNSPECIFIED., .F., .F.,
 ( 4, 4 ),
 ( 0.0000000000000000000, 1.000000000000000000 ),
 .UNSPECIFIED. ) ;
#3466 = DIRECTION ( 'NONE',  ( 1.000000000000000000, 0.0000000000000000000, -0.0000000000000000000 ) ) ;
#3467 = FILL_AREA_STYLE ('',( #11631 ) ) ;
#3468 = CARTESIAN_POINT ( 'NONE',  ( 1.625000000000000222, 0.0000000000000000000, -2.188584073464102886 ) ) ;
#3469 = CARTESIAN_POINT ( 'NONE',  ( -1.349104182627449910, 0.8900000000000000133, 0.3250809995088330129 ) ) ;
#3470 = AXIS2_PLACEMENT_3D ( 'NONE', #8267, #2126, #4627 ) ;
#3471 = EDGE_LOOP ( 'NONE', ( #9985, #10013, #3102, #7500 ) ) ;
#3472 = ORIENTED_EDGE ( 'NONE', *, *, #2259, .T. ) ;
#3473 = ADVANCED_FACE ( 'NONE', ( #7953 ), #9758, .F. ) ;
#3474 = ORIENTED_EDGE ( 'NONE', *, *, #11300, .T. ) ;
#3475 = CARTESIAN_POINT ( 'NONE',  ( 0.5798155054992162327, 0.8900000000000000133, -0.2870562401649411899 ) ) ;
#3476 = DIRECTION ( 'NONE',  ( 0.0000000000000000000, -0.0000000000000000000, 1.000000000000000000 ) ) ;
#3477 = VERTEX_POINT ( 'NONE', #11385 ) ;
#3478 = CARTESIAN_POINT ( 'NONE',  ( -0.3750000000000000000, 0.0000000000000000000, 2.313333333333333464 ) ) ;
#3479 = VECTOR ( 'NONE', #6973, 1000.000000000000000 ) ;
#3480 = DIRECTION ( 'NONE',  ( 1.000000000000000000, 0.0000000000000000000, -0.0000000000000000000 ) ) ;
#3481 = PLANE ( 'NONE',  #9473 ) ;
#3482 = CARTESIAN_POINT ( 'NONE',  ( 0.6379327715668224874, -0.0000000000000000000, -2.157361600948405567 ) ) ;
#3483 = ORIENTED_EDGE ( 'NONE', *, *, #6574, .F. ) ;
#3484 = EDGE_CURVE ( 'NONE', #6354, #9392, #6308, .T. ) ;
#3485 = FACE_OUTER_BOUND ( 'NONE', #9534, .T. ) ;
#3486 = CARTESIAN_POINT ( 'NONE',  ( -2.500000000000000000, 0.0000000000000000000, -0.9583333333333333703 ) ) ;
#3487 = ORIENTED_EDGE ( 'NONE', *, *, #7965, .F. ) ;
#3488 = FACE_OUTER_BOUND ( 'NONE', #5413, .T. ) ;
#3489 = CARTESIAN_POINT ( 'NONE',  ( 1.625000000000000222, 0.1000000000000000056, -2.500105095651770082 ) ) ;
#3490 = CARTESIAN_POINT ( 'NONE',  ( -1.637175584610570001, 0.8900000000000000133, 0.1641465045022149905 ) ) ;
#3491 = CARTESIAN_POINT ( 'NONE',  ( 0.3998479606374399919, 0.8900000000000000133, 0.3083217570670889751 ) ) ;
#3492 = CARTESIAN_POINT ( 'NONE',  ( 0.0000000000000000000, 0.9000000000000001332, -0.3316052058057050167 ) ) ;
#3493 = ORIENTED_EDGE ( 'NONE', *, *, #10152, .T. ) ;
#3494 = DIRECTION ( 'NONE',  ( 0.0000000000000000000, -1.000000000000000000, -0.0000000000000000000 ) ) ;
#3495 = CARTESIAN_POINT ( 'NONE',  ( -1.245000000000000329, -0.03000000000000000236, -2.220000000000000195 ) ) ;
#3496 = VERTEX_POINT ( 'NONE', #8809 ) ;
#3497 = CARTESIAN_POINT ( 'NONE',  ( -1.625000000000000222, 0.1000000000000000194, -2.500052547825884819 ) ) ;
#3498 = EDGE_CURVE ( 'NONE', #8783, #4869, #6954, .T. ) ;
#3499 = ORIENTED_EDGE ( 'NONE', *, *, #10021, .F. ) ;
#3500 = EDGE_CURVE ( 'NONE', #9309, #666, #478, .T. ) ;
#3501 = ORIENTED_EDGE ( 'NONE', *, *, #5833, .T. ) ;
#3502 = DIRECTION ( 'NONE',  ( 1.000000000000000000, 0.0000000000000000000, -0.0000000000000000000 ) ) ;
#3503 = ORIENTED_EDGE ( 'NONE', *, *, #3584, .F. ) ;
#3504 = CARTESIAN_POINT ( 'NONE',  ( 0.6669812533945910227, 0.9000000000000001332, -0.3030598619225640111 ) ) ;
#3505 = CARTESIAN_POINT ( 'NONE',  ( -1.362067228433177624, -0.03000000000000000930, 2.157361600948406011 ) ) ;
#3506 = CARTESIAN_POINT ( 'NONE',  ( 2.220000000000000195, 0.1000000000000000056, -0.8750000000000000000 ) ) ;
#3507 = CARTESIAN_POINT ( 'NONE',  ( -1.625000000000000222, -0.03000000000000000583, 2.220000000000000195 ) ) ;
#3508 =( NAMED_UNIT ( * ) PLANE_ANGLE_UNIT ( ) SI_UNIT ( $, .RADIAN. ) );
#3509 = ORIENTED_EDGE ( 'NONE', *, *, #196, .F. ) ;
#3510 = EDGE_CURVE ( 'NONE', #5208, #2303, #1429, .T. ) ;
#3511 = EDGE_CURVE ( 'NONE', #6845, #9462, #7898, .T. ) ;
#3512 = AXIS2_PLACEMENT_3D ( 'NONE', #7561, #8516, #3986 ) ;
#3513 = CARTESIAN_POINT ( 'NONE',  ( 1.047178013952730025, 0.8999999999999999112, -0.2172683308910660083 ) ) ;
#3514 = UNCERTAINTY_MEASURE_WITH_UNIT (LENGTH_MEASURE( 1.000000000000000082E-05 ), #935, 'distance_accuracy_value', 'NONE');
#3515 = ADVANCED_FACE ( 'NONE', ( #6844 ), #600, .F. ) ;
#3516 = DIRECTION ( 'NONE',  ( 0.0000000000000000000, 0.0000000000000000000, 1.000000000000000000 ) ) ;
#3517 = ORIENTED_EDGE ( 'NONE', *, *, #2630, .F. ) ;
#3518 = CARTESIAN_POINT ( 'NONE',  ( -1.245000000000000329, -0.03000000000000000583, -2.100000000000000089 ) ) ;
#3519 = ORIENTED_EDGE ( 'NONE', *, *, #8313, .T. ) ;
#3520 = B_SPLINE_CURVE_WITH_KNOTS ( 'NONE', 3,
 ( #751, #3300, #4365, #8049 ),
 .UNSPECIFIED., .F., .F.,
 ( 4, 4 ),
 ( 0.0000000000000000000, 1.000000000000000000 ),
 .UNSPECIFIED. ) ;
#3521 = EDGE_LOOP ( 'NONE', ( #4494, #8062, #191, #5467 ) ) ;
#3522 = CARTESIAN_POINT ( 'NONE',  ( -1.875000000000000000, 0.1000000000000000056, 2.500105095651770082 ) ) ;
#3523 = DIRECTION ( 'NONE',  ( -0.0000000000000000000, -1.000000000000000000, -0.0000000000000000000 ) ) ;
#3524 = CARTESIAN_POINT ( 'NONE',  ( 1.125000000000000222, -0.03000000000000000930, -2.500105095651770082 ) ) ;
#3525 = CARTESIAN_POINT ( 'NONE',  ( 2.406666666666666732, 0.0000000000000000000, -0.8750000000000000000 ) ) ;
#3526 = DIRECTION ( 'NONE',  ( 0.0000000000000000000, 1.000000000000000000, 0.0000000000000000000 ) ) ;
#3527 = CARTESIAN_POINT ( 'NONE',  ( 0.6250000000000001110, 0.1000000000000000194, 2.500052547825884819 ) ) ;
#3528 = CARTESIAN_POINT ( 'NONE',  ( -1.354625563403949906, 0.9000000000000001332, 0.01392127015290760099 ) ) ;
#3529 = COLOUR_RGB ( '',1.000000000000000000, 1.000000000000000000, 1.000000000000000000 ) ;
#3530 = ORIENTED_EDGE ( 'NONE', *, *, #2259, .F. ) ;
#3531 = ADVANCED_FACE ( 'NONE', ( #11489 ), #11548, .F. ) ;
#3532 = EDGE_LOOP ( 'NONE', ( #5452, #43, #1666, #9167, #910, #1792 ) ) ;
#3533 = ORIENTED_EDGE ( 'NONE', *, *, #7528, .F. ) ;
#3534 = LINE ( 'NONE', #2635, #7627 ) ;
#3535 = DIRECTION ( 'NONE',  ( -0.0000000000000000000, -1.000000000000000000, -0.0000000000000000000 ) ) ;
#3536 = CARTESIAN_POINT ( 'NONE',  ( 0.6250000000000000000, -0.03000000000000000583, -2.220000000000000195 ) ) ;
#3537 = ORIENTED_EDGE ( 'NONE', *, *, #1489, .F. ) ;
#3538 = AXIS2_PLACEMENT_3D ( 'NONE', #10911, #2300, #3079 ) ;
#3539 = AXIS2_PLACEMENT_3D ( 'NONE', #8980, #2825, #3722 ) ;
#3540 = CARTESIAN_POINT ( 'NONE',  ( 2.500000000000000000, 0.0000000000000000000, 0.8750000000000001110 ) ) ;
#3541 = CARTESIAN_POINT ( 'NONE',  ( 2.500000000000000000, 0.9000000000000001332, -1.625000000000000222 ) ) ;
#3542 = AXIS2_PLACEMENT_3D ( 'NONE', #3013, #8741, #6666 ) ;
#3543 = EDGE_LOOP ( 'NONE', ( #4303, #706, #9969, #1254, #8668 ) ) ;
#3544 = VECTOR ( 'NONE', #6932, 1000.000000000000000 ) ;
#3545 = CARTESIAN_POINT ( 'NONE',  ( -2.100000000000000089, 0.1000000000000000056, -0.2549999999999990052 ) ) ;
#3546 = CARTESIAN_POINT ( 'NONE',  ( 0.3998479606374399919, 0.9000000000000001332, -0.3316052058057050167 ) ) ;
#3547 = CARTESIAN_POINT ( 'NONE',  ( -1.875000000000000000, -0.03000000000000000583, -2.220000000000000195 ) ) ;
#3548 = ORIENTED_EDGE ( 'NONE', *, *, #8229, .F. ) ;
#3549 = CARTESIAN_POINT ( 'NONE',  ( 1.547796638596520502, 0.0000000000000000000, 1.648898319298260473 ) ) ;
#3550 = PLANE ( 'NONE',  #11671 ) ;
#3551 = CARTESIAN_POINT ( 'NONE',  ( -1.875000000000000000, 0.1000000000000000056, -2.500105095651770082 ) ) ;
#3552 = VERTEX_POINT ( 'NONE', #3444 ) ;
#3553 = CARTESIAN_POINT ( 'NONE',  ( -2.220000000000000195, 0.1000000000000000056, -0.2550000000000000044 ) ) ;
#3554 = EDGE_CURVE ( 'NONE', #10170, #4539, #1001, .T. ) ;
#3555 = FACE_OUTER_BOUND ( 'NONE', #896, .T. ) ;
#3556 = EDGE_CURVE ( 'NONE', #903, #8195, #9862, .T. ) ;
#3557 = EDGE_LOOP ( 'NONE', ( #3119, #6331, #1103, #7339 ) ) ;
#3558 = CYLINDRICAL_SURFACE ( 'NONE', #5116, 0.1199999999999998845 ) ;
#3559 = ORIENTED_EDGE ( 'NONE', *, *, #724, .F. ) ;
#3560 = MECHANICAL_DESIGN_GEOMETRIC_PRESENTATION_REPRESENTATION (  '', ( #11549 ), #9653 ) ;
#3561 = ORIENTED_EDGE ( 'NONE', *, *, #3187, .F. ) ;
#3562 = PLANE ( 'NONE',  #10586 ) ;
#3563 = VERTEX_POINT ( 'NONE', #8135 ) ;
#3564 = CARTESIAN_POINT ( 'NONE',  ( -1.245000000000000329, 0.0000000000000000000, 2.100000000000000089 ) ) ;
#3565 = SURFACE_SIDE_STYLE ('',( #1594 ) ) ;
#3566 = SURFACE_SIDE_STYLE ('',( #1843 ) ) ;
#3567 = PLANE ( 'NONE',  #9683 ) ;
#3568 = CARTESIAN_POINT ( 'NONE',  ( -2.100000000000000089, 0.0000000000000000000, -0.2549999999999990052 ) ) ;
#3569 = DIRECTION ( 'NONE',  ( -0.0000000000000000000, 1.000000000000000000, 0.0000000000000000000 ) ) ;
#3570 =( LENGTH_UNIT ( ) NAMED_UNIT ( * ) SI_UNIT ( .MILLI., .METRE. ) );
#3571 = VERTEX_POINT ( 'NONE', #1831 ) ;
#3572 = AXIS2_PLACEMENT_3D ( 'NONE', #3553, #9877, #11717 ) ;
#3573 = SURFACE_SIDE_STYLE ('',( #1904 ) ) ;
#3574 = ORIENTED_EDGE ( 'NONE', *, *, #3792, .T. ) ;
#3575 = VERTEX_POINT ( 'NONE', #1647 ) ;
#3576 = AXIS2_PLACEMENT_3D ( 'NONE', #275, #2275, #8663 ) ;
#3577 =( LENGTH_UNIT ( ) NAMED_UNIT ( * ) SI_UNIT ( .MILLI., .METRE. ) );
#3578 = CARTESIAN_POINT ( 'NONE',  ( -0.8750000000000000000, -0.03000000000000000930, -2.500105095651770082 ) ) ;
#3579 = COLOUR_RGB ( '',1.000000000000000000, 1.000000000000000000, 1.000000000000000000 ) ;
#3580 = CARTESIAN_POINT ( 'NONE',  ( 0.6669812533945915778, 0.8900000000000000133, -0.3030598619225646773 ) ) ;
#3581 = CARTESIAN_POINT ( 'NONE',  ( -1.540383323598710108, 0.8950000000000001288, -0.3316052058057050722 ) ) ;
#3582 = FILL_AREA_STYLE_COLOUR ( '', #2888 ) ;
#3583 = DIRECTION ( 'NONE',  ( 0.0000000000000000000, 0.0000000000000000000, -1.000000000000000000 ) ) ;
#3584 = EDGE_CURVE ( 'NONE', #11136, #11232, #8132, .T. ) ;
#3585 = CARTESIAN_POINT ( 'NONE',  ( 0.3750000000000000000, 0.0000000000000000000, -2.220000000000000195 ) ) ;
#3586 = B_SPLINE_CURVE_WITH_KNOTS ( 'NONE', 3,
 ( #9572, #7773, #11536, #521, #10475, #4149 ),
 .UNSPECIFIED., .F., .F.,
 ( 4, 2, 4 ),
 ( 0.0000000000000000000, 0.5000000000000000000, 1.000000000000000000 ),
 .UNSPECIFIED. ) ;
#3587 = DIRECTION ( 'NONE',  ( 0.0000000000000000000, 0.0000000000000000000, -1.000000000000000000 ) ) ;
#3588 = ORIENTED_EDGE ( 'NONE', *, *, #856, .T. ) ;
#3589 = VERTEX_POINT ( 'NONE', #7372 ) ;
#3590 = VECTOR ( 'NONE', #6274, 1000.000000000000000 ) ;
#3591 = B_SPLINE_CURVE_WITH_KNOTS ( 'NONE', 3,
 ( #1139, #8402, #7393, #5600 ),
 .UNSPECIFIED., .F., .F.,
 ( 4, 4 ),
 ( 0.0000000000000000000, 1.000000000000000000 ),
 .UNSPECIFIED. ) ;
#3592 = EDGE_LOOP ( 'NONE', ( #2120, #8511, #1199, #7329 ) ) ;
#3593 = CARTESIAN_POINT ( 'NONE',  ( 2.220000000000000195, 0.1000000000000000056, 0.6250000000000000000 ) ) ;
#3594 = CARTESIAN_POINT ( 'NONE',  ( 1.875000000000000000, 0.0000000000000000000, -2.406666666666666732 ) ) ;
#3595 = ORIENTED_EDGE ( 'NONE', *, *, #8830, .T. ) ;
#3596 = CARTESIAN_POINT ( 'NONE',  ( 0.8750000000000000000, -0.03000000000000000930, 2.188584073464102442 ) ) ;
#3597 = CARTESIAN_POINT ( 'NONE',  ( 0.7916666666666666297, 0.1000000000000000056, -2.500105095651770082 ) ) ;
#3598 = ADVANCED_FACE ( 'NONE', ( #3619 ), #8069, .F. ) ;
#3599 = VECTOR ( 'NONE', #9340, 1000.000000000000000 ) ;
#3600 = AXIS2_PLACEMENT_3D ( 'NONE', #7324, #4511, #894 ) ;
#3601 = DIRECTION ( 'NONE',  ( 0.0000000000000000000, 0.0000000000000000000, -1.000000000000000000 ) ) ;
#3602 = CARTESIAN_POINT ( 'NONE',  ( 2.500447051772229923, 0.1000000000000000056, -0.8750000000000000000 ) ) ;
#3603 = VECTOR ( 'NONE', #2645, 1000.000000000000000 ) ;
#3604 = COLOUR_RGB ( '',1.000000000000000000, 1.000000000000000000, 1.000000000000000000 ) ;
#3605 =( NAMED_UNIT ( * ) PLANE_ANGLE_UNIT ( ) SI_UNIT ( $, .RADIAN. ) );
#3606 = ADVANCED_FACE ( 'NONE', ( #7316 ), #8196, .T. ) ;
#3607 = DIRECTION ( 'NONE',  ( 0.0000000000000000000, 0.0000000000000000000, -1.000000000000000000 ) ) ;
#3608 = ORIENTED_EDGE ( 'NONE', *, *, #3500, .F. ) ;
#3609 = FILL_AREA_STYLE_COLOUR ( '', #6817 ) ;
#3610 = CARTESIAN_POINT ( 'NONE',  ( -2.220000000000000195, -0.03000000000000000930, 0.3750000000000000000 ) ) ;
#3611 = STYLED_ITEM ( 'NONE', ( #1656 ), #629 ) ;
#3612 = DIRECTION ( 'NONE',  ( 1.000000000000000000, 0.0000000000000000000, -0.0000000000000000000 ) ) ;
#3613 = CARTESIAN_POINT ( 'NONE',  ( -0.6478087648646909669, 0.9000000000000001332, 0.0000000000000000000 ) ) ;
#3614 = CARTESIAN_POINT ( 'NONE',  ( -1.875000000000000000, 0.1000000000000000194, 2.500052547825884819 ) ) ;
#3615 = VERTEX_POINT ( 'NONE', #6417 ) ;
#3616 = LINE ( 'NONE', #7257, #9682 ) ;
#3617 = VECTOR ( 'NONE', #3972, 1000.000000000000227 ) ;
#3618 = EDGE_LOOP ( 'NONE', ( #4208, #6133, #2756, #4840 ) ) ;
#3619 = FACE_OUTER_BOUND ( 'NONE', #9093, .T. ) ;
#3620 = LINE ( 'NONE', #7261, #7341 ) ;
#3621 = VERTEX_POINT ( 'NONE', #9164 ) ;
#3622 = AXIS2_PLACEMENT_3D ( 'NONE', #3153, #657, #5175 ) ;
#3623 = CARTESIAN_POINT ( 'NONE',  ( 2.220000000000000195, -0.03000000000000000583, 0.6250000000000000000 ) ) ;
#3624 = VECTOR ( 'NONE', #9314, 1000.000000000000000 ) ;
#3625 = DIRECTION ( 'NONE',  ( 0.0000000000000000000, -1.000000000000000000, -0.0000000000000000000 ) ) ;
#3626 = DIRECTION ( 'NONE',  ( 0.0000000000000000000, -1.000000000000000000, 0.0000000000000000000 ) ) ;
#3627 = CARTESIAN_POINT ( 'NONE',  ( 0.0000000000000000000, 0.0000000000000000000, 0.0000000000000000000 ) ) ;
#3628 = DIRECTION ( 'NONE',  ( -0.0000000000000000000, -1.000000000000000000, 0.0000000000000000000 ) ) ;
#3629 = VERTEX_POINT ( 'NONE', #9943 ) ;
#3630 =( LENGTH_UNIT ( ) NAMED_UNIT ( * ) SI_UNIT ( .MILLI., .METRE. ) );
#3631 = ORIENTED_EDGE ( 'NONE', *, *, #7678, .F. ) ;
#3632 = EDGE_CURVE ( 'NONE', #8929, #10810, #10059, .T. ) ;
#3633 = ORIENTED_EDGE ( 'NONE', *, *, #6110, .T. ) ;
#3634 = ORIENTED_EDGE ( 'NONE', *, *, #6421, .T. ) ;
#3635 = CARTESIAN_POINT ( 'NONE',  ( -2.112932771566822687, -0.0000000000000000000, -1.317638399051593412 ) ) ;
#3636 = LINE ( 'NONE', #11684, #2068 ) ;
#3637 =( LENGTH_UNIT ( ) NAMED_UNIT ( * ) SI_UNIT ( .MILLI., .METRE. ) );
#3638 = B_SPLINE_CURVE_WITH_KNOTS ( 'NONE', 3,
 ( #9398, #1558, #5811, #7033, #9453, #1233 ),
 .UNSPECIFIED., .F., .F.,
 ( 4, 2, 4 ),
 ( 0.0000000000000000000, 0.5000000000000000000, 1.000000000000000000 ),
 .UNSPECIFIED. ) ;
#3639 = LINE ( 'NONE', #3580, #4562 ) ;
#3640 = CARTESIAN_POINT ( 'NONE',  ( -2.499999999999999556, 0.0000000000000000000, 1.875000000000000000 ) ) ;
#3641 = DIRECTION ( 'NONE',  ( 0.0000000000000000000, 0.0000000000000000000, 1.000000000000000000 ) ) ;
#3642 = LINE ( 'NONE', #1026, #4935 ) ;
#3643 = VERTEX_POINT ( 'NONE', #1889 ) ;
#3644 = CARTESIAN_POINT ( 'NONE',  ( -0.7449999999999999956, -0.03000000000000000236, -2.220000000000000195 ) ) ;
#3645 = CARTESIAN_POINT ( 'NONE',  ( -1.718864447618059899, 0.8900000000000000133, -0.1828851190005490179 ) ) ;
#3646 = EDGE_CURVE ( 'NONE', #2617, #8592, #5288, .T. ) ;
#3647 = VERTEX_POINT ( 'NONE', #11018 ) ;
#3648 = ORIENTED_EDGE ( 'NONE', *, *, #2848, .F. ) ;
#3649 = AXIS2_PLACEMENT_3D ( 'NONE', #9543, #8763, #4230 ) ;
#3650 = EDGE_CURVE ( 'NONE', #8504, #8864, #9052, .T. ) ;
#3651 = VERTEX_POINT ( 'NONE', #10351 ) ;
#3652 = CARTESIAN_POINT ( 'NONE',  ( 2.313333333333333464, 0.0000000000000000000, -1.625000000000000222 ) ) ;
#3653 = LINE ( 'NONE', #10748, #10988 ) ;
#3654 = CARTESIAN_POINT ( 'NONE',  ( -2.100000000000000089, -0.03000000000000000930, -0.2135840734641029359 ) ) ;
#3655 = ORIENTED_EDGE ( 'NONE', *, *, #6328, .T. ) ;
#3656 = CARTESIAN_POINT ( 'NONE',  ( 2.500447051772229923, 0.1000000000000000056, 1.208333333333333481 ) ) ;
#3657 = CARTESIAN_POINT ( 'NONE',  ( 0.1379327715668225984, -0.03000000000000001277, -2.157361600948405123 ) ) ;
#3658 = SURFACE_SIDE_STYLE ('',( #95 ) ) ;
#3659 = AXIS2_PLACEMENT_3D ( 'NONE', #3923, #5770, #6786 ) ;
#3660 = FACE_OUTER_BOUND ( 'NONE', #55, .T. ) ;
#3661 = EDGE_CURVE ( 'NONE', #5023, #9816, #5701, .T. ) ;
#3662 = VERTEX_POINT ( 'NONE', #2116 ) ;
#3663 = B_SPLINE_CURVE_WITH_KNOTS ( 'NONE', 3,
 ( #8264, #7440, #1897, #4801, #3740, #7323 ),
 .UNSPECIFIED., .F., .F.,
 ( 4, 2, 4 ),
 ( 0.0000000000000000000, 0.5000000000000000000, 1.000000000000000000 ),
 .UNSPECIFIED. ) ;
#3664 = B_SPLINE_CURVE_WITH_KNOTS ( 'NONE', 3,
 ( #7147, #2428, #4401, #10615 ),
 .UNSPECIFIED., .F., .F.,
 ( 4, 4 ),
 ( 0.0000000000000000000, 1.000000000000000000 ),
 .UNSPECIFIED. ) ;
#3665 = EDGE_CURVE ( 'NONE', #8298, #3552, #174, .T. ) ;
#3666 = DIRECTION ( 'NONE',  ( 0.0000000000000000000, 1.000000000000000000, -0.0000000000000000000 ) ) ;
#3667 = VECTOR ( 'NONE', #6450, 1000.000000000000000 ) ;
#3668 = CARTESIAN_POINT ( 'NONE',  ( 2.500447051772229923, -0.03000000000000000930, 0.1250000000000000000 ) ) ;
#3669 = VERTEX_POINT ( 'NONE', #4033 ) ;
#3670 = B_SPLINE_CURVE_WITH_KNOTS ( 'NONE', 3,
 ( #8220, #9910, #1738, #3640 ),
 .UNSPECIFIED., .F., .F.,
 ( 4, 4 ),
 ( 0.0000000000000000000, 1.000000000000000000 ),
 .UNSPECIFIED. ) ;
#3671 = EDGE_LOOP ( 'NONE', ( #7503, #3193, #6939, #11480, #7529 ) ) ;
#3672 = FACE_BOUND ( 'NONE', #6741, .T. ) ;
#3673 = DIRECTION ( 'NONE',  ( -0.0000000000000000000, -1.000000000000000000, -0.0000000000000000000 ) ) ;
#3674 = PRESENTATION_STYLE_ASSIGNMENT (( #169 ) ) ;
#3675 = CARTESIAN_POINT ( 'NONE',  ( 0.8203592205278840144, 0.9000000000000001332, -0.2165717304557349954 ) ) ;
#3676 = CARTESIAN_POINT ( 'NONE',  ( 0.3154900787141289853, 0.8900000000000000133, -0.3316052058057050167 ) ) ;
#3677 = LINE ( 'NONE', #7314, #2440 ) ;
#3678 = EDGE_CURVE ( 'NONE', #4507, #2261, #3733, .T. ) ;
#3679 = ORIENTED_EDGE ( 'NONE', *, *, #397, .T. ) ;
#3680 = ADVANCED_FACE ( 'NONE', ( #2948 ), #7489, .T. ) ;
#3681 = CARTESIAN_POINT ( 'NONE',  ( -0.9920570910971920897, 0.8900000000000000133, -0.1394566969803849865 ) ) ;
#3682 = VERTEX_POINT ( 'NONE', #9279 ) ;
#3683 = CARTESIAN_POINT ( 'NONE',  ( 0.4936025846935260253, 0.8900000000000000133, -0.1496145997844580411 ) ) ;
#3684 = EDGE_LOOP ( 'NONE', ( #7917, #6343, #5316, #4524 ) ) ;
#3685 = CARTESIAN_POINT ( 'NONE',  ( 2.112932771566821799, -0.03000000000000000930, 0.6823616009484065881 ) ) ;
#3686 = FACE_OUTER_BOUND ( 'NONE', #4835, .T. ) ;
#3687 = CARTESIAN_POINT ( 'NONE',  ( -0.6379327715668225984, -0.0000000000000000000, -2.157361600948406455 ) ) ;
#3688 = CARTESIAN_POINT ( 'NONE',  ( 0.3154900787141289853, 0.8900000000000000133, -0.04018706825244849901 ) ) ;
#3689 = DIRECTION ( 'NONE',  ( 0.0000000000000000000, -1.000000000000000000, 0.0000000000000000000 ) ) ;
#3690 = FACE_OUTER_BOUND ( 'NONE', #5196, .T. ) ;
#3691 = CARTESIAN_POINT ( 'NONE',  ( -1.672867242938439913, 0.8999999999999911404, -0.2200943834478049921 ) ) ;
#3692 = ORIENTED_EDGE ( 'NONE', *, *, #9582, .T. ) ;
#3693 = B_SPLINE_CURVE_WITH_KNOTS ( 'NONE', 3,
 ( #9217, #6535, #1054, #1997 ),
 .UNSPECIFIED., .F., .F.,
 ( 4, 4 ),
 ( 0.0000000000000000000, 1.000000000000000000 ),
 .UNSPECIFIED. ) ;
#3694 = LINE ( 'NONE', #8210, #3122 ) ;
#3695 = VERTEX_POINT ( 'NONE', #1115 ) ;
#3696 = B_SPLINE_CURVE_WITH_KNOTS ( 'NONE', 3,
 ( #5456, #8304, #6527, #9210 ),
 .UNSPECIFIED., .F., .F.,
 ( 4, 4 ),
 ( 0.0000000000000000000, 1.000000000000000000 ),
 .UNSPECIFIED. ) ;
#3697 = ORIENTED_EDGE ( 'NONE', *, *, #335, .F. ) ;
#3698 = SURFACE_SIDE_STYLE ('',( #76 ) ) ;
#3699 = LINE ( 'NONE', #7976, #10849 ) ;
#3700 = CARTESIAN_POINT ( 'NONE',  ( -1.540383323598710108, 0.9000000000000001332, -0.3316052058057050167 ) ) ;
#3701 = CARTESIAN_POINT ( 'NONE',  ( 2.100000000000000089, 0.0000000000000000000, 0.2549999999999990052 ) ) ;
#3702 = CARTESIAN_POINT ( 'NONE',  ( 0.6250000000000001110, 0.1000000000000000194, 2.500052547825884819 ) ) ;
#3703 = CARTESIAN_POINT ( 'NONE',  ( 2.500447051772229923, 0.1000000000000000056, -1.791666666666666741 ) ) ;
#3704 = ADVANCED_FACE ( 'NONE', ( #11264 ), #8380, .T. ) ;
#3705 = EDGE_CURVE ( 'NONE', #7737, #6111, #6435, .T. ) ;
#3706 = EDGE_LOOP ( 'NONE', ( #9737, #5866, #5298, #11389, #611 ) ) ;
#3707 = EDGE_LOOP ( 'NONE', ( #490, #7180, #10503, #1486 ) ) ;
#3708 =( GEOMETRIC_REPRESENTATION_CONTEXT ( 3 ) GLOBAL_UNCERTAINTY_ASSIGNED_CONTEXT ( ( #3259 ) ) GLOBAL_UNIT_ASSIGNED_CONTEXT ( ( #2031, #8914, #10759 ) ) REPRESENTATION_CONTEXT ( 'NONE', 'WORKASPACE' ) );
#3709 = ORIENTED_EDGE ( 'NONE', *, *, #7934, .T. ) ;
#3710 = CARTESIAN_POINT ( 'NONE',  ( 0.3154900787141289853, 0.8900000000000000133, -0.04018706825244849901 ) ) ;
#3711 = CARTESIAN_POINT ( 'NONE',  ( -2.500223525886114739, 0.1000000000000000194, -1.625000000000000222 ) ) ;
#3712 = VERTEX_POINT ( 'NONE', #6474 ) ;
#3713 = FACE_OUTER_BOUND ( 'NONE', #2746, .T. ) ;
#3714 = CARTESIAN_POINT ( 'NONE',  ( 2.220000000000000195, -0.03000000000000000583, -0.6250000000000000000 ) ) ;
#3715 = AXIS2_PLACEMENT_3D ( 'NONE', #3029, #254, #6496 ) ;
#3716 = CYLINDRICAL_SURFACE ( 'NONE', #6040, 0.3147436030797050033 ) ;
#3717 = EDGE_CURVE ( 'NONE', #6144, #11741, #6735, .T. ) ;
#3718 = CARTESIAN_POINT ( 'NONE',  ( 0.3154900787141289853, 0.8900000000000000133, -0.3316052058057050167 ) ) ;
#3719 = VERTEX_POINT ( 'NONE', #11369 ) ;
#3720 = CARTESIAN_POINT ( 'NONE',  ( -2.500447051772229923, 0.1000000000000000056, 1.875000000000000000 ) ) ;
#3721 = AXIS2_PLACEMENT_3D ( 'NONE', #3378, #2416, #2310 ) ;
#3722 = DIRECTION ( 'NONE',  ( 0.0000000000000000000, 0.0000000000000000000, -1.000000000000000000 ) ) ;
#3723 = ORIENTED_EDGE ( 'NONE', *, *, #4899, .T. ) ;
#3724 = ORIENTED_EDGE ( 'NONE', *, *, #10791, .T. ) ;
#3725 = CARTESIAN_POINT ( 'NONE',  ( 0.2483333333333336834, 0.0000000000000000000, 2.100000000000000089 ) ) ;
#3726 = EDGE_CURVE ( 'NONE', #5802, #6091, #8867, .T. ) ;
#3727 = PLANE ( 'NONE',  #8634 ) ;
#3728 = CARTESIAN_POINT ( 'NONE',  ( -1.374999999999999778, 0.1000000000000000194, -2.500052547825884819 ) ) ;
#3729 = SURFACE_STYLE_USAGE ( .BOTH. , #51 ) ;
#3730 = CARTESIAN_POINT ( 'NONE',  ( 2.001795617362939872, 0.8900000000000000133, 0.3083217570670889751 ) ) ;
#3731 = CARTESIAN_POINT ( 'NONE',  ( 1.639653194964890037, 0.8900000000000000133, 0.3083217570670889751 ) ) ;
#3732 = SURFACE_SIDE_STYLE ('',( #6539 ) ) ;
#3733 = B_SPLINE_CURVE_WITH_KNOTS ( 'NONE', 3,
 ( #9459, #7547, #5761, #8441, #6542, #1947 ),
 .UNSPECIFIED., .F., .F.,
 ( 4, 2, 4 ),
 ( 0.0000000000000000000, 0.5000000000000000000, 1.000000000000000000 ),
 .UNSPECIFIED. ) ;
#3734 = CARTESIAN_POINT ( 'NONE',  ( -2.220000000000000195, -0.03000000000000000583, 1.375000000000000000 ) ) ;
#3735 = FACE_BOUND ( 'NONE', #6801, .T. ) ;
#3736 = CARTESIAN_POINT ( 'NONE',  ( -1.625000000000000222, 0.0000000000000000000, 2.220000000000000195 ) ) ;
#3737 = ORIENTED_EDGE ( 'NONE', *, *, #1758, .T. ) ;
#3738 = VECTOR ( 'NONE', #6348, 1000.000000000000000 ) ;
#3739 = CARTESIAN_POINT ( 'NONE',  ( 1.754999999999999893, -0.03000000000000000583, -2.100000000000000089 ) ) ;
#3740 = CARTESIAN_POINT ( 'NONE',  ( -0.7135840734641021310, -0.03000000000000000930, 2.100000000000000089 ) ) ;
#3741 = DIRECTION ( 'NONE',  ( 0.0000000000000000000, -0.0000000000000000000, 1.000000000000000000 ) ) ;
#3742 = DIRECTION ( 'NONE',  ( 0.0000000000000000000, 0.0000000000000000000, -1.000000000000000000 ) ) ;
#3743 = EDGE_CURVE ( 'NONE', #2809, #1870, #8733, .T. ) ;
#3744 = VECTOR ( 'NONE', #3569, 1000.000000000000000 ) ;
#3745 = VERTEX_POINT ( 'NONE', #6828 ) ;
#3746 = VERTEX_POINT ( 'NONE', #519 ) ;
#3747 = VERTEX_POINT ( 'NONE', #692 ) ;
#3748 = EDGE_CURVE ( 'NONE', #3149, #3615, #4979, .T. ) ;
#3749 = CARTESIAN_POINT ( 'NONE',  ( 0.2549999999999997269, -0.03000000000000000583, -2.100000000000000089 ) ) ;
#3750 = B_SPLINE_CURVE_WITH_KNOTS ( 'NONE', 3,
 ( #1377, #4271, #10491, #6113 ),
 .UNSPECIFIED., .F., .F.,
 ( 4, 4 ),
 ( 0.0000000000000000000, 1.000000000000000000 ),
 .UNSPECIFIED. ) ;
#3751 = CARTESIAN_POINT ( 'NONE',  ( 2.100000000000000089, 0.0000000000000000000, -0.7549999999999990052 ) ) ;
#3752 = VECTOR ( 'NONE', #9470, 1000.000000000000000 ) ;
#3753 = LINE ( 'NONE', #4411, #5716 ) ;
#3754 = CARTESIAN_POINT ( 'NONE',  ( 1.130753105435670536, 0.9000000000000003553, -0.02864585859410421348 ) ) ;
#3755 = CARTESIAN_POINT ( 'NONE',  ( 0.8750000000000000000, 0.03333333333333333287, -2.500105095651770082 ) ) ;
#3756 = CARTESIAN_POINT ( 'NONE',  ( -2.188584073464102442, -0.03000000000000000930, -0.6249999999999997780 ) ) ;
#3757 = ORIENTED_EDGE ( 'NONE', *, *, #10865, .T. ) ;
#3758 = CARTESIAN_POINT ( 'NONE',  ( -1.375000000000000000, 0.03333333333333333287, 2.500105095651770082 ) ) ;
#3759 = CARTESIAN_POINT ( 'NONE',  ( -1.565765448930310333, 0.9000000000000001332, 0.2340626297995880012 ) ) ;
#3760 = VERTEX_POINT ( 'NONE', #4205 ) ;
#3761 = ORIENTED_EDGE ( 'NONE', *, *, #9471, .T. ) ;
#3762 = SURFACE_SIDE_STYLE ('',( #10642 ) ) ;
#3763 = ORIENTED_EDGE ( 'NONE', *, *, #10479, .F. ) ;
#3764 = VECTOR ( 'NONE', #9986, 1000.000000000000000 ) ;
#3765 = CARTESIAN_POINT ( 'NONE',  ( 2.500000000000000000, 0.0000000000000000000, -1.625000000000000222 ) ) ;
#3766 = EDGE_CURVE ( 'NONE', #2261, #7730, #10867, .T. ) ;
#3767 = ADVANCED_FACE ( 'NONE', ( #10473 ), #1523, .T. ) ;
#3768 = CARTESIAN_POINT ( 'NONE',  ( -2.313333333333333464, 0.0000000000000000000, -1.125000000000000222 ) ) ;
#3769 = CARTESIAN_POINT ( 'NONE',  ( -2.100000000000000089, -0.03000000000000000583, 0.2549999999999990052 ) ) ;
#3770 = VERTEX_POINT ( 'NONE', #3189 ) ;
#3771 = DIRECTION ( 'NONE',  ( 0.0000000000000000000, 0.0000000000000000000, 1.000000000000000000 ) ) ;
#3772 = CARTESIAN_POINT ( 'NONE',  ( -1.430232663244010105, 0.9000000000000005773, -0.003069089361714209905 ) ) ;
#3773 =( GEOMETRIC_REPRESENTATION_CONTEXT ( 3 ) GLOBAL_UNCERTAINTY_ASSIGNED_CONTEXT ( ( #6197 ) ) GLOBAL_UNIT_ASSIGNED_CONTEXT ( ( #11009, #9215, #5576 ) ) REPRESENTATION_CONTEXT ( 'NONE', 'WORKASPACE' ) );
#3774 = UNCERTAINTY_MEASURE_WITH_UNIT (LENGTH_MEASURE( 1.000000000000000082E-05 ), #10853, 'distance_accuracy_value', 'NONE');
#3775 = B_SPLINE_CURVE_WITH_KNOTS ( 'NONE', 3,
 ( #8506, #7492, #11142, #5887 ),
 .UNSPECIFIED., .F., .F.,
 ( 4, 4 ),
 ( 0.0000000000000000000, 1.000000000000000000 ),
 .UNSPECIFIED. ) ;
#3776 = ORIENTED_EDGE ( 'NONE', *, *, #3650, .T. ) ;
#3777 = CARTESIAN_POINT ( 'NONE',  ( -2.220000000000000195, 0.1000000000000000056, -0.1250000000000000000 ) ) ;
#3778 = DIRECTION ( 'NONE',  ( 0.0000000000000000000, 0.0000000000000000000, 1.000000000000000000 ) ) ;
#3779 = EDGE_CURVE ( 'NONE', #5653, #4195, #7718, .T. ) ;
#3780 = ORIENTED_EDGE ( 'NONE', *, *, #1238, .F. ) ;
#3781 = CARTESIAN_POINT ( 'NONE',  ( 0.2450000000000008005, 0.0000000000000000000, 2.100000000000000089 ) ) ;
#3782 = DIRECTION ( 'NONE',  ( 0.0000000000000000000, -0.0000000000000000000, 1.000000000000000000 ) ) ;
#3783 = VECTOR ( 'NONE', #7702, 1000.000000000000000 ) ;
#3784 = LINE ( 'NONE', #2052, #10794 ) ;
#3785 = FACE_OUTER_BOUND ( 'NONE', #2030, .T. ) ;
#3786 = B_SPLINE_CURVE_WITH_KNOTS ( 'NONE', 3,
 ( #6607, #6554, #3861, #11204 ),
 .UNSPECIFIED., .F., .F.,
 ( 4, 4 ),
 ( 0.0000000000000000000, 1.000000000000000000 ),
 .UNSPECIFIED. ) ;
#3787 = DIRECTION ( 'NONE',  ( 0.0000000000000000000, -1.000000000000000000, 0.0000000000000000000 ) ) ;
#3788 = CARTESIAN_POINT ( 'NONE',  ( -2.100000000000000089, 0.1000000000000000056, 0.2450000000000010225 ) ) ;
#3789 = SURFACE_STYLE_FILL_AREA ( #10298 ) ;
#3790 = VECTOR ( 'NONE', #3124, 1000.000000000000000 ) ;
#3791 = ORIENTED_EDGE ( 'NONE', *, *, #2242, .F. ) ;
#3792 = EDGE_CURVE ( 'NONE', #5928, #6032, #5593, .T. ) ;
#3793 = FILL_AREA_STYLE ('',( #7608 ) ) ;
#3794 =( NAMED_UNIT ( * ) PLANE_ANGLE_UNIT ( ) SI_UNIT ( $, .RADIAN. ) );
#3795 = CARTESIAN_POINT ( 'NONE',  ( -2.313333333333333464, 0.0000000000000000000, 0.3750000000000000000 ) ) ;
#3796 = EDGE_CURVE ( 'NONE', #1565, #2699, #10701, .T. ) ;
#3797 = AXIS2_PLACEMENT_3D ( 'NONE', #4938, #9649, #1490 ) ;
#3798 = VERTEX_POINT ( 'NONE', #6887 ) ;
#3799 = FILL_AREA_STYLE ('',( #9013 ) ) ;
#3800 = LINE ( 'NONE', #7438, #10715 ) ;
#3801 = FACE_OUTER_BOUND ( 'NONE', #8743, .T. ) ;
#3802 = DIRECTION ( 'NONE',  ( -0.0000000000000000000, -1.000000000000000000, 0.0000000000000000000 ) ) ;
#3803 = STYLED_ITEM ( 'NONE', ( #2759 ), #9181 ) ;
#3804 = CARTESIAN_POINT ( 'NONE',  ( 0.1250000000000000000, -0.03000000000000000583, 2.220000000000000195 ) ) ;
#3805 = FACE_OUTER_BOUND ( 'NONE', #3391, .T. ) ;
#3806 = VERTEX_POINT ( 'NONE', #11315 ) ;
#3807 = DIRECTION ( 'NONE',  ( -1.000000000000000000, 0.0000000000000000000, -0.0000000000000000000 ) ) ;
#3808 = ORIENTED_EDGE ( 'NONE', *, *, #4558, .T. ) ;
#3809 = EDGE_CURVE ( 'NONE', #10476, #6603, #1595, .T. ) ;
#3810 = ORIENTED_EDGE ( 'NONE', *, *, #5932, .T. ) ;
#3811 = ORIENTED_EDGE ( 'NONE', *, *, #11494, .F. ) ;
#3812 = LINE ( 'NONE', #7567, #5807 ) ;
#3813 = CARTESIAN_POINT ( 'NONE',  ( -1.375000000000000000, 0.1000000000000000056, -2.220000000000000195 ) ) ;
#3814 = DIRECTION ( 'NONE',  ( -0.9915095306014196641, 0.0000000000000000000, 0.1300340368001869362 ) ) ;
#3815 = CARTESIAN_POINT ( 'NONE',  ( -0.8750000000000001110, 0.0000000000000000000, -2.500000000000000000 ) ) ;
#3816 = LINE ( 'NONE', #10209, #11287 ) ;
#3817 = CARTESIAN_POINT ( 'NONE',  ( 1.833079853516319968, 0.8900000000000000133, -0.3316052058057050167 ) ) ;
#3818 = VERTEX_POINT ( 'NONE', #6039 ) ;
#3819 = B_SPLINE_CURVE_WITH_KNOTS ( 'NONE', 3,
 ( #5724, #3933, #9364, #7568 ),
 .UNSPECIFIED., .F., .F.,
 ( 4, 4 ),
 ( 0.0000000000000000000, 1.000000000000000000 ),
 .UNSPECIFIED. ) ;
#3820 = CARTESIAN_POINT ( 'NONE',  ( 1.625000000000000222, 0.1000000000000000056, 2.220000000000000195 ) ) ;
#3821 = ADVANCED_FACE ( 'NONE', ( #9681 ), #7880, .F. ) ;
#3822 = ORIENTED_EDGE ( 'NONE', *, *, #5165, .F. ) ;
#3823 = ORIENTED_EDGE ( 'NONE', *, *, #5315, .T. ) ;
#3824 = CARTESIAN_POINT ( 'NONE',  ( -2.157361600948406455, -0.03000000000000001277, 1.862067228433177402 ) ) ;
#3825 = ORIENTED_EDGE ( 'NONE', *, *, #555, .T. ) ;
#3826 = CARTESIAN_POINT ( 'NONE',  ( 1.625000000000000222, 0.06666666666666669350, 2.500000000000000000 ) ) ;
#3827 = SURFACE_SIDE_STYLE ('',( #8231 ) ) ;
#3828 = CARTESIAN_POINT ( 'NONE',  ( 0.1250000000000000000, -0.03000000000000000583, -2.220000000000000195 ) ) ;
#3829 = CARTESIAN_POINT ( 'NONE',  ( -0.6250000000000000000, 0.0000000000000000000, 2.313333333333333464 ) ) ;
#3830 = CARTESIAN_POINT ( 'NONE',  ( -1.055112477585320008, 0.8900000000000000133, -0.1633154918677859890 ) ) ;
#3831 = CARTESIAN_POINT ( 'NONE',  ( 0.1250000000000000555, 0.1000000000000000194, 2.500052547825884819 ) ) ;
#3832 = VERTEX_POINT ( 'NONE', #11053 ) ;
#3833 = CARTESIAN_POINT ( 'NONE',  ( 1.875000000000000000, -0.03000000000000000930, -2.500105095651770082 ) ) ;
#3834 = ADVANCED_FACE ( 'NONE', ( #6510 ), #5266, .T. ) ;
#3835 = B_SPLINE_CURVE_WITH_KNOTS ( 'NONE', 3,
 ( #9527, #5825, #11200, #5996 ),
 .UNSPECIFIED., .F., .F.,
 ( 4, 4 ),
 ( 0.0000000000000000000, 1.000000000000000000 ),
 .UNSPECIFIED. ) ;
#3836 = ORIENTED_EDGE ( 'NONE', *, *, #10946, .F. ) ;
#3837 = LINE ( 'NONE', #2936, #10105 ) ;
#3838 = PRESENTATION_STYLE_ASSIGNMENT (( #5684 ) ) ;
#3839 = ORIENTED_EDGE ( 'NONE', *, *, #7836, .F. ) ;
#3840 = CARTESIAN_POINT ( 'NONE',  ( -0.5608945834891579940, 0.8900000000000000133, -0.3316052058057050167 ) ) ;
#3841 = MECHANICAL_DESIGN_GEOMETRIC_PRESENTATION_REPRESENTATION (  '', ( #9554 ), #3074 ) ;
#3842 = CARTESIAN_POINT ( 'NONE',  ( 0.2550000000000000044, 0.1000000000000000056, -2.100000000000000089 ) ) ;
#3843 = SURFACE_STYLE_FILL_AREA ( #4669 ) ;
#3844 = DIRECTION ( 'NONE',  ( 0.0000000000000000000, 0.0000000000000000000, -1.000000000000000000 ) ) ;
#3845 = CARTESIAN_POINT ( 'NONE',  ( 1.770969632319310039, 0.9000000000000001332, -0.1624096040365370086 ) ) ;
#3846 =( LENGTH_UNIT ( ) NAMED_UNIT ( * ) SI_UNIT ( .MILLI., .METRE. ) );
#3847 = ADVANCED_FACE ( 'NONE', ( #3485 ), #5560, .T. ) ;
#3848 = EDGE_LOOP ( 'NONE', ( #4132, #2090, #2032, #7828, #4700, #2634 ) ) ;
#3849 = MECHANICAL_DESIGN_GEOMETRIC_PRESENTATION_REPRESENTATION (  '', ( #2325 ), #6706 ) ;
#3850 = PRESENTATION_STYLE_ASSIGNMENT (( #10125 ) ) ;
#3851 = CARTESIAN_POINT ( 'NONE',  ( -1.815208675776879943, 0.8999999999999993561, 0.2566633326901030521 ) ) ;
#3852 = CARTESIAN_POINT ( 'NONE',  ( -0.9920570910971920897, 0.8900000000000000133, -0.1394566969803849865 ) ) ;
#3853 = VERTEX_POINT ( 'NONE', #809 ) ;
#3854 = CARTESIAN_POINT ( 'NONE',  ( 0.7450000000000009948, 0.1000000000000000056, 2.100000000000000089 ) ) ;
#3855 = DIRECTION ( 'NONE',  ( 1.000000000000000000, -0.0000000000000000000, 0.0000000000000000000 ) ) ;
#3856 = B_SPLINE_CURVE_WITH_KNOTS ( 'NONE', 3,
 ( #4374, #10893, #5268, #6342, #10047, #4493 ),
 .UNSPECIFIED., .F., .F.,
 ( 4, 2, 4 ),
 ( 0.0000000000000000000, 0.5000000000000000000, 1.000000000000000000 ),
 .UNSPECIFIED. ) ;
#3857 = CARTESIAN_POINT ( 'NONE',  ( -0.3750000000000000000, 0.0000000000000000000, 2.500000000000000000 ) ) ;
#3858 = DIRECTION ( 'NONE',  ( 0.0000000000000000000, 1.000000000000000000, 0.0000000000000000000 ) ) ;
#3859 = EDGE_CURVE ( 'NONE', #11770, #7743, #768, .T. ) ;
#3860 = VECTOR ( 'NONE', #4039, 1000.000000000000000 ) ;
#3861 = CARTESIAN_POINT ( 'NONE',  ( 1.625000000000000222, 0.0000000000000000000, 2.313333333333333464 ) ) ;
#3862 = ORIENTED_EDGE ( 'NONE', *, *, #7836, .T. ) ;
#3863 = B_SPLINE_CURVE_WITH_KNOTS ( 'NONE', 3,
 ( #10395, #1449, #5072, #561, #10332, #4010 ),
 .UNSPECIFIED., .F., .F.,
 ( 4, 2, 4 ),
 ( 0.0000000000000000000, 0.5000000000000000000, 1.000000000000000000 ),
 .UNSPECIFIED. ) ;
#3864 = EDGE_CURVE ( 'NONE', #7403, #7579, #5870, .T. ) ;
#3865 = PLANE ( 'NONE',  #11511 ) ;
#3866 = ORIENTED_EDGE ( 'NONE', *, *, #5984, .T. ) ;
#3867 =( LENGTH_UNIT ( ) NAMED_UNIT ( * ) SI_UNIT ( .MILLI., .METRE. ) );
#3868 = ORIENTED_EDGE ( 'NONE', *, *, #7472, .T. ) ;
#3869 = ORIENTED_EDGE ( 'NONE', *, *, #5814, .F. ) ;
#3870 = DIRECTION ( 'NONE',  ( -0.0000000000000000000, -1.000000000000000000, -0.0000000000000000000 ) ) ;
#3871 = PRESENTATION_STYLE_ASSIGNMENT (( #1022 ) ) ;
#3872 = CARTESIAN_POINT ( 'NONE',  ( -1.125000000000000222, -0.03000000000000000930, 2.500105095651770082 ) ) ;
#3873 = ADVANCED_FACE ( 'NONE', ( #8054 ), #1150, .T. ) ;
#3874 = CARTESIAN_POINT ( 'NONE',  ( 1.625000000000000444, -0.03000000000000000930, 2.188584073464102886 ) ) ;
#3875 = ADVANCED_FACE ( 'NONE', ( #1033 ), #11708, .T. ) ;
#3876 = CARTESIAN_POINT ( 'NONE',  ( -0.1250000000000000000, -0.03000000000000000583, 2.220000000000000195 ) ) ;
#3877 = CARTESIAN_POINT ( 'NONE',  ( -2.100000000000000089, -0.03000000000000000583, -1.754999999999999893 ) ) ;
#3878 = ORIENTED_EDGE ( 'NONE', *, *, #11368, .F. ) ;
#3879 = VECTOR ( 'NONE', #5795, 1000.000000000000000 ) ;
#3880 = EDGE_CURVE ( 'NONE', #3496, #2426, #3459, .T. ) ;
#3881 = CARTESIAN_POINT ( 'NONE',  ( -1.946804083456310064, 0.8900000000000000133, 0.02976371085323930091 ) ) ;
#3882 = VERTEX_POINT ( 'NONE', #1978 ) ;
#3883 = ORIENTED_EDGE ( 'NONE', *, *, #4162, .T. ) ;
#3884 = CARTESIAN_POINT ( 'NONE',  ( 0.1249999999999999722, 0.0000000000000000000, 2.188584073464102442 ) ) ;
#3885 = PLANE ( 'NONE',  #10336 ) ;
#3886 = B_SPLINE_CURVE_WITH_KNOTS ( 'NONE', 3,
 ( #8857, #10705, #3549, #1822 ),
 .UNSPECIFIED., .F., .F.,
 ( 4, 4 ),
 ( 0.0000000000000000000, 1.000000000000000000 ),
 .UNSPECIFIED. ) ;
#3887 = ORIENTED_EDGE ( 'NONE', *, *, #5270, .F. ) ;
#3888 = CARTESIAN_POINT ( 'NONE',  ( 0.6132989648979390029, 0.8899999999999999023, -0.2630111705044270165 ) ) ;
#3889 = SURFACE_STYLE_USAGE ( .BOTH. , #272 ) ;
#3890 = CARTESIAN_POINT ( 'NONE',  ( 2.000000000000000000, 0.9000000000000001332, 1.850000000000000089 ) ) ;
#3891 = ORIENTED_EDGE ( 'NONE', *, *, #7446, .T. ) ;
#3892 = EDGE_CURVE ( 'NONE', #8872, #10271, #7177, .T. ) ;
#3893 = LINE ( 'NONE', #2989, #10854 ) ;
#3894 = VECTOR ( 'NONE', #1194, 1000.000000000000000 ) ;
#3895 = ORIENTED_EDGE ( 'NONE', *, *, #8024, .F. ) ;
#3896 = ORIENTED_EDGE ( 'NONE', *, *, #3498, .T. ) ;
#3897 = DIRECTION ( 'NONE',  ( 0.0000000000000000000, 0.0000000000000000000, -1.000000000000000000 ) ) ;
#3898 = CARTESIAN_POINT ( 'NONE',  ( -2.500000000000000000, 0.0000000000000000000, -0.3750000000000000000 ) ) ;
#3899 = FACE_OUTER_BOUND ( 'NONE', #10935, .T. ) ;
#3900 = ORIENTED_EDGE ( 'NONE', *, *, #11667, .F. ) ;
#3901 = DIRECTION ( 'NONE',  ( 1.000000000000000000, 0.0000000000000000000, -0.0000000000000000000 ) ) ;
#3902 = CARTESIAN_POINT ( 'NONE',  ( 0.6669812533945912447, 0.8899999999999999023, -0.3030598619225642887 ) ) ;
#3903 = VECTOR ( 'NONE', #9519, 1000.000000000000000 ) ;
#3904 = CARTESIAN_POINT ( 'NONE',  ( 0.3750000000000000000, 0.1000000000000000194, -2.500052547825884819 ) ) ;
#3905 = DIRECTION ( 'NONE',  ( -1.000000000000000000, 0.0000000000000000000, -0.0000000000000000000 ) ) ;
#3906 = LINE ( 'NONE', #10239, #6990 ) ;
#3907 = CARTESIAN_POINT ( 'NONE',  ( 2.220000000000000195, 0.1000000000000000056, 1.375000000000000000 ) ) ;
#3908 = B_SPLINE_CURVE_WITH_KNOTS ( 'NONE', 3,
 ( #924, #10945, #11119, #6398 ),
 .UNSPECIFIED., .F., .F.,
 ( 4, 4 ),
 ( 0.0000000000000000000, 1.000000000000000000 ),
 .UNSPECIFIED. ) ;
#3909 = VECTOR ( 'NONE', #3322, 1000.000000000000000 ) ;
#3910 = ORIENTED_EDGE ( 'NONE', *, *, #386, .T. ) ;
#3911 =( GEOMETRIC_REPRESENTATION_CONTEXT ( 3 ) GLOBAL_UNCERTAINTY_ASSIGNED_CONTEXT ( ( #10544 ) ) GLOBAL_UNIT_ASSIGNED_CONTEXT ( ( #8150, #2734, #5481 ) ) REPRESENTATION_CONTEXT ( 'NONE', 'WORKASPACE' ) );
#3912 = DIRECTION ( 'NONE',  ( 0.0000000000000000000, 0.0000000000000000000, 1.000000000000000000 ) ) ;
#3913 = CARTESIAN_POINT ( 'NONE',  ( 2.500000000000000000, 0.0000000000000000000, -0.1250000000000000555 ) ) ;
#3914 = VERTEX_POINT ( 'NONE', #10700 ) ;
#3915 = PLANE ( 'NONE',  #362 ) ;
#3916 = CARTESIAN_POINT ( 'NONE',  ( -2.100000000000000089, 0.1000000000000000056, -1.745000000000000329 ) ) ;
#3917 = EDGE_CURVE ( 'NONE', #7560, #3589, #11007, .T. ) ;
#3918 = CARTESIAN_POINT ( 'NONE',  ( 0.3154900787141289853, 0.8900000000000000133, -0.3316052058057050167 ) ) ;
#3919 = EDGE_CURVE ( 'NONE', #3053, #597, #6153, .T. ) ;
#3920 = CARTESIAN_POINT ( 'NONE',  ( -2.500000000000000000, 0.0000000000000000000, 0.04166666666666667129 ) ) ;
#3921 = CARTESIAN_POINT ( 'NONE',  ( 0.2450000000000007450, -0.03000000000000000583, 2.100000000000000089 ) ) ;
#3922 = VECTOR ( 'NONE', #1182, 1000.000000000000000 ) ;
#3923 = CARTESIAN_POINT ( 'NONE',  ( 2.220000000000000195, 0.1000000000000000056, 1.875000000000000000 ) ) ;
#3924 = ORIENTED_EDGE ( 'NONE', *, *, #3254, .T. ) ;
#3925 = FACE_OUTER_BOUND ( 'NONE', #4745, .T. ) ;
#3926 = B_SPLINE_CURVE_WITH_KNOTS ( 'NONE', 3,
 ( #5790, #9198, #1036, #11111 ),
 .UNSPECIFIED., .F., .F.,
 ( 4, 4 ),
 ( 0.0000000000000000000, 1.000000000000000000 ),
 .UNSPECIFIED. ) ;
#3927 = ORIENTED_EDGE ( 'NONE', *, *, #1755, .T. ) ;
#3928 =( GEOMETRIC_REPRESENTATION_CONTEXT ( 3 ) GLOBAL_UNCERTAINTY_ASSIGNED_CONTEXT ( ( #2707 ) ) GLOBAL_UNIT_ASSIGNED_CONTEXT ( ( #10574, #10459, #4137 ) ) REPRESENTATION_CONTEXT ( 'NONE', 'WORKASPACE' ) );
#3929 = VERTEX_POINT ( 'NONE', #2088 ) ;
#3930 = VERTEX_POINT ( 'NONE', #266 ) ;
#3931 = DIRECTION ( 'NONE',  ( 0.0000000000000000000, -0.0000000000000000000, 1.000000000000000000 ) ) ;
#3932 = EDGE_CURVE ( 'NONE', #5802, #4778, #6691, .T. ) ;
#3933 = CARTESIAN_POINT ( 'NONE',  ( 2.100000000000000089, 0.0000000000000000000, 1.251666666666666483 ) ) ;
#3934 = CARTESIAN_POINT ( 'NONE',  ( -1.125000000000000222, 0.1000000000000000056, -2.500105095651770082 ) ) ;
#3935 = CYLINDRICAL_SURFACE ( 'NONE', #6478, 0.1199999999999998845 ) ;
#3936 = CARTESIAN_POINT ( 'NONE',  ( 1.130090294681353580, 0.9000000000000003553, 0.01475221674921021325 ) ) ;
#3937 = CARTESIAN_POINT ( 'NONE',  ( 1.750000000000000222, 0.0000000000000000000, -1.750000000000000222 ) ) ;
#3938 = ORIENTED_EDGE ( 'NONE', *, *, #1402, .T. ) ;
#3939 = VECTOR ( 'NONE', #7601, 1000.000000000000000 ) ;
#3940 = B_SPLINE_CURVE_WITH_KNOTS ( 'NONE', 3,
 ( #5755, #11256, #4027, #10294, #3284, #407, #4845 ),
 .UNSPECIFIED., .F., .F.,
 ( 4, 1, 1, 1, 4 ),
 ( 0.0000000000000000000, 0.2500000000000000000, 0.5000000000000000000, 0.7500000000000000000, 1.000000000000000000 ),
 .UNSPECIFIED. ) ;
#3941 = ORIENTED_EDGE ( 'NONE', *, *, #7273, .T. ) ;
#3942 = VERTEX_POINT ( 'NONE', #10327 ) ;
#3943 = EDGE_CURVE ( 'NONE', #1827, #9532, #4949, .T. ) ;
#3944 = CARTESIAN_POINT ( 'NONE',  ( 0.2449999999999999956, -0.03000000000000000236, -2.220000000000000195 ) ) ;
#3945 = ORIENTED_EDGE ( 'NONE', *, *, #11384, .F. ) ;
#3946 = FILL_AREA_STYLE_COLOUR ( '', #2245 ) ;
#3947 = ADVANCED_FACE ( 'NONE', ( #2147 ), #11400, .T. ) ;
#3948 = DIRECTION ( 'NONE',  ( -1.000000000000000000, 0.0000000000000000000, 0.0000000000000000000 ) ) ;
#3949 = DIRECTION ( 'NONE',  ( 0.0000000000000000000, 0.0000000000000000000, 1.000000000000000000 ) ) ;
#3950 = CARTESIAN_POINT ( 'NONE',  ( 1.422691962381610109, 0.9000000000000001332, -0.06973913874182940953 ) ) ;
#3951 = VERTEX_POINT ( 'NONE', #1337 ) ;
#3952 = FILL_AREA_STYLE_COLOUR ( '', #8908 ) ;
#3953 = DIRECTION ( 'NONE',  ( -0.0000000000000000000, -1.000000000000000000, -0.0000000000000000000 ) ) ;
#3954 = VECTOR ( 'NONE', #7892, 1000.000000000000000 ) ;
#3955 = ORIENTED_EDGE ( 'NONE', *, *, #3632, .T. ) ;
#3956 = VERTEX_POINT ( 'NONE', #4883 ) ;
#3957 = B_SPLINE_CURVE_WITH_KNOTS ( 'NONE', 3,
 ( #7175, #11767, #7300, #4429, #10824, #1759 ),
 .UNSPECIFIED., .F., .F.,
 ( 4, 2, 4 ),
 ( 0.0000000000000000000, 0.5000000000000000000, 1.000000000000000000 ),
 .UNSPECIFIED. ) ;
#3958 = CARTESIAN_POINT ( 'NONE',  ( -0.3750000000000000000, 0.1000000000000000056, 2.220000000000000195 ) ) ;
#3959 = CARTESIAN_POINT ( 'NONE',  ( 0.6132989648979391140, 0.8999999999999998002, -0.2630111705044270165 ) ) ;
#3960 = EDGE_CURVE ( 'NONE', #1089, #10883, #8471, .T. ) ;
#3961 = ORIENTED_EDGE ( 'NONE', *, *, #7867, .F. ) ;
#3962 =( NAMED_UNIT ( * ) PLANE_ANGLE_UNIT ( ) SI_UNIT ( $, .RADIAN. ) );
#3963 = AXIS2_PLACEMENT_3D ( 'NONE', #3286, #7923, #11461 ) ;
#3964 =( LENGTH_UNIT ( ) NAMED_UNIT ( * ) SI_UNIT ( .MILLI., .METRE. ) );
#3965 = CARTESIAN_POINT ( 'NONE',  ( -2.220000000000000195, 0.1000000000000000056, 1.125000000000000222 ) ) ;
#3966 = LINE ( 'NONE', #618, #9715 ) ;
#3967 = CARTESIAN_POINT ( 'NONE',  ( 2.406666666666666732, 0.0000000000000000000, -1.125000000000000222 ) ) ;
#3968 = CARTESIAN_POINT ( 'NONE',  ( -1.125000000000000222, -0.03000000000000000930, -2.500105095651770082 ) ) ;
#3969 = EDGE_LOOP ( 'NONE', ( #3634, #2105, #5514, #1051 ) ) ;
#3970 = EDGE_CURVE ( 'NONE', #11727, #2733, #1212, .T. ) ;
#3971 = CARTESIAN_POINT ( 'NONE',  ( 0.1250000000000000000, -0.03000000000000000930, 2.500105095651770082 ) ) ;
#3972 = DIRECTION ( 'NONE',  ( 0.9939473651901018503, 0.0000000000000000000, 0.1098573403631009499 ) ) ;
#3973 = CARTESIAN_POINT ( 'NONE',  ( -1.375000000000000000, -0.03000000000000000930, 2.500105095651770082 ) ) ;
#3974 = ORIENTED_EDGE ( 'NONE', *, *, #11156, .T. ) ;
#3975 =( LENGTH_UNIT ( ) NAMED_UNIT ( * ) SI_UNIT ( .MILLI., .METRE. ) );
#3976 = DIRECTION ( 'NONE',  ( 0.0000000000000000000, 0.0000000000000000000, -1.000000000000000000 ) ) ;
#3977 = DIRECTION ( 'NONE',  ( 0.0000000000000000000, 0.0000000000000000000, -1.000000000000000000 ) ) ;
#3978 = CARTESIAN_POINT ( 'NONE',  ( 0.0000000000000000000, 0.9000000000000001332, -0.3316052058057050167 ) ) ;
#3979 = CARTESIAN_POINT ( 'NONE',  ( 2.313333333333333464, 0.0000000000000000000, -0.1250000000000000000 ) ) ;
#3980 = ORIENTED_EDGE ( 'NONE', *, *, #11586, .T. ) ;
#3981 = CARTESIAN_POINT ( 'NONE',  ( 0.0000000000000000000, 0.9000000000000001332, 0.3083217570670889751 ) ) ;
#3982 = VERTEX_POINT ( 'NONE', #9599 ) ;
#3983 = AXIS2_PLACEMENT_3D ( 'NONE', #8314, #11075, #10240 ) ;
#3984 = AXIS2_PLACEMENT_3D ( 'NONE', #11202, #3858, #9529 ) ;
#3985 = ADVANCED_FACE ( 'NONE', ( #5918 ), #325, .T. ) ;
#3986 = DIRECTION ( 'NONE',  ( 0.0000000000000000000, 0.0000000000000000000, 1.000000000000000000 ) ) ;
#3987 = LINE ( 'NONE', #7628, #10763 ) ;
#3988 = VECTOR ( 'NONE', #4606, 1000.000000000000000 ) ;
#3989 = VERTEX_POINT ( 'NONE', #2980 ) ;
#3990 = LINE ( 'NONE', #6008, #1257 ) ;
#3991 = FACE_OUTER_BOUND ( 'NONE', #5513, .T. ) ;
#3992 = CARTESIAN_POINT ( 'NONE',  ( 2.220000000000000195, 0.0000000000000000000, -1.875000000000000000 ) ) ;
#3993 = CARTESIAN_POINT ( 'NONE',  ( 1.872859023482720042, 0.9000000000000003553, 0.1249850370245180059 ) ) ;
#3994 = CARTESIAN_POINT ( 'NONE',  ( -1.375000000000000000, -0.03000000000000000583, -2.220000000000000195 ) ) ;
#3995 = CARTESIAN_POINT ( 'NONE',  ( 0.8203592205278840144, 0.8900000000000000133, -0.2165717304557349954 ) ) ;
#3996 = ORIENTED_EDGE ( 'NONE', *, *, #3456, .F. ) ;
#3997 = STYLED_ITEM ( 'NONE', ( #9654 ), #11276 ) ;
#3998 = SURFACE_STYLE_USAGE ( .BOTH. , #5783 ) ;
#3999 = COLOUR_RGB ( '',1.000000000000000000, 1.000000000000000000, 1.000000000000000000 ) ;
#4000 = VERTEX_POINT ( 'NONE', #11231 ) ;
#4001 = ADVANCED_FACE ( 'NONE', ( #5854 ), #9546, .T. ) ;
#4002 = ORIENTED_EDGE ( 'NONE', *, *, #914, .T. ) ;
#4003 = CARTESIAN_POINT ( 'NONE',  ( 0.8515543603564610375, 0.8900000000000000133, -0.3025521533941810115 ) ) ;
#4004 = VECTOR ( 'NONE', #11514, 1000.000000000000000 ) ;
#4005 = ORIENTED_EDGE ( 'NONE', *, *, #11508, .T. ) ;
#4006 = DIRECTION ( 'NONE',  ( 0.0000000000000000000, 0.0000000000000000000, -1.000000000000000000 ) ) ;
#4007 = CARTESIAN_POINT ( 'NONE',  ( 0.6255443789719005165, 0.8900000000000000133, -0.3366017989613225292 ) ) ;
#4008 = VECTOR ( 'NONE', #8077, 1000.000000000000000 ) ;
#4009 = DIRECTION ( 'NONE',  ( -0.0000000000000000000, 1.000000000000000000, 0.0000000000000000000 ) ) ;
#4010 = CARTESIAN_POINT ( 'NONE',  ( 2.100000000000000089, 0.0000000000000000000, -0.2450000000000010225 ) ) ;
#4011 = VECTOR ( 'NONE', #1710, 1000.000000000000000 ) ;
#4012 = FILL_AREA_STYLE_COLOUR ( '', #207 ) ;
#4013 = ORIENTED_EDGE ( 'NONE', *, *, #5843, .T. ) ;
#4014 = B_SPLINE_CURVE_WITH_KNOTS ( 'NONE', 3,
 ( #11004, #6220, #4434, #8186 ),
 .UNSPECIFIED., .F., .F.,
 ( 4, 4 ),
 ( 0.0000000000000000000, 1.000000000000000000 ),
 .UNSPECIFIED. ) ;
#4015 = DIRECTION ( 'NONE',  ( 0.0000000000000000000, 0.0000000000000000000, -1.000000000000000000 ) ) ;
#4016 = ADVANCED_FACE ( 'NONE', ( #2326 ), #1273, .T. ) ;
#4017 = FACE_OUTER_BOUND ( 'NONE', #4889, .T. ) ;
#4018 = B_SPLINE_CURVE_WITH_KNOTS ( 'NONE', 3,
 ( #219, #3829, #11114, #7467 ),
 .UNSPECIFIED., .F., .F.,
 ( 4, 4 ),
 ( 0.0000000000000000000, 1.000000000000000000 ),
 .UNSPECIFIED. ) ;
#4019 = EDGE_CURVE ( 'NONE', #1660, #8248, #2314, .T. ) ;
#4020 = EDGE_LOOP ( 'NONE', ( #11757, #5130 ) ) ;
#4021 = ORIENTED_EDGE ( 'NONE', *, *, #1522, .F. ) ;
#4022 = DIRECTION ( 'NONE',  ( -0.0000000000000000000, -1.000000000000000000, -0.0000000000000000000 ) ) ;
#4023 = DIRECTION ( 'NONE',  ( 1.000000000000000000, 0.0000000000000000000, -0.0000000000000000000 ) ) ;
#4024 = ORIENTED_EDGE ( 'NONE', *, *, #5270, .T. ) ;
#4025 = SURFACE_SIDE_STYLE ('',( #10181 ) ) ;
#4026 = CARTESIAN_POINT ( 'NONE',  ( -1.218715642527501641, 0.8899999999999999023, 0.03948426467512293481 ) ) ;
#4027 = CARTESIAN_POINT ( 'NONE',  ( -1.140123546261919918, 0.8900000000000000133, 0.3094733318067159900 ) ) ;
#4028 = SURFACE_STYLE_FILL_AREA ( #4973 ) ;
#4029 = EDGE_CURVE ( 'NONE', #6254, #9267, #9292, .T. ) ;
#4030 = DIRECTION ( 'NONE',  ( 1.000000000000000000, 0.0000000000000000000, -0.0000000000000000000 ) ) ;
#4031 = ADVANCED_FACE ( 'NONE', ( #11170 ), #7914, .T. ) ;
#4032 = VERTEX_POINT ( 'NONE', #554 ) ;
#4033 = CARTESIAN_POINT ( 'NONE',  ( 2.500447051772229923, -0.03000000000000000930, -1.625000000000000444 ) ) ;
#4034 = CARTESIAN_POINT ( 'NONE',  ( -1.375000000000000000, 0.0000000000000000000, -2.220000000000000195 ) ) ;
#4035 = COLOUR_RGB ( '',0.1176470588235294101, 0.1176470588235294101, 0.1176470588235294101 ) ;
#4036 = CARTESIAN_POINT ( 'NONE',  ( -2.100000000000000089, 0.0000000000000000000, 1.248333333333333517 ) ) ;
#4037 = VERTEX_POINT ( 'NONE', #6131 ) ;
#4038 = CARTESIAN_POINT ( 'NONE',  ( -2.220000000000000195, 0.0000000000000000000, 1.875000000000000000 ) ) ;
#4039 = DIRECTION ( 'NONE',  ( 0.0000000000000000000, 1.000000000000000000, 0.0000000000000000000 ) ) ;
#4040 = CARTESIAN_POINT ( 'NONE',  ( 0.1250000000000000555, 0.0000000000000000000, 2.500000000000000000 ) ) ;
#4041 = B_SPLINE_CURVE_WITH_KNOTS ( 'NONE', 3,
 ( #2403, #3250, #5886, #1367 ),
 .UNSPECIFIED., .F., .F.,
 ( 4, 4 ),
 ( 0.0000000000000000000, 1.000000000000000000 ),
 .UNSPECIFIED. ) ;
#4042 = LINE ( 'NONE', #420, #212 ) ;
#4043 = SURFACE_STYLE_USAGE ( .BOTH. , #4101 ) ;
#4044 = ORIENTED_EDGE ( 'NONE', *, *, #8229, .T. ) ;
#4045 = CARTESIAN_POINT ( 'NONE',  ( 0.7135840734641021310, 0.0000000000000000000, 2.100000000000000089 ) ) ;
#4046 = EDGE_CURVE ( 'NONE', #3745, #3695, #7803, .T. ) ;
#4047 = DIRECTION ( 'NONE',  ( 0.0000000000000000000, 0.0000000000000000000, 1.000000000000000000 ) ) ;
#4048 = ORIENTED_EDGE ( 'NONE', *, *, #4964, .T. ) ;
#4049 = EDGE_CURVE ( 'NONE', #3496, #45, #4236, .T. ) ;
#4050 = DIRECTION ( 'NONE',  ( -0.0000000000000000000, 1.000000000000000000, 0.0000000000000000000 ) ) ;
#4051 = ORIENTED_EDGE ( 'NONE', *, *, #9145, .T. ) ;
#4052 = CARTESIAN_POINT ( 'NONE',  ( 0.6095699525794630036, 0.8900000000000000133, 0.1397712656946689946 ) ) ;
#4053 = ORIENTED_EDGE ( 'NONE', *, *, #1427, .F. ) ;
#4054 = EDGE_LOOP ( 'NONE', ( #2780, #282 ) ) ;
#4055 = VECTOR ( 'NONE', #6360, 1000.000000000000000 ) ;
#4056 = FACE_OUTER_BOUND ( 'NONE', #2827, .T. ) ;
#4057 = LINE ( 'NONE', #485, #7021 ) ;
#4058 = DIRECTION ( 'NONE',  ( -0.0000000000000000000, -1.000000000000000000, -0.0000000000000000000 ) ) ;
#4059 = CARTESIAN_POINT ( 'NONE',  ( 0.3154900787141289853, 0.9000000000000001332, 0.0000000000000000000 ) ) ;
#4060 =( LENGTH_UNIT ( ) NAMED_UNIT ( * ) SI_UNIT ( .MILLI., .METRE. ) );
#4061 = EDGE_CURVE ( 'NONE', #9579, #7560, #8771, .T. ) ;
#4062 = CARTESIAN_POINT ( 'NONE',  ( -2.499999999999999556, 0.9000000000000001332, 0.3749999999999990563 ) ) ;
#4063 = SURFACE_SIDE_STYLE ('',( #3098 ) ) ;
#4064 = ORIENTED_EDGE ( 'NONE', *, *, #10438, .F. ) ;
#4065 = VECTOR ( 'NONE', #469, 1000.000000000000000 ) ;
#4066 = ORIENTED_EDGE ( 'NONE', *, *, #2548, .T. ) ;
#4067 = CARTESIAN_POINT ( 'NONE',  ( 0.1823616009484060885, -0.0000000000000000000, 2.112932771566822687 ) ) ;
#4068 = ORIENTED_EDGE ( 'NONE', *, *, #9535, .T. ) ;
#4069 = DIRECTION ( 'NONE',  ( -1.000000000000000000, 0.0000000000000000000, -0.0000000000000000000 ) ) ;
#4070 = CARTESIAN_POINT ( 'NONE',  ( -1.625000000000000222, 0.1000000000000000194, 2.500052547825884819 ) ) ;
#4071 = CARTESIAN_POINT ( 'NONE',  ( 0.8749999999999998890, 0.1000000000000000194, 2.500052547825884819 ) ) ;
#4072 = LINE ( 'NONE', #5794, #7589 ) ;
#4073 = ADVANCED_FACE ( 'NONE', ( #11563 ), #1553, .F. ) ;
#4074 = FILL_AREA_STYLE_COLOUR ( '', #5279 ) ;
#4075 = FILL_AREA_STYLE_COLOUR ( '', #11605 ) ;
#4076 = EDGE_LOOP ( 'NONE', ( #251, #1957, #1917, #5497 ) ) ;
#4077 = CARTESIAN_POINT ( 'NONE',  ( 2.500223525886114739, 0.1000000000000000194, -0.1250000000000000555 ) ) ;
#4078 = FACE_OUTER_BOUND ( 'NONE', #2247, .T. ) ;
#4079 = ORIENTED_EDGE ( 'NONE', *, *, #2601, .T. ) ;
#4080 = CARTESIAN_POINT ( 'NONE',  ( 2.112932771566822687, -0.03000000000000001277, 0.8176383990515936340 ) ) ;
#4081 = CARTESIAN_POINT ( 'NONE',  ( 1.079322932461523665, 0.8900000000000004574, -0.2034024880864773732 ) ) ;
#4082 = CARTESIAN_POINT ( 'NONE',  ( 0.7483333333333340720, 0.0000000000000000000, -2.100000000000000089 ) ) ;
#4083 = EDGE_CURVE ( 'NONE', #4778, #1977, #10558, .T. ) ;
#4084 =( LENGTH_UNIT ( ) NAMED_UNIT ( * ) SI_UNIT ( .MILLI., .METRE. ) );
#4085 = STYLED_ITEM ( 'NONE', ( #10964 ), #3606 ) ;
#4086 = DIRECTION ( 'NONE',  ( 0.0000000000000000000, 1.000000000000000000, 0.0000000000000000000 ) ) ;
#4087 = CARTESIAN_POINT ( 'NONE',  ( -2.220000000000000195, 0.0000000000000000000, -1.375000000000000000 ) ) ;
#4088 = ORIENTED_EDGE ( 'NONE', *, *, #3554, .F. ) ;
#4089 = DIRECTION ( 'NONE',  ( 0.0000000000000000000, -0.0000000000000000000, -1.000000000000000000 ) ) ;
#4090 = EDGE_CURVE ( 'NONE', #7078, #9600, #2160, .T. ) ;
#4091 = EDGE_CURVE ( 'NONE', #6163, #6559, #3277, .T. ) ;
#4092 = CARTESIAN_POINT ( 'NONE',  ( -2.220000000000000195, -0.03000000000000000236, -0.2449999999999999956 ) ) ;
#4093 = DIRECTION ( 'NONE',  ( 0.0000000000000000000, 0.0000000000000000000, -1.000000000000000000 ) ) ;
#4094 = VERTEX_POINT ( 'NONE', #4404 ) ;
#4095 = CARTESIAN_POINT ( 'NONE',  ( -1.375000000000000000, 0.0000000000000000000, -2.220000000000000195 ) ) ;
#4096 = FACE_OUTER_BOUND ( 'NONE', #4419, .T. ) ;
#4097 = CARTESIAN_POINT ( 'NONE',  ( -2.220000000000000195, 0.0000000000000000000, -0.8750000000000001110 ) ) ;
#4098 = CARTESIAN_POINT ( 'NONE',  ( -1.133079610878080068, 0.9000000000000001332, -0.1530902940589000116 ) ) ;
#4099 = ADVANCED_FACE ( 'NONE', ( #7857 ), #727, .T. ) ;
#4100 = FACE_OUTER_BOUND ( 'NONE', #6018, .T. ) ;
#4101 = SURFACE_SIDE_STYLE ('',( #8389 ) ) ;
#4102 = VERTEX_POINT ( 'NONE', #3336 ) ;
#4103 = FACE_OUTER_BOUND ( 'NONE', #10058, .T. ) ;
#4104 =( NAMED_UNIT ( * ) SI_UNIT ( $, .STERADIAN. ) SOLID_ANGLE_UNIT ( ) );
#4105 = ORIENTED_EDGE ( 'NONE', *, *, #9917, .F. ) ;
#4106 =( GEOMETRIC_REPRESENTATION_CONTEXT ( 3 ) GLOBAL_UNCERTAINTY_ASSIGNED_CONTEXT ( ( #3374 ) ) GLOBAL_UNIT_ASSIGNED_CONTEXT ( ( #3867, #10432, #3024 ) ) REPRESENTATION_CONTEXT ( 'NONE', 'WORKASPACE' ) );
#4107 = UNCERTAINTY_MEASURE_WITH_UNIT (LENGTH_MEASURE( 1.000000000000000082E-05 ), #1726, 'distance_accuracy_value', 'NONE');
#4108 = DIRECTION ( 'NONE',  ( -1.000000000000000000, 0.0000000000000000000, -0.0000000000000000000 ) ) ;
#4109 = ORIENTED_EDGE ( 'NONE', *, *, #1263, .T. ) ;
#4110 = CARTESIAN_POINT ( 'NONE',  ( 0.7555727586559100040, 0.8900000000000000133, 0.2650099285898819823 ) ) ;
#4111 = EDGE_LOOP ( 'NONE', ( #5437, #5597, #5712, #10557, #8561 ) ) ;
#4112 =( GEOMETRIC_REPRESENTATION_CONTEXT ( 3 ) GLOBAL_UNCERTAINTY_ASSIGNED_CONTEXT ( ( #6642 ) ) GLOBAL_UNIT_ASSIGNED_CONTEXT ( ( #8387, #1842, #7378 ) ) REPRESENTATION_CONTEXT ( 'NONE', 'WORKASPACE' ) );
#4113 = ORIENTED_EDGE ( 'NONE', *, *, #8788, .F. ) ;
#4114 = B_SPLINE_CURVE_WITH_KNOTS ( 'NONE', 3,
 ( #4144, #11419, #2347, #9623, #4203, #1519 ),
 .UNSPECIFIED., .F., .F.,
 ( 4, 2, 4 ),
 ( 0.0000000000000000000, 0.5000000000000000000, 1.000000000000000000 ),
 .UNSPECIFIED. ) ;
#4115 = AXIS2_PLACEMENT_3D ( 'NONE', #466, #4093, #3192 ) ;
#4116 = LINE ( 'NONE', #4872, #7530 ) ;
#4117 = EDGE_CURVE ( 'NONE', #4924, #3329, #9147, .T. ) ;
#4118 = LINE ( 'NONE', #6736, #2269 ) ;
#4119 = CARTESIAN_POINT ( 'NONE',  ( 0.6250000000000000000, 0.1000000000000000056, 2.500105095651770082 ) ) ;
#4120 = CARTESIAN_POINT ( 'NONE',  ( -1.317638399051593856, -0.0000000000000000000, 2.112932771566822687 ) ) ;
#4121 = VERTEX_POINT ( 'NONE', #9719 ) ;
#4122 = B_SPLINE_CURVE_WITH_KNOTS ( 'NONE', 3,
 ( #11082, #10189, #2953, #2841, #2788, #4625 ),
 .UNSPECIFIED., .F., .F.,
 ( 4, 2, 4 ),
 ( 0.0000000000000000000, 0.5000000000000000000, 1.000000000000000000 ),
 .UNSPECIFIED. ) ;
#4123 = FACE_OUTER_BOUND ( 'NONE', #7611, .T. ) ;
#4124 = EDGE_CURVE ( 'NONE', #5370, #5746, #8828, .T. ) ;
#4125 = CARTESIAN_POINT ( 'NONE',  ( 0.1250000000000000000, 0.0000000000000000000, 2.220000000000000195 ) ) ;
#4126 = VERTEX_POINT ( 'NONE', #7970 ) ;
#4127 = PRESENTATION_STYLE_ASSIGNMENT (( #6867 ) ) ;
#4128 = FACE_OUTER_BOUND ( 'NONE', #6169, .T. ) ;
#4129 = CARTESIAN_POINT ( 'NONE',  ( 2.220000000000000195, 0.0000000000000000000, 1.375000000000000000 ) ) ;
#4130 = CARTESIAN_POINT ( 'NONE',  ( -0.6379327715668223764, -0.03000000000000000930, -2.157361600948406011 ) ) ;
#4131 = PLANE ( 'NONE',  #5509 ) ;
#4132 = ORIENTED_EDGE ( 'NONE', *, *, #8185, .T. ) ;
#4133 = EDGE_CURVE ( 'NONE', #11266, #6227, #3392, .T. ) ;
#4134 = EDGE_CURVE ( 'NONE', #10686, #6820, #9442, .T. ) ;
#4135 = B_SPLINE_CURVE_WITH_KNOTS ( 'NONE', 3,
 ( #3547, #4554, #10950, #7179, #1762, #6288 ),
 .UNSPECIFIED., .F., .F.,
 ( 4, 2, 4 ),
 ( 0.0000000000000000000, 0.5000000000000000000, 1.000000000000000000 ),
 .UNSPECIFIED. ) ;
#4136 = CARTESIAN_POINT ( 'NONE',  ( -0.6250000000000001110, 0.06666666666666669350, -2.500000000000000000 ) ) ;
#4137 =( NAMED_UNIT ( * ) SI_UNIT ( $, .STERADIAN. ) SOLID_ANGLE_UNIT ( ) );
#4138 = ORIENTED_EDGE ( 'NONE', *, *, #8240, .T. ) ;
#4139 = CARTESIAN_POINT ( 'NONE',  ( -2.112932771566823131, -0.0000000000000000000, 1.817638399051593634 ) ) ;
#4140 = PLANE ( 'NONE',  #10230 ) ;
#4141 = B_SPLINE_CURVE_WITH_KNOTS ( 'NONE', 3,
 ( #8586, #2970, #7688, #7739 ),
 .UNSPECIFIED., .F., .F.,
 ( 4, 4 ),
 ( 0.0000000000000000000, 1.000000000000000000 ),
 .UNSPECIFIED. ) ;
#4142 = VECTOR ( 'NONE', #7875, 1000.000000000000000 ) ;
#4143 = DIRECTION ( 'NONE',  ( -1.000000000000000000, 0.0000000000000000000, -1.247439894533389989E-15 ) ) ;
#4144 = CARTESIAN_POINT ( 'NONE',  ( 2.220000000000000195, 0.0000000000000000000, -1.625000000000000222 ) ) ;
#4145 = VERTEX_POINT ( 'NONE', #1445 ) ;
#4146 = EDGE_CURVE ( 'NONE', #4000, #151, #1606, .T. ) ;
#4147 = CARTESIAN_POINT ( 'NONE',  ( -1.745000000000000551, 0.0000000000000000000, -2.100000000000000089 ) ) ;
#4148 = CARTESIAN_POINT ( 'NONE',  ( 1.682361600948406588, -0.03000000000000000930, -2.112932771566822687 ) ) ;
#4149 = CARTESIAN_POINT ( 'NONE',  ( -2.100000000000000089, 0.0000000000000000000, -1.755000000000000115 ) ) ;
#4150 = ORIENTED_EDGE ( 'NONE', *, *, #6757, .T. ) ;
#4151 = CARTESIAN_POINT ( 'NONE',  ( -1.745000000000000551, 0.0000000000000000000, 2.100000000000000089 ) ) ;
#4152 = CARTESIAN_POINT ( 'NONE',  ( 0.6250000000000000000, 0.0000000000000000000, 2.220000000000000195 ) ) ;
#4153 = VECTOR ( 'NONE', #2492, 1000.000000000000000 ) ;
#4154 = CYLINDRICAL_SURFACE ( 'NONE', #7789, 0.1199999999999998845 ) ;
#4155 = CARTESIAN_POINT ( 'NONE',  ( -2.100000000000000089, 0.0000000000000000000, 1.745000000000000551 ) ) ;
#4156 = ORIENTED_EDGE ( 'NONE', *, *, #6404, .T. ) ;
#4157 = CARTESIAN_POINT ( 'NONE',  ( -0.7450000000000009948, 0.1000000000000000056, -2.100000000000000089 ) ) ;
#4158 = CARTESIAN_POINT ( 'NONE',  ( -2.100000000000000089, -0.03000000000000000583, 0.2450000000000010225 ) ) ;
#4159 = ORIENTED_EDGE ( 'NONE', *, *, #4117, .T. ) ;
#4160 = EDGE_CURVE ( 'NONE', #4539, #9777, #9558, .T. ) ;
#4161 = VECTOR ( 'NONE', #9495, 1000.000000000000000 ) ;
#4162 = EDGE_CURVE ( 'NONE', #11088, #9462, #2681, .T. ) ;
#4163 = CARTESIAN_POINT ( 'NONE',  ( -0.1250000000000000000, -0.03000000000000000930, -2.500105095651770082 ) ) ;
#4164 = VERTEX_POINT ( 'NONE', #10864 ) ;
#4165 = CARTESIAN_POINT ( 'NONE',  ( -1.061077176307170244, 0.9000000000000001332, 0.1447185921249100060 ) ) ;
#4166 = ORIENTED_EDGE ( 'NONE', *, *, #5362, .F. ) ;
#4167 = EDGE_LOOP ( 'NONE', ( #4392, #9687, #11659, #610, #6210, #646 ) ) ;
#4168 = CARTESIAN_POINT ( 'NONE',  ( 0.8203592205278840144, 0.8900000000000000133, -0.2165717304557348843 ) ) ;
#4169 = CARTESIAN_POINT ( 'NONE',  ( 2.220000000000000195, 0.0000000000000000000, -0.3750000000000000000 ) ) ;
#4170 = CARTESIAN_POINT ( 'NONE',  ( -1.846664523415020076, 0.9000000000000001332, 0.02303139907595989910 ) ) ;
#4171 = VECTOR ( 'NONE', #9711, 1000.000000000000000 ) ;
#4172 = CARTESIAN_POINT ( 'NONE',  ( -2.100000000000000089, 0.0000000000000000000, 0.7483333333333337389 ) ) ;
#4173 = CARTESIAN_POINT ( 'NONE',  ( 0.8620672284331774016, -0.03000000000000000930, -2.157361600948406011 ) ) ;
#4174 = FACE_BOUND ( 'NONE', #10712, .T. ) ;
#4175 = ORIENTED_EDGE ( 'NONE', *, *, #8199, .F. ) ;
#4176 = ADVANCED_FACE ( 'NONE', ( #4463 ), #5368, .T. ) ;
#4177 = EDGE_CURVE ( 'NONE', #9121, #3806, #11093, .T. ) ;
#4178 = VECTOR ( 'NONE', #2865, 1000.000000000000000 ) ;
#4179 = CARTESIAN_POINT ( 'NONE',  ( -0.7549999999999993383, -0.03000000000000000583, 2.100000000000000089 ) ) ;
#4180 = ORIENTED_EDGE ( 'NONE', *, *, #6024, .T. ) ;
#4181 = DIRECTION ( 'NONE',  ( 0.0000000000000000000, -0.0000000000000000000, 1.000000000000000000 ) ) ;
#4182 = DIRECTION ( 'NONE',  ( 1.000000000000000000, -0.0000000000000000000, 0.0000000000000000000 ) ) ;
#4183 = CARTESIAN_POINT ( 'NONE',  ( 1.375000000000000000, 0.0000000000000000000, -2.500000000000000000 ) ) ;
#4184 = CARTESIAN_POINT ( 'NONE',  ( -0.1379327715668224319, -0.03000000000000001277, 2.157361600948406455 ) ) ;
#4185 = ORIENTED_EDGE ( 'NONE', *, *, #9289, .F. ) ;
#4186 =( GEOMETRIC_REPRESENTATION_CONTEXT ( 3 ) GLOBAL_UNCERTAINTY_ASSIGNED_CONTEXT ( ( #7395 ) ) GLOBAL_UNIT_ASSIGNED_CONTEXT ( ( #10535, #5212, #11779 ) ) REPRESENTATION_CONTEXT ( 'NONE', 'WORKASPACE' ) );
#4187 = VECTOR ( 'NONE', #1102, 1000.000000000000000 ) ;
#4188 = FACE_OUTER_BOUND ( 'NONE', #237, .T. ) ;
#4189 = ADVANCED_FACE ( 'NONE', ( #1964 ), #9633, .T. ) ;
#4190 = FACE_OUTER_BOUND ( 'NONE', #5613, .T. ) ;
#4191 = VECTOR ( 'NONE', #5997, 1000.000000000000000 ) ;
#4192 = STYLED_ITEM ( 'NONE', ( #6711 ), #10555 ) ;
#4193 = CARTESIAN_POINT ( 'NONE',  ( -2.100000000000000089, 0.0000000000000000000, -0.7450000000000009948 ) ) ;
#4194 = CARTESIAN_POINT ( 'NONE',  ( -1.139044309599930083, 0.8900000000000000133, 0.1310849950463950087 ) ) ;
#4195 = VERTEX_POINT ( 'NONE', #2249 ) ;
#4196 = CARTESIAN_POINT ( 'NONE',  ( 1.041666666666666963, 0.0000000000000000000, -2.500000000000000000 ) ) ;
#4197 = DIRECTION ( 'NONE',  ( 0.0000000000000000000, 1.000000000000000000, 0.0000000000000000000 ) ) ;
#4198 = FACE_OUTER_BOUND ( 'NONE', #10813, .T. ) ;
#4199 = VECTOR ( 'NONE', #8832, 1000.000000000000000 ) ;
#4200 = CARTESIAN_POINT ( 'NONE',  ( 2.313333333333333464, 0.0000000000000000000, -1.125000000000000222 ) ) ;
#4201 = CYLINDRICAL_SURFACE ( 'NONE', #8423, 17.35351528269860211 ) ;
#4202 = EDGE_CURVE ( 'NONE', #10719, #6545, #2965, .T. ) ;
#4203 = CARTESIAN_POINT ( 'NONE',  ( 2.100000000000000089, 0.0000000000000000000, -1.713584073464102131 ) ) ;
#4204 = EDGE_LOOP ( 'NONE', ( #10420, #785, #8632, #1058 ) ) ;
#4205 = CARTESIAN_POINT ( 'NONE',  ( 2.500223525886114739, 0.1000000000000000194, 1.375000000000000000 ) ) ;
#4206 = LINE ( 'NONE', #7609, #1350 ) ;
#4207 = DIRECTION ( 'NONE',  ( 0.0000000000000000000, 1.000000000000000000, 0.0000000000000000000 ) ) ;
#4208 = ORIENTED_EDGE ( 'NONE', *, *, #10143, .T. ) ;
#4209 = CARTESIAN_POINT ( 'NONE',  ( -1.182361600948406588, -0.0000000000000000000, -2.112932771566822687 ) ) ;
#4210 = FACE_OUTER_BOUND ( 'NONE', #1015, .T. ) ;
#4211 = CYLINDRICAL_SURFACE ( 'NONE', #4361, 0.1200000000000000927 ) ;
#4212 =( NAMED_UNIT ( * ) PLANE_ANGLE_UNIT ( ) SI_UNIT ( $, .RADIAN. ) );
#4213 = B_SPLINE_SURFACE_WITH_KNOTS ( 'NONE', 3, 1, ( 
 ( #2022, #3700 ),
 ( #905, #16 ),
 ( #7452, #11097 ),
 ( #2915, #6562 ),
 ( #2738, #10207 ),
 ( #1857, #4170 ),
 ( #10437, #9421 ),
 ( #7569, #10260 ),
 ( #4816, #9365 ),
 ( #4874, #8644 ),
 ( #11392, #8701 ) ),
 .UNSPECIFIED., .F., .F., .F.,
 ( 4, 1, 1, 1, 1, 1, 1, 1, 4 ),
 ( 2, 2 ),
 ( 0.0000000000000000000, 0.1250000000000000000, 0.2500000000000000000, 0.3750000000000000000, 0.5000000000000000000, 0.6250000000000000000, 0.7500000000000000000, 0.8750000000000000000, 1.000000000000000000 ),
 ( 0.0000000000000000000, 1.000000000000000000 ),
 .UNSPECIFIED. ) ;
#4214 = CARTESIAN_POINT ( 'NONE',  ( 0.1250000000000000555, 0.1000000000000000194, -2.500052547825884819 ) ) ;
#4215 = CARTESIAN_POINT ( 'NONE',  ( 2.112932771566822687, -0.03000000000000001277, 0.3176383990515933564 ) ) ;
#4216 = EDGE_CURVE ( 'NONE', #3662, #2398, #6677, .T. ) ;
#4217 = PLANE ( 'NONE',  #3270 ) ;
#4218 = ORIENTED_EDGE ( 'NONE', *, *, #10496, .F. ) ;
#4219 = VECTOR ( 'NONE', #1328, 1000.000000000000000 ) ;
#4220 = DIRECTION ( 'NONE',  ( 0.0000000000000000000, 0.0000000000000000000, -1.000000000000000000 ) ) ;
#4221 = VERTEX_POINT ( 'NONE', #4811 ) ;
#4222 = DIRECTION ( 'NONE',  ( -1.000000000000000000, -0.0000000000000000000, 0.0000000000000000000 ) ) ;
#4223 = ORIENTED_EDGE ( 'NONE', *, *, #3705, .F. ) ;
#4224 = ORIENTED_EDGE ( 'NONE', *, *, #8439, .F. ) ;
#4225 = CARTESIAN_POINT ( 'NONE',  ( -1.125000000000000222, 0.1000000000000000056, -2.500105095651770082 ) ) ;
#4226 = CARTESIAN_POINT ( 'NONE',  ( 2.500447051772229923, -0.03000000000000000930, 0.8750000000000000000 ) ) ;
#4227 = DIRECTION ( 'NONE',  ( 0.0000000000000000000, 0.0000000000000000000, -1.000000000000000000 ) ) ;
#4228 = PLANE ( 'NONE',  #5139 ) ;
#4229 = DIRECTION ( 'NONE',  ( 0.0000000000000000000, 0.0000000000000000000, 1.000000000000000000 ) ) ;
#4230 = DIRECTION ( 'NONE',  ( -1.000000000000000000, 0.0000000000000000000, -0.0000000000000000000 ) ) ;
#4231 = ADVANCED_FACE ( 'NONE', ( #480 ), #366, .T. ) ;
#4232 = EDGE_LOOP ( 'NONE', ( #2446, #7459, #8234, #8333 ) ) ;
#4233 = CARTESIAN_POINT ( 'NONE',  ( -1.248333333333333517, 0.0000000000000000000, 2.100000000000000089 ) ) ;
#4234 = ORIENTED_EDGE ( 'NONE', *, *, #2055, .T. ) ;
#4235 = PRESENTATION_LAYER_ASSIGNMENT (  '', '', ( #7477 ) ) ;
#4236 = LINE ( 'NONE', #11507, #2567 ) ;
#4237 = VERTEX_POINT ( 'NONE', #7563 ) ;
#4238 = EDGE_CURVE ( 'NONE', #885, #8089, #10370, .T. ) ;
#4239 = CARTESIAN_POINT ( 'NONE',  ( -1.354625563403949906, 0.9000000000000001332, 0.01392127015290760099 ) ) ;
#4240 = CARTESIAN_POINT ( 'NONE',  ( 2.500000000000000000, 0.0000000000000000000, 0.6250000000000000000 ) ) ;
#4241 = EDGE_CURVE ( 'NONE', #11226, #9870, #1133, .T. ) ;
#4242 = CARTESIAN_POINT ( 'NONE',  ( -2.499999999999999556, 0.9000000000000001332, 0.6250000000000001110 ) ) ;
#4243 = CARTESIAN_POINT ( 'NONE',  ( 1.639653194964890037, 0.8900000000000000133, 0.3083217570670889751 ) ) ;
#4244 = LINE ( 'NONE', #8778, #6673 ) ;
#4245 = EDGE_CURVE ( 'NONE', #4806, #1304, #3987, .T. ) ;
#4246 = DIRECTION ( 'NONE',  ( 1.000000000000000000, 0.0000000000000000000, -0.0000000000000000000 ) ) ;
#4247 = STYLED_ITEM ( 'NONE', ( #1823 ), #2810 ) ;
#4248 = CARTESIAN_POINT ( 'NONE',  ( 2.500000000000000000, 0.0000000000000000000, -0.3750000000000000000 ) ) ;
#4249 = ORIENTED_EDGE ( 'NONE', *, *, #678, .F. ) ;
#4250 = ORIENTED_EDGE ( 'NONE', *, *, #898, .F. ) ;
#4251 = CARTESIAN_POINT ( 'NONE',  ( -1.284324105418200190, 0.9000000000000001332, 0.04581484287409479800 ) ) ;
#4252 = EDGE_LOOP ( 'NONE', ( #8484, #9278, #5143, #1163 ) ) ;
#4253 = CARTESIAN_POINT ( 'NONE',  ( 1.701506374892229889, 0.8899999999999997913, 0.08842112146053691946 ) ) ;
#4254 = EDGE_CURVE ( 'NONE', #2924, #10133, #6732, .T. ) ;
#4255 = DIRECTION ( 'NONE',  ( 0.0000000000000000000, 0.0000000000000000000, 1.000000000000000000 ) ) ;
#4256 = CARTESIAN_POINT ( 'NONE',  ( -1.139044309599930083, 0.8900000000000000133, 0.1310849950463950087 ) ) ;
#4257 = B_SPLINE_CURVE_WITH_KNOTS ( 'NONE', 3,
 ( #2004, #8317, #3008, #5530, #11196, #8258, #10966 ),
 .UNSPECIFIED., .F., .F.,
 ( 4, 1, 1, 1, 4 ),
 ( 0.0000000000000000000, 0.0001818149609193802578, 0.0003636299218387605155, 0.0005454448827581407462, 0.0007272598436775210310 ),
 .UNSPECIFIED. ) ;
#4258 = DIRECTION ( 'NONE',  ( 0.0000000000000000000, -1.000000000000000000, 0.0000000000000000000 ) ) ;
#4259 = CARTESIAN_POINT ( 'NONE',  ( 2.500447051772229923, -0.03000000000000000930, 1.125000000000000222 ) ) ;
#4260 = ADVANCED_FACE ( 'NONE', ( #2474 ), #2362, .F. ) ;
#4261 = DIRECTION ( 'NONE',  ( 0.0000000000000000000, 0.0000000000000000000, -1.000000000000000000 ) ) ;
#4262 = ORIENTED_EDGE ( 'NONE', *, *, #9622, .F. ) ;
#4263 = CARTESIAN_POINT ( 'NONE',  ( -2.157361600948405567, -0.0000000000000000000, -0.1379327715668226262 ) ) ;
#4264 = CARTESIAN_POINT ( 'NONE',  ( 2.188584073464102886, 0.0000000000000000000, -1.374999999999999778 ) ) ;
#4265 = DIRECTION ( 'NONE',  ( -0.0000000000000000000, -1.000000000000000000, -0.0000000000000000000 ) ) ;
#4266 = ORIENTED_EDGE ( 'NONE', *, *, #1237, .T. ) ;
#4267 = CARTESIAN_POINT ( 'NONE',  ( -2.499999999999999556, 0.9000000000000001332, 1.875000000000000444 ) ) ;
#4268 = CARTESIAN_POINT ( 'NONE',  ( -1.362067228433177624, -0.03000000000000001277, -2.157361600948406455 ) ) ;
#4269 = ORIENTED_EDGE ( 'NONE', *, *, #3295, .T. ) ;
#4270 = ORIENTED_EDGE ( 'NONE', *, *, #10187, .T. ) ;
#4271 = CARTESIAN_POINT ( 'NONE',  ( 2.313333333333333464, 0.0000000000000000000, -1.375000000000000000 ) ) ;
#4272 = VERTEX_POINT ( 'NONE', #5170 ) ;
#4273 = EDGE_CURVE ( 'NONE', #151, #4813, #1485, .T. ) ;
#4274 = VERTEX_POINT ( 'NONE', #711 ) ;
#4275 = B_SPLINE_CURVE_WITH_KNOTS ( 'NONE', 3,
 ( #6334, #1810, #4542, #802, #3654, #11639 ),
 .UNSPECIFIED., .F., .F.,
 ( 4, 2, 4 ),
 ( 0.0000000000000000000, 0.5000000000000000000, 1.000000000000000000 ),
 .UNSPECIFIED. ) ;
#4276 = CARTESIAN_POINT ( 'NONE',  ( 0.7603257028750219915, 0.8900000000000000133, 0.3471854962616090501 ) ) ;
#4277 = CARTESIAN_POINT ( 'NONE',  ( -1.245000000000000329, 0.0000000000000000000, -2.100000000000000089 ) ) ;
#4278 = VERTEX_POINT ( 'NONE', #1541 ) ;
#4279 = DIRECTION ( 'NONE',  ( 0.0000000000000000000, 0.0000000000000000000, -1.000000000000000000 ) ) ;
#4280 = CARTESIAN_POINT ( 'NONE',  ( -0.3620672284331775126, -0.03000000000000000930, 2.157361600948406011 ) ) ;
#4281 = LINE ( 'NONE', #718, #10457 ) ;
#4282 = AXIS2_PLACEMENT_3D ( 'NONE', #9122, #962, #1967 ) ;
#4283 = VECTOR ( 'NONE', #4702, 1000.000000000000000 ) ;
#4284 = B_SPLINE_CURVE_WITH_KNOTS ( 'NONE', 3,
 ( #7525, #3656, #2984, #6752 ),
 .UNSPECIFIED., .F., .F.,
 ( 4, 4 ),
 ( 0.0000000000000000000, 1.000000000000000000 ),
 .UNSPECIFIED. ) ;
#4285 = PRESENTATION_STYLE_ASSIGNMENT (( #488 ) ) ;
#4286 = VERTEX_POINT ( 'NONE', #8871 ) ;
#4287 = CARTESIAN_POINT ( 'NONE',  ( 0.5935164915221989856, 0.9000000000000007994, -0.07763663335692740086 ) ) ;
#4288 = VECTOR ( 'NONE', #8203, 1000.000000000000000 ) ;
#4289 = VERTEX_POINT ( 'NONE', #9643 ) ;
#4290 = VECTOR ( 'NONE', #7745, 1000.000000000000000 ) ;
#4291 = CARTESIAN_POINT ( 'NONE',  ( -0.8750000000000000000, -0.03000000000000000583, 2.220000000000000195 ) ) ;
#4292 = EDGE_CURVE ( 'NONE', #3552, #1443, #7076, .T. ) ;
#4293 = EDGE_LOOP ( 'NONE', ( #10434, #6905, #6521, #7966 ) ) ;
#4294 = SURFACE_SIDE_STYLE ('',( #4951 ) ) ;
#4295 = FILL_AREA_STYLE_COLOUR ( '', #927 ) ;
#4296 =( LENGTH_UNIT ( ) NAMED_UNIT ( * ) SI_UNIT ( .MILLI., .METRE. ) );
#4297 = DIRECTION ( 'NONE',  ( -0.0000000000000000000, -1.000000000000000000, -0.0000000000000000000 ) ) ;
#4298 = FILL_AREA_STYLE_COLOUR ( '', #4725 ) ;
#4299 = DIRECTION ( 'NONE',  ( 0.0000000000000000000, 0.0000000000000000000, 1.000000000000000000 ) ) ;
#4300 = CARTESIAN_POINT ( 'NONE',  ( 0.2450000000000010225, -0.03000000000000000583, -2.100000000000000089 ) ) ;
#4301 = VECTOR ( 'NONE', #10573, 1000.000000000000000 ) ;
#4302 = EDGE_CURVE ( 'NONE', #151, #5744, #8811, .T. ) ;
#4303 = ORIENTED_EDGE ( 'NONE', *, *, #11613, .T. ) ;
#4304 = ORIENTED_EDGE ( 'NONE', *, *, #9213, .T. ) ;
#4305 = EDGE_CURVE ( 'NONE', #6188, #4145, #1431, .T. ) ;
#4306 = ORIENTED_EDGE ( 'NONE', *, *, #9261, .F. ) ;
#4307 =( GEOMETRIC_REPRESENTATION_CONTEXT ( 3 ) GLOBAL_UNCERTAINTY_ASSIGNED_CONTEXT ( ( #2103 ) ) GLOBAL_UNIT_ASSIGNED_CONTEXT ( ( #9045, #4212, #1883 ) ) REPRESENTATION_CONTEXT ( 'NONE', 'WORKASPACE' ) );
#4308 = LINE ( 'NONE', #7929, #6676 ) ;
#4309 = AXIS2_PLACEMENT_3D ( 'NONE', #7111, #9857, #1809 ) ;
#4310 = CARTESIAN_POINT ( 'NONE',  ( -2.220000000000000195, 0.1000000000000000056, 0.6250000000000000000 ) ) ;
#4311 = ORIENTED_EDGE ( 'NONE', *, *, #3118, .F. ) ;
#4312 = CYLINDRICAL_SURFACE ( 'NONE', #10261, 0.1199999999999998845 ) ;
#4313 = CARTESIAN_POINT ( 'NONE',  ( 1.119126993600601194, 0.8899999999999999023, -0.1127363267759891041 ) ) ;
#4314 = CARTESIAN_POINT ( 'NONE',  ( 2.500223525886114739, 0.1000000000000000194, -0.8750000000000000000 ) ) ;
#4315 = DIRECTION ( 'NONE',  ( 1.000000000000000000, 0.0000000000000000000, -0.0000000000000000000 ) ) ;
#4316 = AXIS2_PLACEMENT_3D ( 'NONE', #6856, #3154, #5002 ) ;
#4317 = VERTEX_POINT ( 'NONE', #11551 ) ;
#4318 = ADVANCED_FACE ( 'NONE', ( #10604 ), #9761, .T. ) ;
#4319 = CARTESIAN_POINT ( 'NONE',  ( 2.112932771566822687, -0.0000000000000000000, 1.317638399051593856 ) ) ;
#4320 = SURFACE_STYLE_USAGE ( .BOTH. , #634 ) ;
#4321 = CYLINDRICAL_SURFACE ( 'NONE', #2779, 0.1199999999999998845 ) ;
#4322 = ORIENTED_EDGE ( 'NONE', *, *, #5165, .T. ) ;
#4323 = AXIS2_PLACEMENT_3D ( 'NONE', #2944, #7311, #3844 ) ;
#4324 = CARTESIAN_POINT ( 'NONE',  ( 1.616816876927420044, 0.8999999999999991340, 0.1202315587619360027 ) ) ;
#4325 = DIRECTION ( 'NONE',  ( -1.000000000000000000, 0.0000000000000000000, 0.0000000000000000000 ) ) ;
#4326 = DIRECTION ( 'NONE',  ( -1.000000000000000000, -0.0000000000000000000, 0.0000000000000000000 ) ) ;
#4327 = DIRECTION ( 'NONE',  ( 0.0000000000000000000, 0.0000000000000000000, 1.000000000000000000 ) ) ;
#4328 = EDGE_LOOP ( 'NONE', ( #9416, #5382, #9012, #10968 ) ) ;
#4329 = CARTESIAN_POINT ( 'NONE',  ( 2.500447051772229923, -0.03000000000000000930, -1.375000000000000000 ) ) ;
#4330 = ORIENTED_EDGE ( 'NONE', *, *, #7590, .F. ) ;
#4331 = EDGE_CURVE ( 'NONE', #1248, #1641, #8263, .T. ) ;
#4332 =( GEOMETRIC_REPRESENTATION_CONTEXT ( 3 ) GLOBAL_UNCERTAINTY_ASSIGNED_CONTEXT ( ( #9388 ) ) GLOBAL_UNIT_ASSIGNED_CONTEXT ( ( #620, #8895, #5136 ) ) REPRESENTATION_CONTEXT ( 'NONE', 'WORKASPACE' ) );
#4333 = ORIENTED_EDGE ( 'NONE', *, *, #8985, .F. ) ;
#4334 = EDGE_LOOP ( 'NONE', ( #10245, #6370, #11094, #10137, #7422 ) ) ;
#4335 = CARTESIAN_POINT ( 'NONE',  ( 0.3749999999999999445, 0.1000000000000000194, 2.500052547825884819 ) ) ;
#4336 = ORIENTED_EDGE ( 'NONE', *, *, #3332, .F. ) ;
#4337 = CARTESIAN_POINT ( 'NONE',  ( -2.500000000000000000, 0.9000000000000001332, -1.125000000000000222 ) ) ;
#4338 = CARTESIAN_POINT ( 'NONE',  ( -1.133079610878080068, 0.8950000000000001288, -0.1530902940588999006 ) ) ;
#4339 = CARTESIAN_POINT ( 'NONE',  ( -1.125000000000000222, 0.0000000000000000000, 2.500000000000000000 ) ) ;
#4340 = FACE_OUTER_BOUND ( 'NONE', #4407, .T. ) ;
#4341 = DIRECTION ( 'NONE',  ( 0.0000000000000000000, 1.000000000000000000, -0.0000000000000000000 ) ) ;
#4342 = SURFACE_STYLE_USAGE ( .BOTH. , #4398 ) ;
#4343 = ORIENTED_EDGE ( 'NONE', *, *, #1111, .T. ) ;
#4344 = PRESENTATION_LAYER_ASSIGNMENT (  '', '', ( #741 ) ) ;
#4345 = EDGE_CURVE ( 'NONE', #10812, #7305, #6287, .T. ) ;
#4346 = ORIENTED_EDGE ( 'NONE', *, *, #123, .F. ) ;
#4347 = CARTESIAN_POINT ( 'NONE',  ( -2.500447051772229923, -0.03000000000000000930, -0.3750000000000000000 ) ) ;
#4348 = VERTEX_POINT ( 'NONE', #541 ) ;
#4349 = AXIS2_PLACEMENT_3D ( 'NONE', #2495, #845, #5187 ) ;
#4350 = ORIENTED_EDGE ( 'NONE', *, *, #3402, .T. ) ;
#4351 = CARTESIAN_POINT ( 'NONE',  ( -0.2550000000000000044, 0.1000000000000000056, -2.220000000000000195 ) ) ;
#4352 = PLANE ( 'NONE',  #9311 ) ;
#4353 = CARTESIAN_POINT ( 'NONE',  ( -2.100000000000000089, 0.1000000000000000056, -0.2450000000000010225 ) ) ;
#4354 = DIRECTION ( 'NONE',  ( -1.000000000000000000, 0.0000000000000000000, -0.0000000000000000000 ) ) ;
#4355 = LINE ( 'NONE', #2627, #546 ) ;
#4356 = EDGE_LOOP ( 'NONE', ( #4500, #6074, #11699, #5785 ) ) ;
#4357 = ORIENTED_EDGE ( 'NONE', *, *, #6251, .F. ) ;
#4358 = VERTEX_POINT ( 'NONE', #4165 ) ;
#4359 = CARTESIAN_POINT ( 'NONE',  ( -2.500223525886114739, 0.1000000000000000333, 1.875000000000000222 ) ) ;
#4360 = DIRECTION ( 'NONE',  ( -1.000000000000000000, 0.0000000000000000000, 0.0000000000000000000 ) ) ;
#4361 = AXIS2_PLACEMENT_3D ( 'NONE', #10593, #6720, #10422 ) ;
#4362 = ORIENTED_EDGE ( 'NONE', *, *, #8976, .F. ) ;
#4363 = AXIS2_PLACEMENT_3D ( 'NONE', #11570, #10626, #795 ) ;
#4364 = ADVANCED_FACE ( 'NONE', ( #6058 ), #5531, .T. ) ;
#4365 = CARTESIAN_POINT ( 'NONE',  ( 2.500000000000000000, 0.0000000000000000000, -0.4583333333333333148 ) ) ;
#4366 = EDGE_CURVE ( 'NONE', #4539, #2312, #9166, .T. ) ;
#4367 = DIRECTION ( 'NONE',  ( -0.0000000000000000000, -1.000000000000000000, 0.0000000000000000000 ) ) ;
#4368 = CIRCLE ( 'NONE', #776, 0.1499999999999999667 ) ;
#4369 = ORIENTED_EDGE ( 'NONE', *, *, #10119, .F. ) ;
#4370 = B_SPLINE_CURVE_WITH_KNOTS ( 'NONE', 3,
 ( #6606, #11083, #2900, #11201 ),
 .UNSPECIFIED., .F., .F.,
 ( 4, 4 ),
 ( 0.0000000000000000000, 1.000000000000000000 ),
 .UNSPECIFIED. ) ;
#4371 = B_SPLINE_CURVE_WITH_KNOTS ( 'NONE', 3,
 ( #4549, #3421, #926, #9865 ),
 .UNSPECIFIED., .F., .F.,
 ( 4, 4 ),
 ( 0.0000000000000000000, 1.000000000000000000 ),
 .UNSPECIFIED. ) ;
#4372 = PRESENTATION_STYLE_ASSIGNMENT (( #6217 ) ) ;
#4373 = CARTESIAN_POINT ( 'NONE',  ( 0.8750000000000000000, 0.1000000000000000056, 2.500105095651770082 ) ) ;
#4374 = CARTESIAN_POINT ( 'NONE',  ( -1.875000000000000000, -0.03000000000000000583, 2.220000000000000195 ) ) ;
#4375 = VERTEX_POINT ( 'NONE', #10127 ) ;
#4376 = ADVANCED_FACE ( 'NONE', ( #1948 ), #3562, .F. ) ;
#4377 = LINE ( 'NONE', #11653, #2143 ) ;
#4378 = EDGE_CURVE ( 'NONE', #11634, #7274, #6570, .T. ) ;
#4379 = CARTESIAN_POINT ( 'NONE',  ( 0.8750000000000000000, -0.03000000000000000930, 2.500105095651770082 ) ) ;
#4380 = ORIENTED_EDGE ( 'NONE', *, *, #9965, .T. ) ;
#4381 = FACE_OUTER_BOUND ( 'NONE', #194, .T. ) ;
#4382 = DIRECTION ( 'NONE',  ( 0.0000000000000000000, 0.0000000000000000000, -1.000000000000000000 ) ) ;
#4383 = ORIENTED_EDGE ( 'NONE', *, *, #4612, .T. ) ;
#4384 = CARTESIAN_POINT ( 'NONE',  ( -2.500000000000000000, 0.0000000000000000000, -2.291666666666666519 ) ) ;
#4385 = ORIENTED_EDGE ( 'NONE', *, *, #1085, .T. ) ;
#4386 = CARTESIAN_POINT ( 'NONE',  ( -2.188584073464102442, -0.03000000000000000930, -0.3750000000000000555 ) ) ;
#4387 = ORIENTED_EDGE ( 'NONE', *, *, #6367, .F. ) ;
#4388 = DIRECTION ( 'NONE',  ( 0.0000000000000000000, -0.0000000000000000000, -1.000000000000000000 ) ) ;
#4389 = ORIENTED_EDGE ( 'NONE', *, *, #3743, .T. ) ;
#4390 = CARTESIAN_POINT ( 'NONE',  ( 1.206242467781529992, 0.9000000000000001332, -0.2609950194256709932 ) ) ;
#4391 = CARTESIAN_POINT ( 'NONE',  ( 1.125000000000000222, -0.03000000000000000930, -2.500105095651770082 ) ) ;
#4392 = ORIENTED_EDGE ( 'NONE', *, *, #2252, .T. ) ;
#4393 = CARTESIAN_POINT ( 'NONE',  ( 1.422691962381610109, 0.9000000000000001332, -0.06973913874182940953 ) ) ;
#4394 = FACE_OUTER_BOUND ( 'NONE', #9695, .T. ) ;
#4395 = DIRECTION ( 'NONE',  ( 0.0000000000000000000, -1.000000000000000000, -0.0000000000000000000 ) ) ;
#4396 = FILL_AREA_STYLE_COLOUR ( '', #591 ) ;
#4397 = CARTESIAN_POINT ( 'NONE',  ( -1.625000000000000222, 0.0000000000000000000, 2.220000000000000195 ) ) ;
#4398 = SURFACE_SIDE_STYLE ('',( #9893 ) ) ;
#4399 = VERTEX_POINT ( 'NONE', #7196 ) ;
#4400 = EDGE_CURVE ( 'NONE', #9627, #11051, #1003, .T. ) ;
#4401 = CARTESIAN_POINT ( 'NONE',  ( 1.875000000000000444, 0.06666666666666669350, 2.500105095651770082 ) ) ;
#4402 = FILL_AREA_STYLE ('',( #10975 ) ) ;
#4403 = VERTEX_POINT ( 'NONE', #2666 ) ;
#4404 = CARTESIAN_POINT ( 'NONE',  ( -2.220000000000000195, 0.0000000000000000000, -0.3750000000000000000 ) ) ;
#4405 = B_SPLINE_CURVE_WITH_KNOTS ( 'NONE', 3,
 ( #140, #1143, #10027, #4696 ),
 .UNSPECIFIED., .F., .F.,
 ( 4, 4 ),
 ( 0.0000000000000000000, 1.000000000000000000 ),
 .UNSPECIFIED. ) ;
#4406 = ORIENTED_EDGE ( 'NONE', *, *, #3427, .F. ) ;
#4407 = EDGE_LOOP ( 'NONE', ( #1733, #4068, #8912, #10965, #9780, #10140 ) ) ;
#4408 = CARTESIAN_POINT ( 'NONE',  ( 2.406666666666666732, 0.0000000000000000000, 0.6250000000000000000 ) ) ;
#4409 = EDGE_CURVE ( 'NONE', #1144, #1567, #4624, .T. ) ;
#4410 = CARTESIAN_POINT ( 'NONE',  ( 2.500447051772229923, -0.03000000000000000930, -0.3750000000000000555 ) ) ;
#4411 = CARTESIAN_POINT ( 'NONE',  ( 0.3750000000000000000, 0.1000000000000000056, -2.500105095651770082 ) ) ;
#4412 = LINE ( 'NONE', #847, #8302 ) ;
#4413 = VERTEX_POINT ( 'NONE', #3736 ) ;
#4414 = FILL_AREA_STYLE_COLOUR ( '', #6814 ) ;
#4415 = CARTESIAN_POINT ( 'NONE',  ( -1.073640129337579907, 0.9000000000000001332, 0.2119030800701119932 ) ) ;
#4416 = PRESENTATION_LAYER_ASSIGNMENT (  '', '', ( #2894 ) ) ;
#4417 = ORIENTED_EDGE ( 'NONE', *, *, #11778, .F. ) ;
#4418 = ORIENTED_EDGE ( 'NONE', *, *, #6889, .F. ) ;
#4419 = EDGE_LOOP ( 'NONE', ( #9027, #9509, #1680, #1962 ) ) ;
#4420 = EDGE_CURVE ( 'NONE', #6386, #3746, #4712, .T. ) ;
#4421 = CARTESIAN_POINT ( 'NONE',  ( -0.3750000000000000000, 0.0000000000000000000, 2.500000000000000000 ) ) ;
#4422 = FACE_OUTER_BOUND ( 'NONE', #4076, .T. ) ;
#4423 = EDGE_CURVE ( 'NONE', #1821, #6386, #10002, .T. ) ;
#4424 = ORIENTED_EDGE ( 'NONE', *, *, #10732, .T. ) ;
#4425 = DIRECTION ( 'NONE',  ( 0.0000000000000000000, 0.0000000000000000000, 1.000000000000000000 ) ) ;
#4426 =( NAMED_UNIT ( * ) SI_UNIT ( $, .STERADIAN. ) SOLID_ANGLE_UNIT ( ) );
#4427 = FILL_AREA_STYLE_COLOUR ( '', #1517 ) ;
#4428 = CARTESIAN_POINT ( 'NONE',  ( -1.182361600948406366, -0.0000000000000000000, 2.112932771566823131 ) ) ;
#4429 = CARTESIAN_POINT ( 'NONE',  ( -1.637932771566822598, -0.03000000000000000930, -2.157361600948406011 ) ) ;
#4430 = VERTEX_POINT ( 'NONE', #5412 ) ;
#4431 = STYLED_ITEM ( 'NONE', ( #1231 ), #2867 ) ;
#4432 = CARTESIAN_POINT ( 'NONE',  ( -0.1250000000000001110, 0.06666666666666669350, -2.500000000000000000 ) ) ;
#4433 = CARTESIAN_POINT ( 'NONE',  ( -0.1250000000000000000, -0.03000000000000000930, 2.500105095651770082 ) ) ;
#4434 = CARTESIAN_POINT ( 'NONE',  ( 0.6250000000000001110, 0.06666666666666669350, -2.500105095651770082 ) ) ;
#4435 = EDGE_CURVE ( 'NONE', #5068, #8864, #2597, .T. ) ;
#4436 = ORIENTED_EDGE ( 'NONE', *, *, #7044, .F. ) ;
#4437 = CARTESIAN_POINT ( 'NONE',  ( 0.7549999999999993383, 0.0000000000000000000, 2.100000000000000089 ) ) ;
#4438 = DIRECTION ( 'NONE',  ( -0.0000000000000000000, 1.000000000000000000, -0.0000000000000000000 ) ) ;
#4439 = DIRECTION ( 'NONE',  ( 0.0000000000000000000, 0.0000000000000000000, -1.000000000000000000 ) ) ;
#4440 = FILL_AREA_STYLE_COLOUR ( '', #7349 ) ;
#4441 = LINE ( 'NONE', #3551, #3231 ) ;
#4442 = ORIENTED_EDGE ( 'NONE', *, *, #6967, .F. ) ;
#4443 = AXIS2_PLACEMENT_3D ( 'NONE', #5565, #2151, #2929 ) ;
#4444 = ORIENTED_EDGE ( 'NONE', *, *, #10312, .T. ) ;
#4445 = CARTESIAN_POINT ( 'NONE',  ( -0.7483565433187380211, 0.8900000000000000133, -0.05978536405281360822 ) ) ;
#4446 = ORIENTED_EDGE ( 'NONE', *, *, #10136, .T. ) ;
#4447 = CARTESIAN_POINT ( 'NONE',  ( -2.157361600948405567, -0.03000000000000000930, -0.3620672284331773461 ) ) ;
#4448 = CARTESIAN_POINT ( 'NONE',  ( -2.220000000000000195, 0.1000000000000000056, -1.125000000000000222 ) ) ;
#4449 = EDGE_CURVE ( 'NONE', #7998, #11179, #6476, .T. ) ;
#4450 = ORIENTED_EDGE ( 'NONE', *, *, #11508, .F. ) ;
#4451 = CARTESIAN_POINT ( 'NONE',  ( 0.4750702165680489863, 0.8900000000000000133, 0.1642817346680010004 ) ) ;
#4452 = CARTESIAN_POINT ( 'NONE',  ( -0.2281496047916529990, 0.8900000000000000133, 0.3083217570670889751 ) ) ;
#4453 = CARTESIAN_POINT ( 'NONE',  ( -0.6250000000000000000, 0.0000000000000000000, -2.500000000000000000 ) ) ;
#4454 = LINE ( 'NONE', #2728, #8153 ) ;
#4455 = SURFACE_STYLE_FILL_AREA ( #9004 ) ;
#4456 = CARTESIAN_POINT ( 'NONE',  ( -1.669582122333699958, 0.8999999999999911404, 0.3284672642466620052 ) ) ;
#4457 =( NAMED_UNIT ( * ) SI_UNIT ( $, .STERADIAN. ) SOLID_ANGLE_UNIT ( ) );
#4458 = ORIENTED_EDGE ( 'NONE', *, *, #3449, .F. ) ;
#4459 = AXIS2_PLACEMENT_3D ( 'NONE', #9010, #3516, #7148 ) ;
#4460 = UNCERTAINTY_MEASURE_WITH_UNIT (LENGTH_MEASURE( 1.000000000000000082E-05 ), #2544, 'distance_accuracy_value', 'NONE');
#4461 = DIRECTION ( 'NONE',  ( 1.000000000000000000, -0.0000000000000000000, 0.0000000000000000000 ) ) ;
#4462 = ORIENTED_EDGE ( 'NONE', *, *, #7484, .F. ) ;
#4463 = FACE_OUTER_BOUND ( 'NONE', #9193, .T. ) ;
#4464 = EDGE_CURVE ( 'NONE', #2132, #8590, #9981, .T. ) ;
#4465 = ORIENTED_EDGE ( 'NONE', *, *, #9344, .T. ) ;
#4466 = ORIENTED_EDGE ( 'NONE', *, *, #6685, .T. ) ;
#4467 = DIRECTION ( 'NONE',  ( 0.0000000000000000000, 1.000000000000000000, 0.0000000000000000000 ) ) ;
#4468 =( GEOMETRIC_REPRESENTATION_CONTEXT ( 3 ) GLOBAL_UNCERTAINTY_ASSIGNED_CONTEXT ( ( #5048 ) ) GLOBAL_UNIT_ASSIGNED_CONTEXT ( ( #294, #1180, #2172 ) ) REPRESENTATION_CONTEXT ( 'NONE', 'WORKASPACE' ) );
#4469 = CARTESIAN_POINT ( 'NONE',  ( -1.862067228433177846, -0.0000000000000000000, 2.157361600948406455 ) ) ;
#4470 = CARTESIAN_POINT ( 'NONE',  ( 0.5050822880872269938, 0.9000000000000001332, -0.3222321078142260098 ) ) ;
#4471 = LINE ( 'NONE', #5307, #9836 ) ;
#4472 = DIRECTION ( 'NONE',  ( 0.0000000000000000000, 1.000000000000000000, 0.0000000000000000000 ) ) ;
#4473 = SURFACE_SIDE_STYLE ('',( #10685 ) ) ;
#4474 = CARTESIAN_POINT ( 'NONE',  ( 0.2550000000000000044, 0.0000000000000000000, -2.100000000000000089 ) ) ;
#4475 = B_SPLINE_CURVE_WITH_KNOTS ( 'NONE', 3,
 ( #8848, #5147, #7993, #9677 ),
 .UNSPECIFIED., .F., .F.,
 ( 4, 4 ),
 ( 0.0000000000000000000, 1.000000000000000000 ),
 .UNSPECIFIED. ) ;
#4476 = DIRECTION ( 'NONE',  ( 0.0000000000000000000, -0.0000000000000000000, 1.000000000000000000 ) ) ;
#4477 = AXIS2_PLACEMENT_3D ( 'NONE', #8951, #5429, #8890 ) ;
#4478 = VERTEX_POINT ( 'NONE', #1778 ) ;
#4479 = ORIENTED_EDGE ( 'NONE', *, *, #9513, .F. ) ;
#4480 = ORIENTED_EDGE ( 'NONE', *, *, #1765, .T. ) ;
#4481 = CARTESIAN_POINT ( 'NONE',  ( -2.100000000000000089, 0.1000000000000000056, -1.254999999999999893 ) ) ;
#4482 = CARTESIAN_POINT ( 'NONE',  ( 1.875000000000000000, 0.0000000000000000000, -2.220000000000000195 ) ) ;
#4483 = ORIENTED_EDGE ( 'NONE', *, *, #9263, .T. ) ;
#4484 = LINE ( 'NONE', #3415, #4714 ) ;
#4485 = CARTESIAN_POINT ( 'NONE',  ( -2.220000000000000195, 0.0000000000000000000, 0.6250000000000000000 ) ) ;
#4486 = AXIS2_PLACEMENT_3D ( 'NONE', #5153, #635, #4261 ) ;
#4487 = CARTESIAN_POINT ( 'NONE',  ( 2.100000000000000089, 0.0000000000000000000, 1.755000000000000115 ) ) ;
#4488 = FACE_OUTER_BOUND ( 'NONE', #7124, .T. ) ;
#4489 = CARTESIAN_POINT ( 'NONE',  ( -0.8750000000000001110, 0.0000000000000000000, -2.500000000000000000 ) ) ;
#4490 = EDGE_CURVE ( 'NONE', #11475, #1660, #886, .T. ) ;
#4491 = VECTOR ( 'NONE', #4900, 1000.000000000000000 ) ;
#4492 = CARTESIAN_POINT ( 'NONE',  ( 2.100000000000000089, 0.0000000000000000000, -0.2516666666666663166 ) ) ;
#4493 = CARTESIAN_POINT ( 'NONE',  ( -1.754999999999999893, -0.03000000000000000583, 2.100000000000000089 ) ) ;
#4494 = ORIENTED_EDGE ( 'NONE', *, *, #10388, .F. ) ;
#4495 = FACE_OUTER_BOUND ( 'NONE', #10934, .T. ) ;
#4496 = DIRECTION ( 'NONE',  ( 0.0000000000000000000, -0.0000000000000000000, -1.000000000000000000 ) ) ;
#4497 = CARTESIAN_POINT ( 'NONE',  ( 1.349513207137740034, 0.8900000000000000133, -0.3316052058057050167 ) ) ;
#4498 = LINE ( 'NONE', #3438, #6618 ) ;
#4499 = B_SPLINE_CURVE_WITH_KNOTS ( 'NONE', 3,
 ( #3219, #2323, #2201, #5064 ),
 .UNSPECIFIED., .F., .F.,
 ( 4, 4 ),
 ( 0.0000000000000000000, 1.000000000000000000 ),
 .UNSPECIFIED. ) ;
#4500 = ORIENTED_EDGE ( 'NONE', *, *, #3554, .T. ) ;
#4501 = FACE_OUTER_BOUND ( 'NONE', #5609, .T. ) ;
#4502 = EDGE_CURVE ( 'NONE', #8868, #6444, #3620, .T. ) ;
#4503 = VERTEX_POINT ( 'NONE', #10908 ) ;
#4504 = CARTESIAN_POINT ( 'NONE',  ( -2.100000000000000089, -0.03000000000000000583, -0.2549999999999990052 ) ) ;
#4505 = VECTOR ( 'NONE', #7, 1000.000000000000000 ) ;
#4506 = ORIENTED_EDGE ( 'NONE', *, *, #3665, .F. ) ;
#4507 = VERTEX_POINT ( 'NONE', #2784 ) ;
#4508 = DIRECTION ( 'NONE',  ( 0.0000000000000000000, 1.000000000000000000, 0.0000000000000000000 ) ) ;
#4509 = DIRECTION ( 'NONE',  ( 0.0000000000000000000, 0.0000000000000000000, -1.000000000000000000 ) ) ;
#4510 = CARTESIAN_POINT ( 'NONE',  ( 1.395526597277730207, 0.9000000000000001332, -0.2421347249779509936 ) ) ;
#4511 = DIRECTION ( 'NONE',  ( 0.0000000000000000000, -1.000000000000000000, 0.0000000000000000000 ) ) ;
#4512 = CARTESIAN_POINT ( 'NONE',  ( -2.100000000000000089, 0.0000000000000000000, -1.245000000000000329 ) ) ;
#4513 = CARTESIAN_POINT ( 'NONE',  ( -2.500447051772229923, 0.1000000000000000056, -0.7083333333333333703 ) ) ;
#4514 = EDGE_CURVE ( 'NONE', #304, #8596, #892, .T. ) ;
#4515 = LINE ( 'NONE', #7270, #6890 ) ;
#4516 = VERTEX_POINT ( 'NONE', #1892 ) ;
#4517 = VECTOR ( 'NONE', #1534, 1000.000000000000000 ) ;
#4518 = EDGE_CURVE ( 'NONE', #9971, #2132, #5703, .T. ) ;
#4519 = SURFACE_STYLE_USAGE ( .BOTH. , #3573 ) ;
#4520 = VERTEX_POINT ( 'NONE', #415 ) ;
#4521 = B_SPLINE_CURVE_WITH_KNOTS ( 'NONE', 3,
 ( #7765, #631, #11529, #10412, #6095, #10639 ),
 .UNSPECIFIED., .F., .F.,
 ( 4, 2, 4 ),
 ( 0.0000000000000000000, 0.5000000000000000000, 1.000000000000000000 ),
 .UNSPECIFIED. ) ;
#4522 = ORIENTED_EDGE ( 'NONE', *, *, #11781, .F. ) ;
#4523 = VECTOR ( 'NONE', #7286, 1000.000000000000000 ) ;
#4524 = ORIENTED_EDGE ( 'NONE', *, *, #9978, .F. ) ;
#4525 = B_SPLINE_CURVE_WITH_KNOTS ( 'NONE', 3,
 ( #3749, #10318, #195, #10205, #10145, #7450 ),
 .UNSPECIFIED., .F., .F.,
 ( 4, 2, 4 ),
 ( 0.0000000000000000000, 0.5000000000000000000, 1.000000000000000000 ),
 .UNSPECIFIED. ) ;
#4526 = LINE ( 'NONE', #9844, #10276 ) ;
#4527 = CARTESIAN_POINT ( 'NONE',  ( 2.157361600948405567, -0.0000000000000000000, -0.8620672284331774016 ) ) ;
#4528 = PRESENTATION_LAYER_ASSIGNMENT (  '', '', ( #551 ) ) ;
#4529 = FACE_OUTER_BOUND ( 'NONE', #4334, .T. ) ;
#4530 = CARTESIAN_POINT ( 'NONE',  ( -1.375000000000000000, 0.1000000000000000056, 2.220000000000000195 ) ) ;
#4531 = ADVANCED_FACE ( 'NONE', ( #10419 ), #9346, .F. ) ;
#4532 = CARTESIAN_POINT ( 'NONE',  ( 0.01512489307809719921, 0.8900000000000000133, -0.04018706825244849901 ) ) ;
#4533 = DIRECTION ( 'NONE',  ( 0.0000000000000000000, 0.0000000000000000000, 1.000000000000000000 ) ) ;
#4534 = DIRECTION ( 'NONE',  ( 0.0000000000000000000, -1.000000000000000000, 0.0000000000000000000 ) ) ;
#4535 = EDGE_CURVE ( 'NONE', #9222, #4126, #9001, .T. ) ;
#4536 = SURFACE_STYLE_FILL_AREA ( #8037 ) ;
#4537 = VERTEX_POINT ( 'NONE', #5820 ) ;
#4538 = ORIENTED_EDGE ( 'NONE', *, *, #9569, .T. ) ;
#4539 = VERTEX_POINT ( 'NONE', #11319 ) ;
#4540 = CARTESIAN_POINT ( 'NONE',  ( 0.2450000000000010225, 0.0000000000000000000, -2.100000000000000089 ) ) ;
#4541 = DIRECTION ( 'NONE',  ( 0.0000000000000000000, -1.000000000000000000, 0.0000000000000000000 ) ) ;
#4542 = CARTESIAN_POINT ( 'NONE',  ( -2.157361600948405123, -0.03000000000000001277, -0.1379327715668225984 ) ) ;
#4543 = CARTESIAN_POINT ( 'NONE',  ( 2.500000000000000000, 0.9000000000000001332, -1.375000000000000000 ) ) ;
#4544 = CARTESIAN_POINT ( 'NONE',  ( 2.188584073464102442, 0.0000000000000000000, -0.6249999999999997780 ) ) ;
#4545 = VECTOR ( 'NONE', #5460, 1000.000000000000000 ) ;
#4546 = COLOUR_RGB ( '',1.000000000000000000, 1.000000000000000000, 1.000000000000000000 ) ;
#4547 = DIRECTION ( 'NONE',  ( 0.0000000000000000000, 0.0000000000000000000, -1.000000000000000000 ) ) ;
#4548 = EDGE_CURVE ( 'NONE', #2108, #2072, #4735, .T. ) ;
#4549 = CARTESIAN_POINT ( 'NONE',  ( -1.875000000000000000, 0.0000000000000000000, -2.500000000000000000 ) ) ;
#4550 = VECTOR ( 'NONE', #6135, 1000.000000000000000 ) ;
#4551 = ORIENTED_EDGE ( 'NONE', *, *, #6461, .F. ) ;
#4552 = MECHANICAL_DESIGN_GEOMETRIC_PRESENTATION_REPRESENTATION (  '', ( #5127 ), #10658 ) ;
#4553 = FACE_OUTER_BOUND ( 'NONE', #1283, .T. ) ;
#4554 = CARTESIAN_POINT ( 'NONE',  ( -1.875000000000000000, -0.03000000000000000930, -2.188584073464102442 ) ) ;
#4555 = EDGE_LOOP ( 'NONE', ( #9373, #4983, #6933, #3321 ) ) ;
#4556 = LINE ( 'NONE', #2524, #3764 ) ;
#4557 = CARTESIAN_POINT ( 'NONE',  ( 2.220000000000000195, 0.1000000000000000056, -0.3750000000000000000 ) ) ;
#4558 = EDGE_CURVE ( 'NONE', #1038, #3832, #6774, .T. ) ;
#4559 = FACE_OUTER_BOUND ( 'NONE', #6782, .T. ) ;
#4560 = EDGE_CURVE ( 'NONE', #4965, #11693, #9679, .T. ) ;
#4561 = CARTESIAN_POINT ( 'NONE',  ( 1.286415926535898091, -0.03000000000000000930, 2.100000000000000089 ) ) ;
#4562 = VECTOR ( 'NONE', #10927, 1000.000000000000000 ) ;
#4563 = DIRECTION ( 'NONE',  ( 0.0000000000000000000, 1.000000000000000000, 0.0000000000000000000 ) ) ;
#4564 = ORIENTED_EDGE ( 'NONE', *, *, #11090, .T. ) ;
#4565 = AXIS2_PLACEMENT_3D ( 'NONE', #3341, #4299, #6976 ) ;
#4566 = EDGE_LOOP ( 'NONE', ( #4633, #8812, #9026, #6430, #7652 ) ) ;
#4567 = CARTESIAN_POINT ( 'NONE',  ( 2.220000000000000195, -0.03000000000000000930, -0.1250000000000000000 ) ) ;
#4568 = VECTOR ( 'NONE', #2256, 1000.000000000000000 ) ;
#4569 = CARTESIAN_POINT ( 'NONE',  ( -2.220000000000000195, 0.0000000000000000000, 1.375000000000000000 ) ) ;
#4570 = VECTOR ( 'NONE', #8253, 1000.000000000000000 ) ;
#4571 = LINE ( 'NONE', #8202, #1401 ) ;
#4572 = ADVANCED_FACE ( 'NONE', ( #9281 ), #8503, .T. ) ;
#4573 = ADVANCED_FACE ( 'NONE', ( #242 ), #4796, .T. ) ;
#4574 = CARTESIAN_POINT ( 'NONE',  ( 1.245000000000000329, 0.0000000000000000000, 2.100000000000000089 ) ) ;
#4575 = DIRECTION ( 'NONE',  ( -0.0000000000000000000, 1.000000000000000000, -0.0000000000000000000 ) ) ;
#4576 = DIRECTION ( 'NONE',  ( 0.0000000000000000000, 0.0000000000000000000, 1.000000000000000000 ) ) ;
#4577 = CARTESIAN_POINT ( 'NONE',  ( 0.1823616009484060885, -0.03000000000000001277, 2.112932771566823131 ) ) ;
#4578 = CARTESIAN_POINT ( 'NONE',  ( 0.6789106508382921623, 0.8899999999999999023, -0.2161456805470310938 ) ) ;
#4579 = ORIENTED_EDGE ( 'NONE', *, *, #9776, .T. ) ;
#4580 = DIRECTION ( 'NONE',  ( 1.000000000000000000, 0.0000000000000000000, -0.0000000000000000000 ) ) ;
#4581 = ORIENTED_EDGE ( 'NONE', *, *, #8605, .T. ) ;
#4582 = ORIENTED_EDGE ( 'NONE', *, *, #1400, .T. ) ;
#4583 = VERTEX_POINT ( 'NONE', #11139 ) ;
#4584 = PLANE ( 'NONE',  #2102 ) ;
#4585 = CARTESIAN_POINT ( 'NONE',  ( -1.055112477585320008, 0.8900000000000000133, -0.1633154918677859890 ) ) ;
#4586 = FILL_AREA_STYLE_COLOUR ( '', #9914 ) ;
#4587 = CARTESIAN_POINT ( 'NONE',  ( -1.254999999999999893, 0.1000000000000000056, 2.220000000000000195 ) ) ;
#4588 = CARTESIAN_POINT ( 'NONE',  ( -1.254999999999999893, 0.1000000000000000056, -2.220000000000000195 ) ) ;
#4589 = LINE ( 'NONE', #5661, #7419 ) ;
#4590 = CARTESIAN_POINT ( 'NONE',  ( 2.100000000000000089, -0.03000000000000000930, 0.2135840734641029637 ) ) ;
#4591 = CARTESIAN_POINT ( 'NONE',  ( -0.6250000000000000000, -0.03000000000000000583, 2.220000000000000195 ) ) ;
#4592 = ORIENTED_EDGE ( 'NONE', *, *, #7047, .F. ) ;
#4593 = EDGE_CURVE ( 'NONE', #7629, #9268, #7668, .T. ) ;
#4594 = VERTEX_POINT ( 'NONE', #8318 ) ;
#4595 = EDGE_CURVE ( 'NONE', #8590, #5636, #3075, .T. ) ;
#4596 = VECTOR ( 'NONE', #1972, 1000.000000000000000 ) ;
#4597 = VERTEX_POINT ( 'NONE', #3913 ) ;
#4598 = LINE ( 'NONE', #8232, #11357 ) ;
#4599 = B_SPLINE_CURVE_WITH_KNOTS ( 'NONE', 3,
 ( #5679, #2040, #5621, #1989, #8178, #9325 ),
 .UNSPECIFIED., .F., .F.,
 ( 4, 2, 4 ),
 ( 0.0000000000000000000, 0.5000000000000000000, 1.000000000000000000 ),
 .UNSPECIFIED. ) ;
#4600 = CARTESIAN_POINT ( 'NONE',  ( 2.500447051772229923, -0.03000000000000000930, 1.625000000000000444 ) ) ;
#4601 = EDGE_CURVE ( 'NONE', #2978, #4516, #10839, .T. ) ;
#4602 = ORIENTED_EDGE ( 'NONE', *, *, #5984, .F. ) ;
#4603 = CARTESIAN_POINT ( 'NONE',  ( 0.7549999999999997824, -0.03000000000000000583, 2.100000000000000089 ) ) ;
#4604 = PRESENTATION_STYLE_ASSIGNMENT (( #11642 ) ) ;
#4605 =( GEOMETRIC_REPRESENTATION_CONTEXT ( 3 ) GLOBAL_UNCERTAINTY_ASSIGNED_CONTEXT ( ( #11382 ) ) GLOBAL_UNIT_ASSIGNED_CONTEXT ( ( #1480, #6949, #4104 ) ) REPRESENTATION_CONTEXT ( 'NONE', 'WORKASPACE' ) );
#4606 = DIRECTION ( 'NONE',  ( 0.0000000000000000000, 1.000000000000000000, -0.0000000000000000000 ) ) ;
#4607 = ORIENTED_EDGE ( 'NONE', *, *, #2434, .F. ) ;
#4608 = DIRECTION ( 'NONE',  ( 0.0000000000000000000, -0.0000000000000000000, -1.000000000000000000 ) ) ;
#4609 = AXIS2_PLACEMENT_3D ( 'NONE', #2786, #4509, #9228 ) ;
#4610 = CARTESIAN_POINT ( 'NONE',  ( -2.499999999999999556, 0.0000000000000000000, 1.625000000000000222 ) ) ;
#4611 = ORIENTED_EDGE ( 'NONE', *, *, #7678, .T. ) ;
#4612 = EDGE_CURVE ( 'NONE', #34, #7573, #6717, .T. ) ;
#4613 = ORIENTED_EDGE ( 'NONE', *, *, #5985, .F. ) ;
#4614 =( NAMED_UNIT ( * ) SI_UNIT ( $, .STERADIAN. ) SOLID_ANGLE_UNIT ( ) );
#4615 = SURFACE_STYLE_FILL_AREA ( #11776 ) ;
#4616 = CARTESIAN_POINT ( 'NONE',  ( 1.291666666666666741, 0.1000000000000000056, 2.500105095651770082 ) ) ;
#4617 = CARTESIAN_POINT ( 'NONE',  ( -2.500000000000000000, 0.0000000000000000000, -0.1250000000000000555 ) ) ;
#4618 = FACE_OUTER_BOUND ( 'NONE', #531, .T. ) ;
#4619 = CARTESIAN_POINT ( 'NONE',  ( 2.220000000000000195, 0.0000000000000000000, 1.125000000000000222 ) ) ;
#4620 = ORIENTED_EDGE ( 'NONE', *, *, #4779, .F. ) ;
#4621 = EDGE_CURVE ( 'NONE', #3746, #10686, #3586, .T. ) ;
#4622 = CARTESIAN_POINT ( 'NONE',  ( -1.458333333333333481, 0.0000000000000000000, -2.500000000000000000 ) ) ;
#4623 = FACE_OUTER_BOUND ( 'NONE', #8378, .T. ) ;
#4624 = LINE ( 'NONE', #1834, #8286 ) ;
#4625 = CARTESIAN_POINT ( 'NONE',  ( 2.220000000000000195, -0.03000000000000000583, 1.375000000000000000 ) ) ;
#4626 = DIRECTION ( 'NONE',  ( 0.0000000000000000000, 0.0000000000000000000, -1.000000000000000000 ) ) ;
#4627 = DIRECTION ( 'NONE',  ( 0.0000000000000000000, -0.0000000000000000000, 1.000000000000000000 ) ) ;
#4628 = ORIENTED_EDGE ( 'NONE', *, *, #5081, .F. ) ;
#4629 = ADVANCED_FACE ( 'NONE', ( #11424 ), #6831, .F. ) ;
#4630 = ADVANCED_FACE ( 'NONE', ( #1525 ), #2522, .F. ) ;
#4631 = VERTEX_POINT ( 'NONE', #1471 ) ;
#4632 = ORIENTED_EDGE ( 'NONE', *, *, #11582, .T. ) ;
#4633 = ORIENTED_EDGE ( 'NONE', *, *, #6367, .T. ) ;
#4634 = FILL_AREA_STYLE_COLOUR ( '', #8274 ) ;
#4635 = CARTESIAN_POINT ( 'NONE',  ( 0.6250000000000000000, -0.03000000000000000583, 2.220000000000000195 ) ) ;
#4636 = FILL_AREA_STYLE ('',( #10926 ) ) ;
#4637 =( NAMED_UNIT ( * ) SI_UNIT ( $, .STERADIAN. ) SOLID_ANGLE_UNIT ( ) );
#4638 = CARTESIAN_POINT ( 'NONE',  ( 0.5564774963275481712, 0.9000000000000000222, -0.2091803055430035974 ) ) ;
#4639 = PRESENTATION_LAYER_ASSIGNMENT (  '', '', ( #9602 ) ) ;
#4640 = CARTESIAN_POINT ( 'NONE',  ( 0.6250000000000001110, 0.06666666666666669350, 2.500000000000000000 ) ) ;
#4641 = DIRECTION ( 'NONE',  ( -1.000000000000000000, 0.0000000000000000000, -0.0000000000000000000 ) ) ;
#4642 = ORIENTED_EDGE ( 'NONE', *, *, #347, .T. ) ;
#4643 = B_SPLINE_CURVE_WITH_KNOTS ( 'NONE', 3,
 ( #2715, #642, #7002, #10768, #6291, #9046 ),
 .UNSPECIFIED., .F., .F.,
 ( 4, 2, 4 ),
 ( 0.0000000000000000000, 0.5000000000000000000, 1.000000000000000000 ),
 .UNSPECIFIED. ) ;
#4644 = CARTESIAN_POINT ( 'NONE',  ( -0.1250000000000000555, 0.1000000000000000194, -2.500052547825884819 ) ) ;
#4645 = CARTESIAN_POINT ( 'NONE',  ( -1.885473175945169944, 0.8899999999999991251, 0.2992137922188750077 ) ) ;
#4646 = ORIENTED_EDGE ( 'NONE', *, *, #3055, .F. ) ;
#4647 = ADVANCED_FACE ( 'NONE', ( #4982 ), #8737, .F. ) ;
#4648 = ORIENTED_EDGE ( 'NONE', *, *, #4331, .T. ) ;
#4649 = CARTESIAN_POINT ( 'NONE',  ( 2.500447051772229923, 0.1000000000000000056, -0.7916666666666666297 ) ) ;
#4650 = CARTESIAN_POINT ( 'NONE',  ( 1.750000000000000000, -0.03000000000000000236, -1.750000000000000000 ) ) ;
#4651 = EDGE_LOOP ( 'NONE', ( #8489, #990, #8469, #5686 ) ) ;
#4652 = DIRECTION ( 'NONE',  ( -1.000000000000000000, 0.0000000000000000000, 0.0000000000000000000 ) ) ;
#4653 = CARTESIAN_POINT ( 'NONE',  ( 0.5050822880872269938, 0.8900000000000000133, -0.3222321078142260098 ) ) ;
#4654 = CARTESIAN_POINT ( 'NONE',  ( -2.112932771566821799, -0.03000000000000000930, 0.3176383990515933009 ) ) ;
#4655 = ORIENTED_EDGE ( 'NONE', *, *, #8781, .F. ) ;
#4656 = CARTESIAN_POINT ( 'NONE',  ( 2.500000000000000000, 0.0000000000000000000, -1.625000000000000222 ) ) ;
#4657 = ADVANCED_FACE ( 'NONE', ( #3307 ), #10589, .T. ) ;
#4658 = AXIS2_PLACEMENT_3D ( 'NONE', #5900, #6557, #10199 ) ;
#4659 = CARTESIAN_POINT ( 'NONE',  ( -1.150359397269010042, 0.9000000000000005773, -0.3554240631100160641 ) ) ;
#4660 = ADVANCED_FACE ( 'NONE', ( #2401 ), #9685, .F. ) ;
#4661 = ORIENTED_EDGE ( 'NONE', *, *, #4019, .T. ) ;
#4662 = CARTESIAN_POINT ( 'NONE',  ( 2.188584073464102886, -0.03000000000000000930, -1.125000000000000444 ) ) ;
#4663 = STYLED_ITEM ( 'NONE', ( #3838 ), #4825 ) ;
#4664 = FACE_OUTER_BOUND ( 'NONE', #4232, .T. ) ;
#4665 = EDGE_LOOP ( 'NONE', ( #1763, #1817, #2048, #1068 ) ) ;
#4666 = ORIENTED_EDGE ( 'NONE', *, *, #1852, .F. ) ;
#4667 = CARTESIAN_POINT ( 'NONE',  ( -2.100000000000000089, -0.03000000000000000583, 1.254999999999999893 ) ) ;
#4668 = CARTESIAN_POINT ( 'NONE',  ( 1.245000000000000329, -0.03000000000000000236, -2.220000000000000195 ) ) ;
#4669 = FILL_AREA_STYLE ('',( #8372 ) ) ;
#4670 = CARTESIAN_POINT ( 'NONE',  ( -0.8750000000000000000, 0.0000000000000000000, -2.188584073464102442 ) ) ;
#4671 = CARTESIAN_POINT ( 'NONE',  ( 0.0000000000000000000, 0.8900000000000000133, 0.0000000000000000000 ) ) ;
#4672 = PRESENTATION_LAYER_ASSIGNMENT (  '', '', ( #8873 ) ) ;
#4673 = B_SPLINE_CURVE_WITH_KNOTS ( 'NONE', 3,
 ( #5583, #7318, #4795, #7490, #8382, #6543, #9403, #3851, #1062, #295, #1118 ),
 .UNSPECIFIED., .F., .F.,
 ( 4, 1, 1, 1, 1, 1, 1, 1, 4 ),
 ( 0.0000000000000000000, 0.0001229825875914713248, 0.0002459651751829426496, 0.0003689477627744139473, 0.0004919303503658852992, 0.0006149129379573566511, 0.0007378955255488278946, 0.0008608781131402992465, 0.0009838607007317705985 ),
 .UNSPECIFIED. ) ;
#4674 = EDGE_CURVE ( 'NONE', #4413, #8998, #10646, .T. ) ;
#4675 = ORIENTED_EDGE ( 'NONE', *, *, #3960, .F. ) ;
#4676 = CARTESIAN_POINT ( 'NONE',  ( 1.625000000000000444, -0.03000000000000000930, -2.500105095651770082 ) ) ;
#4677 = CARTESIAN_POINT ( 'NONE',  ( -2.500000000000000000, 0.9000000000000001332, -1.875000000000000000 ) ) ;
#4678 = VECTOR ( 'NONE', #1205, 1000.000000000000000 ) ;
#4679 = CARTESIAN_POINT ( 'NONE',  ( 2.100000000000000089, -0.03000000000000000583, 1.745000000000000329 ) ) ;
#4680 = CARTESIAN_POINT ( 'NONE',  ( 2.100000000000000089, 0.1000000000000000056, 1.745000000000000329 ) ) ;
#4681 = FACE_OUTER_BOUND ( 'NONE', #1391, .T. ) ;
#4682 = CARTESIAN_POINT ( 'NONE',  ( -0.3750000000000000000, 0.1000000000000000056, -2.500105095651770082 ) ) ;
#4683 = DIRECTION ( 'NONE',  ( -1.000000000000000000, 0.0000000000000000000, -0.0000000000000000000 ) ) ;
#4684 = ADVANCED_FACE ( 'NONE', ( #9747 ), #4321, .T. ) ;
#4685 = DIRECTION ( 'NONE',  ( 1.000000000000000000, 0.0000000000000000000, -0.0000000000000000000 ) ) ;
#4686 = DIRECTION ( 'NONE',  ( 0.0000000000000000000, 1.000000000000000000, 0.0000000000000000000 ) ) ;
#4687 = EDGE_LOOP ( 'NONE', ( #11214, #1935, #7656, #1899, #8527, #503 ) ) ;
#4688 = ORIENTED_EDGE ( 'NONE', *, *, #11341, .F. ) ;
#4689 = ORIENTED_EDGE ( 'NONE', *, *, #10366, .T. ) ;
#4690 = B_SPLINE_CURVE_WITH_KNOTS ( 'NONE', 3,
 ( #8572, #5827, #2180, #9468, #1311, #2237 ),
 .UNSPECIFIED., .F., .F.,
 ( 4, 2, 4 ),
 ( 0.0000000000000000000, 0.5000000000000000000, 1.000000000000000000 ),
 .UNSPECIFIED. ) ;
#4691 =( NAMED_UNIT ( * ) SI_UNIT ( $, .STERADIAN. ) SOLID_ANGLE_UNIT ( ) );
#4692 = CARTESIAN_POINT ( 'NONE',  ( 2.220000000000000195, 0.0000000000000000000, -0.8750000000000001110 ) ) ;
#4693 = AXIS2_PLACEMENT_3D ( 'NONE', #5027, #8556, #7764 ) ;
#4694 = CARTESIAN_POINT ( 'NONE',  ( -0.1823616009484061162, -0.0000000000000000000, 2.112932771566823131 ) ) ;
#4695 = CARTESIAN_POINT ( 'NONE',  ( 1.537827266784729918, 0.8900000000000000133, 0.3083217570670889751 ) ) ;
#4696 = CARTESIAN_POINT ( 'NONE',  ( -1.375000000000000000, 0.0000000000000000000, 2.220000000000000195 ) ) ;
#4697 = EDGE_CURVE ( 'NONE', #3621, #8993, #11135, .T. ) ;
#4698 = EDGE_LOOP ( 'NONE', ( #5426, #10662, #7576, #4185 ) ) ;
#4699 = CARTESIAN_POINT ( 'NONE',  ( -1.669582122333699958, 0.8900000000000000133, 0.3284672642466620052 ) ) ;
#4700 = ORIENTED_EDGE ( 'NONE', *, *, #9982, .T. ) ;
#4701 = ORIENTED_EDGE ( 'NONE', *, *, #9068, .F. ) ;
#4702 = DIRECTION ( 'NONE',  ( 1.000000000000000000, 0.0000000000000000000, -0.0000000000000000000 ) ) ;
#4703 = ORIENTED_EDGE ( 'NONE', *, *, #11381, .F. ) ;
#4704 = CARTESIAN_POINT ( 'NONE',  ( 2.100000000000000089, 0.1000000000000000056, 0.2450000000000010780 ) ) ;
#4705 = LINE ( 'NONE', #8291, #5718 ) ;
#4706 = CARTESIAN_POINT ( 'NONE',  ( -1.125000000000000222, 0.1000000000000000194, -2.500052547825884819 ) ) ;
#4707 = CARTESIAN_POINT ( 'NONE',  ( 1.537827266784729918, 0.8900000000000000133, 0.3083217570670889751 ) ) ;
#4708 = FACE_OUTER_BOUND ( 'NONE', #10449, .T. ) ;
#4709 = DIRECTION ( 'NONE',  ( 1.000000000000000000, -0.0000000000000000000, 0.0000000000000000000 ) ) ;
#4710 = EDGE_CURVE ( 'NONE', #1618, #10868, #4014, .T. ) ;
#4711 = ORIENTED_EDGE ( 'NONE', *, *, #8991, .F. ) ;
#4712 = B_SPLINE_CURVE_WITH_KNOTS ( 'NONE', 3,
 ( #10847, #2722, #8997, #10967 ),
 .UNSPECIFIED., .F., .F.,
 ( 4, 4 ),
 ( 0.0000000000000000000, 1.000000000000000000 ),
 .UNSPECIFIED. ) ;
#4713 = CARTESIAN_POINT ( 'NONE',  ( 2.220000000000000195, 0.0000000000000000000, 1.625000000000000222 ) ) ;
#4714 = VECTOR ( 'NONE', #6987, 1000.000000000000000 ) ;
#4715 = B_SPLINE_CURVE_WITH_KNOTS ( 'NONE', 3,
 ( #2286, #1409, #10520, #2342 ),
 .UNSPECIFIED., .F., .F.,
 ( 4, 4 ),
 ( 0.0000000000000000000, 1.000000000000000000 ),
 .UNSPECIFIED. ) ;
#4716 = UNCERTAINTY_MEASURE_WITH_UNIT (LENGTH_MEASURE( 1.000000000000000082E-05 ), #9362, 'distance_accuracy_value', 'NONE');
#4717 = VERTEX_POINT ( 'NONE', #694 ) ;
#4718 = EDGE_CURVE ( 'NONE', #2584, #7208, #8696, .T. ) ;
#4719 = CARTESIAN_POINT ( 'NONE',  ( 2.220000000000000195, -0.03000000000000000583, -1.125000000000000222 ) ) ;
#4720 = DIRECTION ( 'NONE',  ( 1.000000000000000000, 0.0000000000000000000, -0.0000000000000000000 ) ) ;
#4721 = ORIENTED_EDGE ( 'NONE', *, *, #696, .T. ) ;
#4722 = ORIENTED_EDGE ( 'NONE', *, *, #4245, .F. ) ;
#4723 = DIRECTION ( 'NONE',  ( 0.2549369136994391605, 0.0000000000000000000, 0.9669576878195884628 ) ) ;
#4724 = LINE ( 'NONE', #5873, #1782 ) ;
#4725 = COLOUR_RGB ( '',1.000000000000000000, 1.000000000000000000, 1.000000000000000000 ) ;
#4726 = CYLINDRICAL_SURFACE ( 'NONE', #7553, 0.1200000000000000927 ) ;
#4727 = EDGE_CURVE ( 'NONE', #3930, #6298, #3856, .T. ) ;
#4728 = DIRECTION ( 'NONE',  ( -1.000000000000000000, 0.0000000000000000000, -0.0000000000000000000 ) ) ;
#4729 = CARTESIAN_POINT ( 'NONE',  ( 2.188584073464102442, -0.03000000000000000930, -0.1250000000000000278 ) ) ;
#4730 = PRESENTATION_LAYER_ASSIGNMENT (  '', '', ( #6658 ) ) ;
#4731 = AXIS2_PLACEMENT_3D ( 'NONE', #472, #10360, #9352 ) ;
#4732 = ORIENTED_EDGE ( 'NONE', *, *, #11473, .T. ) ;
#4733 = EDGE_CURVE ( 'NONE', #4810, #4992, #11773, .T. ) ;
#4734 = ADVANCED_FACE ( 'NONE', ( #5337 ), #7123, .T. ) ;
#4735 = LINE ( 'NONE', #3973, #3922 ) ;
#4736 = DIRECTION ( 'NONE',  ( -0.0000000000000000000, -1.000000000000000000, -0.0000000000000000000 ) ) ;
#4737 = DIRECTION ( 'NONE',  ( 0.0000000000000000000, 0.0000000000000000000, 1.000000000000000000 ) ) ;
#4738 = FILL_AREA_STYLE_COLOUR ( '', #6768 ) ;
#4739 = ADVANCED_FACE ( 'NONE', ( #5512 ), #8915, .T. ) ;
#4740 = AXIS2_PLACEMENT_3D ( 'NONE', #1422, #1529, #8798 ) ;
#4741 = CARTESIAN_POINT ( 'NONE',  ( -2.499999999999999556, 0.0000000000000000000, 0.1250000000000000555 ) ) ;
#4742 = FILL_AREA_STYLE_COLOUR ( '', #7016 ) ;
#4743 = VECTOR ( 'NONE', #11180, 1000.000000000000000 ) ;
#4744 = DIRECTION ( 'NONE',  ( 0.0000000000000000000, 0.0000000000000000000, 1.000000000000000000 ) ) ;
#4745 = EDGE_LOOP ( 'NONE', ( #7956, #853, #11436, #10063 ) ) ;
#4746 = PRESENTATION_LAYER_ASSIGNMENT (  '', '', ( #11054 ) ) ;
#4747 = CARTESIAN_POINT ( 'NONE',  ( -0.1250000000000000000, 0.0000000000000000000, 2.220000000000000195 ) ) ;
#4748 = PRESENTATION_LAYER_ASSIGNMENT (  '', '', ( #3049 ) ) ;
#4749 = EDGE_LOOP ( 'NONE', ( #6970, #8904, #368, #7684 ) ) ;
#4750 = STYLED_ITEM ( 'NONE', ( #8497 ), #10599 ) ;
#4751 = CARTESIAN_POINT ( 'NONE',  ( 0.5935164915221989856, 0.8900000000000000133, -0.07763663335692740086 ) ) ;
#4752 = ORIENTED_EDGE ( 'NONE', *, *, #4780, .T. ) ;
#4753 = EDGE_LOOP ( 'NONE', ( #2723, #5938, #5241, #4369 ) ) ;
#4754 = CARTESIAN_POINT ( 'NONE',  ( -1.336027312921189925, 0.8900000000000000133, 0.2945075235477669917 ) ) ;
#4755 = EDGE_CURVE ( 'NONE', #2680, #1361, #10764, .T. ) ;
#4756 = DIRECTION ( 'NONE',  ( 1.000000000000000000, 0.0000000000000000000, -0.0000000000000000000 ) ) ;
#4757 = CARTESIAN_POINT ( 'NONE',  ( 2.157361600948406011, -0.0000000000000000000, -1.862067228433177846 ) ) ;
#4758 = DIRECTION ( 'NONE',  ( -0.0000000000000000000, -1.000000000000000000, -0.0000000000000000000 ) ) ;
#4759 = CARTESIAN_POINT ( 'NONE',  ( -1.977494503307630103, 0.8900000000000000133, 0.1941246698585440134 ) ) ;
#4760 = ORIENTED_EDGE ( 'NONE', *, *, #7013, .F. ) ;
#4761 = CARTESIAN_POINT ( 'NONE',  ( -1.672867242938439913, 0.9000000000000001332, -0.2200943834478049921 ) ) ;
#4762 = ORIENTED_EDGE ( 'NONE', *, *, #4888, .F. ) ;
#4763 = VERTEX_POINT ( 'NONE', #6465 ) ;
#4764 = EDGE_CURVE ( 'NONE', #7260, #2398, #9039, .T. ) ;
#4765 = CARTESIAN_POINT ( 'NONE',  ( 0.6397158791221559948, 0.8900000000000000133, -0.1806358873683099886 ) ) ;
#4766 = VERTEX_POINT ( 'NONE', #1635 ) ;
#4767 = LINE ( 'NONE', #4704, #3667 ) ;
#4768 = CARTESIAN_POINT ( 'NONE',  ( -2.500000000000000000, 0.9000000000000001332, -0.3749999999999998890 ) ) ;
#4769 = CARTESIAN_POINT ( 'NONE',  ( -2.100000000000000089, -0.03000000000000000583, -0.7450000000000009948 ) ) ;
#4770 = CARTESIAN_POINT ( 'NONE',  ( -2.100000000000000089, 0.0000000000000000000, 0.2450000000000010225 ) ) ;
#4771 = DIRECTION ( 'NONE',  ( 0.0000000000000000000, 0.0000000000000000000, 1.000000000000000000 ) ) ;
#4772 = CARTESIAN_POINT ( 'NONE',  ( 1.625000000000000222, 0.0000000000000000000, -2.500000000000000000 ) ) ;
#4773 = EDGE_LOOP ( 'NONE', ( #1609, #9721, #6701, #4444 ) ) ;
#4774 = B_SPLINE_CURVE_WITH_KNOTS ( 'NONE', 3,
 ( #2304, #8575, #1373, #3083, #4045, #11432 ),
 .UNSPECIFIED., .F., .F.,
 ( 4, 2, 4 ),
 ( 0.0000000000000000000, 0.5000000000000000000, 1.000000000000000000 ),
 .UNSPECIFIED. ) ;
#4775 = SURFACE_STYLE_FILL_AREA ( #3170 ) ;
#4776 = CARTESIAN_POINT ( 'NONE',  ( 2.100000000000000533, 0.0000000000000000000, 1.213584073464102131 ) ) ;
#4777 = PRESENTATION_LAYER_ASSIGNMENT (  '', '', ( #9554 ) ) ;
#4778 = VERTEX_POINT ( 'NONE', #1819 ) ;
#4779 = EDGE_CURVE ( 'NONE', #1144, #8592, #9153, .T. ) ;
#4780 = EDGE_CURVE ( 'NONE', #4094, #10215, #1459, .T. ) ;
#4781 = LINE ( 'NONE', #8428, #8550 ) ;
#4782 = PLANE ( 'NONE',  #8486 ) ;
#4783 = CARTESIAN_POINT ( 'NONE',  ( -1.625000000000000222, 0.0000000000000000000, -2.406666666666666732 ) ) ;
#4784 = ORIENTED_EDGE ( 'NONE', *, *, #3143, .T. ) ;
#4785 = CARTESIAN_POINT ( 'NONE',  ( 0.3154900787141289853, 0.9000000000000001332, -0.3316052058057050167 ) ) ;
#4786 = CARTESIAN_POINT ( 'NONE',  ( -1.749999999999999778, -0.03000000000000000236, 1.750000000000000000 ) ) ;
#4787 = VECTOR ( 'NONE', #9006, 1000.000000000000000 ) ;
#4788 = CARTESIAN_POINT ( 'NONE',  ( -2.220000000000000195, -0.03000000000000000236, -1.745000000000000329 ) ) ;
#4789 = CARTESIAN_POINT ( 'NONE',  ( 1.125000000000000222, -0.03000000000000000930, -2.500105095651770082 ) ) ;
#4790 = CARTESIAN_POINT ( 'NONE',  ( 2.188584073464102442, -0.03000000000000000930, -1.375000000000000444 ) ) ;
#4791 = FACE_OUTER_BOUND ( 'NONE', #9850, .T. ) ;
#4792 = VERTEX_POINT ( 'NONE', #8055 ) ;
#4793 = VECTOR ( 'NONE', #7959, 1000.000000000000000 ) ;
#4794 = EDGE_CURVE ( 'NONE', #5871, #8690, #4135, .T. ) ;
#4795 = CARTESIAN_POINT ( 'NONE',  ( -1.578553151628609985, 0.8999999999999993561, -0.2121918246879440084 ) ) ;
#4796 = PLANE ( 'NONE',  #322 ) ;
#4797 = VERTEX_POINT ( 'NONE', #4610 ) ;
#4798 = LINE ( 'NONE', #3916, #8025 ) ;
#4799 = B_SPLINE_CURVE_WITH_KNOTS ( 'NONE', 3,
 ( #4619, #11786, #9940, #1775 ),
 .UNSPECIFIED., .F., .F.,
 ( 4, 4 ),
 ( 0.0000000000000000000, 1.000000000000000000 ),
 .UNSPECIFIED. ) ;
#4800 = PLANE ( 'NONE',  #11722 ) ;
#4801 = CARTESIAN_POINT ( 'NONE',  ( -0.6823616009484061440, -0.03000000000000000930, 2.112932771566822687 ) ) ;
#4802 = CARTESIAN_POINT ( 'NONE',  ( -2.500223525886114739, 0.1000000000000000194, -0.3749999999999999445 ) ) ;
#4803 =( LENGTH_UNIT ( ) NAMED_UNIT ( * ) SI_UNIT ( .MILLI., .METRE. ) );
#4804 = MECHANICAL_DESIGN_GEOMETRIC_PRESENTATION_REPRESENTATION (  '', ( #830 ), #3302 ) ;
#4805 = CARTESIAN_POINT ( 'NONE',  ( -1.625000000000000222, 0.06666666666666669350, 2.500105095651770082 ) ) ;
#4806 = VERTEX_POINT ( 'NONE', #9931 ) ;
#4807 = EDGE_CURVE ( 'NONE', #523, #946, #10969, .T. ) ;
#4808 = UNCERTAINTY_MEASURE_WITH_UNIT (LENGTH_MEASURE( 1.000000000000000082E-05 ), #1798, 'distance_accuracy_value', 'NONE');
#4809 = ADVANCED_FACE ( 'NONE', ( #871 ), #2768, .F. ) ;
#4810 = VERTEX_POINT ( 'NONE', #7421 ) ;
#4811 = CARTESIAN_POINT ( 'NONE',  ( 0.3154900787141289853, 0.9000000000000001332, -0.04018706825244849901 ) ) ;
#4812 = VERTEX_POINT ( 'NONE', #10112 ) ;
#4813 = VERTEX_POINT ( 'NONE', #11307 ) ;
#4814 = LINE ( 'NONE', #2075, #2761 ) ;
#4815 = DIRECTION ( 'NONE',  ( -0.0000000000000000000, -1.000000000000000000, -0.0000000000000000000 ) ) ;
#4816 = CARTESIAN_POINT ( 'NONE',  ( -1.668613946857949948, 0.8900000000000000133, 0.2384770468886940054 ) ) ;
#4817 = CARTESIAN_POINT ( 'NONE',  ( -2.500223525886114739, 0.1000000000000000194, -1.125000000000000222 ) ) ;
#4818 = CARTESIAN_POINT ( 'NONE',  ( 1.085218694284969976, 0.9000000000000001332, -0.1930906830987236256 ) ) ;
#4819 = CARTESIAN_POINT ( 'NONE',  ( 1.375000000000000222, -0.03000000000000000930, -2.500105095651770082 ) ) ;
#4820 = CARTESIAN_POINT ( 'NONE',  ( 0.7450000000000009948, 0.1000000000000000056, 2.100000000000000089 ) ) ;
#4821 = VERTEX_POINT ( 'NONE', #8547 ) ;
#4822 = B_SPLINE_CURVE_WITH_KNOTS ( 'NONE', 3,
 ( #6945, #2462, #9690, #2407 ),
 .UNSPECIFIED., .F., .F.,
 ( 4, 4 ),
 ( 0.0000000000000000000, 1.000000000000000000 ),
 .UNSPECIFIED. ) ;
#4823 =( NAMED_UNIT ( * ) PLANE_ANGLE_UNIT ( ) SI_UNIT ( $, .RADIAN. ) );
#4824 = ORIENTED_EDGE ( 'NONE', *, *, #8822, .T. ) ;
#4825 = ADVANCED_FACE ( 'NONE', ( #8487 ), #4782, .T. ) ;
#4826 = ORIENTED_EDGE ( 'NONE', *, *, #3295, .F. ) ;
#4827 = CARTESIAN_POINT ( 'NONE',  ( 0.7364273885132770481, 0.9000000000000001332, -0.2532120226042439692 ) ) ;
#4828 = VERTEX_POINT ( 'NONE', #9211 ) ;
#4829 = VECTOR ( 'NONE', #9956, 1000.000000000000000 ) ;
#4830 = DIRECTION ( 'NONE',  ( 0.0000000000000000000, 0.0000000000000000000, 1.000000000000000000 ) ) ;
#4831 = FACE_OUTER_BOUND ( 'NONE', #4204, .T. ) ;
#4832 = CARTESIAN_POINT ( 'NONE',  ( -0.1250000000000000000, -0.03000000000000000583, 2.220000000000000195 ) ) ;
#4833 = CARTESIAN_POINT ( 'NONE',  ( -2.112932771566822687, -0.0000000000000000000, 0.8176383990515936340 ) ) ;
#4834 = LINE ( 'NONE', #8478, #3221 ) ;
#4835 = EDGE_LOOP ( 'NONE', ( #11174, #2631, #5075, #7317 ) ) ;
#4836 = PLANE ( 'NONE',  #3963 ) ;
#4837 = CARTESIAN_POINT ( 'NONE',  ( -2.500223525886114739, 0.1000000000000000194, -0.3749999999999999445 ) ) ;
#4838 = VECTOR ( 'NONE', #6555, 1000.000000000000000 ) ;
#4839 = ORIENTED_EDGE ( 'NONE', *, *, #4046, .F. ) ;
#4840 = ORIENTED_EDGE ( 'NONE', *, *, #9547, .T. ) ;
#4841 = CARTESIAN_POINT ( 'NONE',  ( 2.220000000000000195, 0.0000000000000000000, -1.125000000000000222 ) ) ;
#4842 = CARTESIAN_POINT ( 'NONE',  ( 2.157361600948405123, -0.03000000000000001277, 0.6379327715668228205 ) ) ;
#4843 = ORIENTED_EDGE ( 'NONE', *, *, #8538, .T. ) ;
#4844 = CARTESIAN_POINT ( 'NONE',  ( -1.378043711359129952, 0.8999999999999989120, -0.03388417220688030168 ) ) ;
#4845 = CARTESIAN_POINT ( 'NONE',  ( -1.354625563403949906, 0.8899999999999999023, 0.01392127015290760099 ) ) ;
#4846 = DIRECTION ( 'NONE',  ( 0.0000000000000000000, 1.000000000000000000, 0.0000000000000000000 ) ) ;
#4847 = PRESENTATION_STYLE_ASSIGNMENT (( #1110 ) ) ;
#4848 = ADVANCED_FACE ( 'NONE', ( #4664 ), #8430, .F. ) ;
#4849 = VECTOR ( 'NONE', #6241, 1000.000000000000000 ) ;
#4850 = VERTEX_POINT ( 'NONE', #3898 ) ;
#4851 = STYLED_ITEM ( 'NONE', ( #8332 ), #4189 ) ;
#4852 = DIRECTION ( 'NONE',  ( -0.8298818375918347590, 0.0000000000000000000, 0.5579391863233839066 ) ) ;
#4853 = CYLINDRICAL_SURFACE ( 'NONE', #7432, 0.1199999999999999956 ) ;
#4854 = ORIENTED_EDGE ( 'NONE', *, *, #10584, .T. ) ;
#4855 = PRESENTATION_STYLE_ASSIGNMENT (( #3011 ) ) ;
#4856 = LINE ( 'NONE', #355, #4065 ) ;
#4857 =( NAMED_UNIT ( * ) SI_UNIT ( $, .STERADIAN. ) SOLID_ANGLE_UNIT ( ) );
#4858 = CARTESIAN_POINT ( 'NONE',  ( 1.665482921560889951, 0.9000000000000010214, 0.2167436354994529968 ) ) ;
#4859 = CARTESIAN_POINT ( 'NONE',  ( 0.7147679676427848294, 0.9000000000000001332, -0.1869490789105538453 ) ) ;
#4860 = ORIENTED_EDGE ( 'NONE', *, *, #9743, .F. ) ;
#4861 = VECTOR ( 'NONE', #11358, 1000.000000000000000 ) ;
#4862 = DIRECTION ( 'NONE',  ( 0.0000000000000000000, 1.000000000000000000, 0.0000000000000000000 ) ) ;
#4863 = EDGE_CURVE ( 'NONE', #6366, #307, #5264, .T. ) ;
#4864 = ORIENTED_EDGE ( 'NONE', *, *, #6548, .F. ) ;
#4865 = CARTESIAN_POINT ( 'NONE',  ( -0.1250000000000000000, 0.0000000000000000000, 2.313333333333333464 ) ) ;
#4866 = ORIENTED_EDGE ( 'NONE', *, *, #8680, .T. ) ;
#4867 = VECTOR ( 'NONE', #10037, 1000.000000000000000 ) ;
#4868 = CARTESIAN_POINT ( 'NONE',  ( 0.8515543603564610375, 0.9000000000000001332, -0.3025521533941810115 ) ) ;
#4869 = VERTEX_POINT ( 'NONE', #9266 ) ;
#4870 = ORIENTED_EDGE ( 'NONE', *, *, #10017, .T. ) ;
#4871 = EDGE_CURVE ( 'NONE', #8993, #8357, #7957, .T. ) ;
#4872 = CARTESIAN_POINT ( 'NONE',  ( 2.500000000000000000, 0.9000000000000001332, -0.6250000000000001110 ) ) ;
#4873 = DIRECTION ( 'NONE',  ( 0.0000000000000000000, 1.000000000000000000, -0.0000000000000000000 ) ) ;
#4874 = CARTESIAN_POINT ( 'NONE',  ( -1.637175584610570001, 0.8900000000000000133, 0.1641465045022149905 ) ) ;
#4875 = CARTESIAN_POINT ( 'NONE',  ( 0.3154900787141290408, 0.9000000000000001332, 0.2333369731352570031 ) ) ;
#4876 = DIRECTION ( 'NONE',  ( 0.0000000000000000000, -0.0000000000000000000, 1.000000000000000000 ) ) ;
#4877 = CARTESIAN_POINT ( 'NONE',  ( -1.905376810939479970, 0.8900000000000000133, -0.01786213366506720149 ) ) ;
#4878 = PLANE ( 'NONE',  #11061 ) ;
#4879 = EDGE_CURVE ( 'NONE', #9708, #6393, #5930, .T. ) ;
#4880 =( GEOMETRIC_REPRESENTATION_CONTEXT ( 3 ) GLOBAL_UNCERTAINTY_ASSIGNED_CONTEXT ( ( #7356 ) ) GLOBAL_UNIT_ASSIGNED_CONTEXT ( ( #4060, #1386, #548 ) ) REPRESENTATION_CONTEXT ( 'NONE', 'WORKASPACE' ) );
#4881 = ORIENTED_EDGE ( 'NONE', *, *, #10689, .F. ) ;
#4882 = ORIENTED_EDGE ( 'NONE', *, *, #1322, .T. ) ;
#4883 = CARTESIAN_POINT ( 'NONE',  ( 1.745000000000000329, -0.03000000000000000583, -2.100000000000000089 ) ) ;
#4884 = ORIENTED_EDGE ( 'NONE', *, *, #2185, .F. ) ;
#4885 = B_SPLINE_CURVE_WITH_KNOTS ( 'NONE', 3,
 ( #8047, #6395, #3597, #7235 ),
 .UNSPECIFIED., .F., .F.,
 ( 4, 4 ),
 ( 0.0000000000000000000, 1.000000000000000000 ),
 .UNSPECIFIED. ) ;
#4886 = PLANE ( 'NONE',  #448 ) ;
#4887 = SURFACE_SIDE_STYLE ('',( #11172 ) ) ;
#4888 = EDGE_CURVE ( 'NONE', #773, #10128, #2283, .T. ) ;
#4889 = EDGE_LOOP ( 'NONE', ( #1866, #887, #8927, #6530 ) ) ;
#4890 = CARTESIAN_POINT ( 'NONE',  ( -0.6249999999999998890, -0.03000000000000000930, -2.188584073464102886 ) ) ;
#4891 = B_SPLINE_CURVE_WITH_KNOTS ( 'NONE', 3,
 ( #11643, #11528, #1518, #9036 ),
 .UNSPECIFIED., .F., .F.,
 ( 4, 4 ),
 ( 0.0000000000000000000, 1.000000000000000000 ),
 .UNSPECIFIED. ) ;
#4892 = ADVANCED_FACE ( 'NONE', ( #5021 ), #2339, .T. ) ;
#4893 = ORIENTED_EDGE ( 'NONE', *, *, #3498, .F. ) ;
#4894 = DIRECTION ( 'NONE',  ( 0.0000000000000000000, 0.0000000000000000000, -1.000000000000000000 ) ) ;
#4895 = MECHANICAL_DESIGN_GEOMETRIC_PRESENTATION_REPRESENTATION (  '', ( #350 ), #2802 ) ;
#4896 = ORIENTED_EDGE ( 'NONE', *, *, #5411, .F. ) ;
#4897 = ORIENTED_EDGE ( 'NONE', *, *, #8185, .F. ) ;
#4898 = CARTESIAN_POINT ( 'NONE',  ( 1.458333333333333481, 0.0000000000000000000, 2.500000000000000000 ) ) ;
#4899 = EDGE_CURVE ( 'NONE', #6354, #7078, #11466, .T. ) ;
#4900 = DIRECTION ( 'NONE',  ( 0.0000000000000000000, 0.0000000000000000000, -1.000000000000000000 ) ) ;
#4901 = ORIENTED_EDGE ( 'NONE', *, *, #10455, .T. ) ;
#4902 = CARTESIAN_POINT ( 'NONE',  ( -2.100000000000000533, -0.03000000000000000930, 0.2135840734641029637 ) ) ;
#4903 = PRESENTATION_LAYER_ASSIGNMENT (  '', '', ( #11393 ) ) ;
#4904 = CARTESIAN_POINT ( 'NONE',  ( 0.3176383990515939115, -0.0000000000000000000, 2.112932771566823131 ) ) ;
#4905 = DIRECTION ( 'NONE',  ( 0.0000000000000000000, -0.0000000000000000000, 1.000000000000000000 ) ) ;
#4906 = EDGE_CURVE ( 'NONE', #10765, #248, #10036, .T. ) ;
#4907 = CYLINDRICAL_SURFACE ( 'NONE', #8009, 0.1199999999999998845 ) ;
#4908 = AXIS2_PLACEMENT_3D ( 'NONE', #615, #11454, #9781 ) ;
#4909 = CARTESIAN_POINT ( 'NONE',  ( 2.100000000000000089, 0.0000000000000000000, 0.7483333333333337389 ) ) ;
#4910 = FILL_AREA_STYLE ('',( #8619 ) ) ;
#4911 = DIRECTION ( 'NONE',  ( 0.0000000000000000000, 0.0000000000000000000, -1.000000000000000000 ) ) ;
#4912 = ORIENTED_EDGE ( 'NONE', *, *, #4449, .T. ) ;
#4913 = PRESENTATION_STYLE_ASSIGNMENT (( #11137 ) ) ;
#4914 = PRESENTATION_LAYER_ASSIGNMENT (  '', '', ( #2829 ) ) ;
#4915 = CARTESIAN_POINT ( 'NONE',  ( -1.875000000000000000, 0.1000000000000000194, -2.500052547825884819 ) ) ;
#4916 = EDGE_CURVE ( 'NONE', #11088, #7737, #3134, .T. ) ;
#4917 = CARTESIAN_POINT ( 'NONE',  ( -2.499999999999999556, 0.0000000000000000000, 0.3749999999999991673 ) ) ;
#4918 = EDGE_LOOP ( 'NONE', ( #10403, #2485, #6116, #8790 ) ) ;
#4919 = CARTESIAN_POINT ( 'NONE',  ( 1.591083505372679952, 0.9000000000000001332, 0.2312067235917390218 ) ) ;
#4920 = DIRECTION ( 'NONE',  ( -0.0000000000000000000, -1.000000000000000000, -0.0000000000000000000 ) ) ;
#4921 = FACE_OUTER_BOUND ( 'NONE', #556, .T. ) ;
#4922 = FACE_OUTER_BOUND ( 'NONE', #6068, .T. ) ;
#4923 = CARTESIAN_POINT ( 'NONE',  ( -1.755000000000000115, 0.0000000000000000000, -2.100000000000000089 ) ) ;
#4924 = VERTEX_POINT ( 'NONE', #7229 ) ;
#4925 = DIRECTION ( 'NONE',  ( 0.0000000000000000000, -1.000000000000000000, 0.0000000000000000000 ) ) ;
#4926 = SURFACE_STYLE_FILL_AREA ( #1314 ) ;
#4927 = VERTEX_POINT ( 'NONE', #9920 ) ;
#4928 = MECHANICAL_DESIGN_GEOMETRIC_PRESENTATION_REPRESENTATION (  '', ( #193 ), #2832 ) ;
#4929 =( GEOMETRIC_REPRESENTATION_CONTEXT ( 3 ) GLOBAL_UNCERTAINTY_ASSIGNED_CONTEXT ( ( #5846 ) ) GLOBAL_UNIT_ASSIGNED_CONTEXT ( ( #3637, #6498, #1911 ) ) REPRESENTATION_CONTEXT ( 'NONE', 'WORKASPACE' ) );
#4930 = CARTESIAN_POINT ( 'NONE',  ( -0.2449999999999999956, 0.1000000000000000056, 2.220000000000000195 ) ) ;
#4931 = ORIENTED_EDGE ( 'NONE', *, *, #3399, .T. ) ;
#4932 = EDGE_CURVE ( 'NONE', #11136, #10215, #2507, .T. ) ;
#4933 = DIRECTION ( 'NONE',  ( 0.0000000000000000000, -1.000000000000000000, -0.0000000000000000000 ) ) ;
#4934 = VECTOR ( 'NONE', #4367, 1000.000000000000000 ) ;
#4935 = VECTOR ( 'NONE', #4641, 1000.000000000000000 ) ;
#4936 = ORIENTED_EDGE ( 'NONE', *, *, #3266, .T. ) ;
#4937 = CARTESIAN_POINT ( 'NONE',  ( 2.500000000000000000, 0.0000000000000000000, 0.3749999999999995559 ) ) ;
#4938 = CARTESIAN_POINT ( 'NONE',  ( 2.100000000000000089, 0.1000000000000000056, -1.754999999999999893 ) ) ;
#4939 = CARTESIAN_POINT ( 'NONE',  ( -1.245000000000000329, -0.03000000000000000583, 2.100000000000000089 ) ) ;
#4940 = DIRECTION ( 'NONE',  ( -0.0000000000000000000, 1.000000000000000000, -0.0000000000000000000 ) ) ;
#4941 = CARTESIAN_POINT ( 'NONE',  ( 0.8176383990515940781, -0.03000000000000001277, -2.112932771566823131 ) ) ;
#4942 = DIRECTION ( 'NONE',  ( -0.0000000000000000000, 1.000000000000000000, -0.0000000000000000000 ) ) ;
#4943 = CARTESIAN_POINT ( 'NONE',  ( -0.8750000000000000000, -0.03000000000000000583, 2.220000000000000195 ) ) ;
#4944 = COLOUR_RGB ( '',1.000000000000000000, 1.000000000000000000, 1.000000000000000000 ) ;
#4945 = ORIENTED_EDGE ( 'NONE', *, *, #6789, .F. ) ;
#4946 = MECHANICAL_DESIGN_GEOMETRIC_PRESENTATION_REPRESENTATION (  '', ( #2659 ), #4186 ) ;
#4947 = COLOUR_RGB ( '',1.000000000000000000, 1.000000000000000000, 1.000000000000000000 ) ;
#4948 = ORIENTED_EDGE ( 'NONE', *, *, #10401, .T. ) ;
#4949 = LINE ( 'NONE', #6806, #5800 ) ;
#4950 = ADVANCED_FACE ( 'NONE', ( #859 ), #978, .T. ) ;
#4951 = SURFACE_STYLE_FILL_AREA ( #495 ) ;
#4952 = DIRECTION ( 'NONE',  ( -0.0000000000000000000, -1.000000000000000000, -0.0000000000000000000 ) ) ;
#4953 = CARTESIAN_POINT ( 'NONE',  ( 2.112932771566823131, -0.03000000000000001277, -1.682361600948406588 ) ) ;
#4954 = CARTESIAN_POINT ( 'NONE',  ( -1.218715642527500087, 0.9000000000000001332, 0.03948426467512310134 ) ) ;
#4955 = PLANE ( 'NONE',  #10072 ) ;
#4956 = B_SPLINE_CURVE_WITH_KNOTS ( 'NONE', 3,
 ( #6797, #10436, #9590, #5058 ),
 .UNSPECIFIED., .F., .F.,
 ( 4, 4 ),
 ( 0.0000000000000000000, 1.000000000000000000 ),
 .UNSPECIFIED. ) ;
#4957 = SURFACE_STYLE_USAGE ( .BOTH. , #499 ) ;
#4958 = ORIENTED_EDGE ( 'NONE', *, *, #7445, .F. ) ;
#4959 = FILL_AREA_STYLE ('',( #4074 ) ) ;
#4960 = DIRECTION ( 'NONE',  ( -1.000000000000000000, 0.0000000000000000000, 0.0000000000000000000 ) ) ;
#4961 = EDGE_CURVE ( 'NONE', #7579, #9400, #4598, .T. ) ;
#4962 = EDGE_CURVE ( 'NONE', #8298, #9472, #8968, .T. ) ;
#4963 = VERTEX_POINT ( 'NONE', #10691 ) ;
#4964 = EDGE_CURVE ( 'NONE', #9762, #1565, #7109, .T. ) ;
#4965 = VERTEX_POINT ( 'NONE', #6333 ) ;
#4966 = LINE ( 'NONE', #9504, #7801 ) ;
#4967 = CARTESIAN_POINT ( 'NONE',  ( -2.499999999999999556, 0.0000000000000000000, 0.8750000000000001110 ) ) ;
#4968 = LINE ( 'NONE', #7818, #2018 ) ;
#4969 = EDGE_LOOP ( 'NONE', ( #5700, #10616, #3202, #3362 ) ) ;
#4970 = CARTESIAN_POINT ( 'NONE',  ( 0.7449999999999999956, 0.1000000000000000056, 2.220000000000000195 ) ) ;
#4971 = DIRECTION ( 'NONE',  ( -0.0000000000000000000, -1.000000000000000000, -0.0000000000000000000 ) ) ;
#4972 = CARTESIAN_POINT ( 'NONE',  ( 0.7550000000000000044, 0.0000000000000000000, -2.100000000000000089 ) ) ;
#4973 = FILL_AREA_STYLE ('',( #3182 ) ) ;
#4974 =( NAMED_UNIT ( * ) SI_UNIT ( $, .STERADIAN. ) SOLID_ANGLE_UNIT ( ) );
#4975 = B_SPLINE_CURVE_WITH_KNOTS ( 'NONE', 3,
 ( #7321, #4783, #11125, #8488 ),
 .UNSPECIFIED., .F., .F.,
 ( 4, 4 ),
 ( 0.0000000000000000000, 1.000000000000000000 ),
 .UNSPECIFIED. ) ;
#4976 = FACE_OUTER_BOUND ( 'NONE', #11546, .T. ) ;
#4977 = ORIENTED_EDGE ( 'NONE', *, *, #413, .F. ) ;
#4978 = EDGE_CURVE ( 'NONE', #6298, #1052, #9796, .T. ) ;
#4979 = LINE ( 'NONE', #464, #8470 ) ;
#4980 = CARTESIAN_POINT ( 'NONE',  ( 1.665525383924060021, 0.8900000000000004574, -0.04231650211633959657 ) ) ;
#4981 = MECHANICAL_DESIGN_GEOMETRIC_PRESENTATION_REPRESENTATION (  '', ( #10138 ), #2318 ) ;
#4982 = FACE_OUTER_BOUND ( 'NONE', #1076, .T. ) ;
#4983 = ORIENTED_EDGE ( 'NONE', *, *, #5176, .F. ) ;
#4984 = CARTESIAN_POINT ( 'NONE',  ( -0.8750000000000000000, 0.1000000000000000056, 2.500105095651770082 ) ) ;
#4985 = CARTESIAN_POINT ( 'NONE',  ( 2.220000000000000195, 0.1000000000000000056, 1.125000000000000222 ) ) ;
#4986 = FILL_AREA_STYLE_COLOUR ( '', #10221 ) ;
#4987 = DIRECTION ( 'NONE',  ( 1.000000000000000000, 0.0000000000000000000, -0.0000000000000000000 ) ) ;
#4988 = FACE_OUTER_BOUND ( 'NONE', #4773, .T. ) ;
#4989 = ORIENTED_EDGE ( 'NONE', *, *, #6128, .T. ) ;
#4990 = DIRECTION ( 'NONE',  ( -0.0000000000000000000, -1.000000000000000000, -0.0000000000000000000 ) ) ;
#4991 = CARTESIAN_POINT ( 'NONE',  ( 1.254999999999999893, 0.1000000000000000056, 2.220000000000000195 ) ) ;
#4992 = VERTEX_POINT ( 'NONE', #1620 ) ;
#4993 = ADVANCED_FACE ( 'NONE', ( #31 ), #5255, .T. ) ;
#4994 = FACE_OUTER_BOUND ( 'NONE', #2908, .T. ) ;
#4995 = VERTEX_POINT ( 'NONE', #744 ) ;
#4996 = VERTEX_POINT ( 'NONE', #4359 ) ;
#4997 = VECTOR ( 'NONE', #4006, 1000.000000000000000 ) ;
#4998 = CARTESIAN_POINT ( 'NONE',  ( 1.786415926535897869, 0.0000000000000000000, 2.100000000000000533 ) ) ;
#4999 = DIRECTION ( 'NONE',  ( -1.000000000000000000, 0.0000000000000000000, -0.0000000000000000000 ) ) ;
#5000 = CARTESIAN_POINT ( 'NONE',  ( 2.100000000000000089, 0.1000000000000000056, -1.745000000000000329 ) ) ;
#5001 = FILL_AREA_STYLE_COLOUR ( '', #8767 ) ;
#5002 = DIRECTION ( 'NONE',  ( -1.000000000000000000, 0.0000000000000000000, -0.0000000000000000000 ) ) ;
#5003 = LINE ( 'NONE', #4062, #48 ) ;
#5004 = CARTESIAN_POINT ( 'NONE',  ( -1.375000000000000000, 0.0000000000000000000, 2.188584073464102442 ) ) ;
#5005 = ORIENTED_EDGE ( 'NONE', *, *, #2603, .T. ) ;
#5006 = ADVANCED_FACE ( 'NONE', ( #9138 ), #11638, .F. ) ;
#5007 = EDGE_CURVE ( 'NONE', #8782, #9291, #8824, .T. ) ;
#5008 = DIRECTION ( 'NONE',  ( -0.0000000000000000000, 0.0000000000000000000, -1.000000000000000000 ) ) ;
#5009 = CARTESIAN_POINT ( 'NONE',  ( 0.3750000000000000000, -0.03000000000000000930, 2.500105095651770082 ) ) ;
#5010 = ORIENTED_EDGE ( 'NONE', *, *, #3510, .F. ) ;
#5011 = DIRECTION ( 'NONE',  ( 0.0000000000000000000, 0.0000000000000000000, -1.000000000000000000 ) ) ;
#5012 = DIRECTION ( 'NONE',  ( 0.0000000000000000000, 0.0000000000000000000, 1.000000000000000000 ) ) ;
#5013 = CARTESIAN_POINT ( 'NONE',  ( 1.750000000000000000, -0.03000000000000000236, -1.750000000000000000 ) ) ;
#5014 = AXIS2_PLACEMENT_3D ( 'NONE', #11060, #4709, #8295 ) ;
#5015 = FILL_AREA_STYLE ('',( #4012 ) ) ;
#5016 = CARTESIAN_POINT ( 'NONE',  ( -0.9920570910971920897, 0.9000000000000001332, -0.05978536405281360128 ) ) ;
#5017 = EDGE_CURVE ( 'NONE', #1977, #3072, #3653, .T. ) ;
#5018 =( NAMED_UNIT ( * ) PLANE_ANGLE_UNIT ( ) SI_UNIT ( $, .RADIAN. ) );
#5019 = B_SPLINE_CURVE_WITH_KNOTS ( 'NONE', 3,
 ( #6102, #11595, #932, #11652, #7307, #5339 ),
 .UNSPECIFIED., .F., .F.,
 ( 4, 2, 4 ),
 ( 0.0000000000000000000, 0.5000000000000000000, 1.000000000000000000 ),
 .UNSPECIFIED. ) ;
#5020 = DIRECTION ( 'NONE',  ( 0.0000000000000000000, -1.000000000000000000, -0.0000000000000000000 ) ) ;
#5021 = FACE_OUTER_BOUND ( 'NONE', #1568, .T. ) ;
#5022 = CARTESIAN_POINT ( 'NONE',  ( 1.375000000000000000, -0.03000000000000000583, 2.220000000000000195 ) ) ;
#5023 = VERTEX_POINT ( 'NONE', #2754 ) ;
#5024 = LINE ( 'NONE', #6152, #9204 ) ;
#5025 = ADVANCED_FACE ( 'NONE', ( #6390 ), #2570, .F. ) ;
#5026 = DIRECTION ( 'NONE',  ( -1.000000000000000000, -0.0000000000000000000, 0.0000000000000000000 ) ) ;
#5027 = CARTESIAN_POINT ( 'NONE',  ( 1.625000000000000222, 0.1000000000000000056, -2.500105095651770082 ) ) ;
#5028 = VECTOR ( 'NONE', #3204, 999.9999999999998863 ) ;
#5029 = CARTESIAN_POINT ( 'NONE',  ( -0.1250000000000001110, 0.03333333333333334675, 2.500105095651770082 ) ) ;
#5030 = ADVANCED_FACE ( 'NONE', ( #6359 ), #10288, .T. ) ;
#5031 = ORIENTED_EDGE ( 'NONE', *, *, #3039, .T. ) ;
#5032 = CARTESIAN_POINT ( 'NONE',  ( -0.6250000000000001110, 0.06666666666666669350, 2.500105095651770082 ) ) ;
#5033 = DIRECTION ( 'NONE',  ( 1.000000000000000000, 0.0000000000000000000, -0.0000000000000000000 ) ) ;
#5034 = COLOUR_RGB ( '',0.2000000000000000111, 0.2000000000000000111, 0.2000000000000000111 ) ;
#5035 =( NAMED_UNIT ( * ) PLANE_ANGLE_UNIT ( ) SI_UNIT ( $, .RADIAN. ) );
#5036 = ORIENTED_EDGE ( 'NONE', *, *, #9941, .T. ) ;
#5037 = CARTESIAN_POINT ( 'NONE',  ( -1.125000000000000444, 0.0000000000000000000, -2.188584073464102442 ) ) ;
#5038 = CARTESIAN_POINT ( 'NONE',  ( 0.6250000000000000000, 0.0000000000000000000, 2.406666666666666732 ) ) ;
#5039 = DIRECTION ( 'NONE',  ( 0.0000000000000000000, 0.0000000000000000000, -1.000000000000000000 ) ) ;
#5040 = SURFACE_SIDE_STYLE ('',( #10306 ) ) ;
#5041 = CARTESIAN_POINT ( 'NONE',  ( -2.157361600948406455, -0.0000000000000000000, 1.637932771566822820 ) ) ;
#5042 = ORIENTED_EDGE ( 'NONE', *, *, #7753, .T. ) ;
#5043 = CARTESIAN_POINT ( 'NONE',  ( 1.375000000000000000, 0.0000000000000000000, 2.220000000000000195 ) ) ;
#5044 = CARTESIAN_POINT ( 'NONE',  ( -0.6250000000000000000, 0.0000000000000000000, -2.500000000000000000 ) ) ;
#5045 = ORIENTED_EDGE ( 'NONE', *, *, #483, .F. ) ;
#5046 = EDGE_CURVE ( 'NONE', #6405, #8929, #9108, .T. ) ;
#5047 = VECTOR ( 'NONE', #9417, 1000.000000000000000 ) ;
#5048 = UNCERTAINTY_MEASURE_WITH_UNIT (LENGTH_MEASURE( 1.000000000000000082E-05 ), #294, 'distance_accuracy_value', 'NONE');
#5049 = DIRECTION ( 'NONE',  ( -1.000000000000000000, 0.0000000000000000000, -0.0000000000000000000 ) ) ;
#5050 = ORIENTED_EDGE ( 'NONE', *, *, #2730, .F. ) ;
#5051 = CARTESIAN_POINT ( 'NONE',  ( -1.125000000000000222, 0.1000000000000000194, 2.500052547825884819 ) ) ;
#5052 = ORIENTED_EDGE ( 'NONE', *, *, #1263, .F. ) ;
#5053 = AXIS2_PLACEMENT_3D ( 'NONE', #5115, #5958, #1488 ) ;
#5054 = ORIENTED_EDGE ( 'NONE', *, *, #249, .T. ) ;
#5055 = EDGE_CURVE ( 'NONE', #4520, #632, #7539, .T. ) ;
#5056 = AXIS2_PLACEMENT_3D ( 'NONE', #587, #4207, #7832 ) ;
#5057 = LINE ( 'NONE', #10374, #3909 ) ;
#5058 = CARTESIAN_POINT ( 'NONE',  ( -0.1250000000000000555, 0.0000000000000000000, 2.500000000000000000 ) ) ;
#5059 = DIRECTION ( 'NONE',  ( 1.000000000000000000, 0.0000000000000000000, -0.0000000000000000000 ) ) ;
#5060 = PRESENTATION_STYLE_ASSIGNMENT (( #9771 ) ) ;
#5061 = CARTESIAN_POINT ( 'NONE',  ( 0.6250000000000000000, 0.0000000000000000000, -2.500000000000000000 ) ) ;
#5062 = DIRECTION ( 'NONE',  ( 0.0000000000000000000, 1.000000000000000000, 0.0000000000000000000 ) ) ;
#5063 = EDGE_LOOP ( 'NONE', ( #1552, #3869, #8414, #6624, #5759, #2297 ) ) ;
#5064 = CARTESIAN_POINT ( 'NONE',  ( 2.500000000000000000, 0.0000000000000000000, -1.875000000000000000 ) ) ;
#5065 = B_SPLINE_CURVE_WITH_KNOTS ( 'NONE', 3,
 ( #3614, #9994, #937, #8193 ),
 .UNSPECIFIED., .F., .F.,
 ( 4, 4 ),
 ( 0.0000000000000000000, 1.000000000000000000 ),
 .UNSPECIFIED. ) ;
#5066 = VERTEX_POINT ( 'NONE', #1228 ) ;
#5067 = CARTESIAN_POINT ( 'NONE',  ( -0.8176383990515940781, -0.03000000000000001277, 2.112932771566823131 ) ) ;
#5068 = VERTEX_POINT ( 'NONE', #3623 ) ;
#5069 =( NAMED_UNIT ( * ) SI_UNIT ( $, .STERADIAN. ) SOLID_ANGLE_UNIT ( ) );
#5070 = EDGE_CURVE ( 'NONE', #3647, #8770, #2997, .T. ) ;
#5071 = CARTESIAN_POINT ( 'NONE',  ( 0.3154900787141289853, 0.8900000000000000133, 0.03479771567938359789 ) ) ;
#5072 = CARTESIAN_POINT ( 'NONE',  ( 2.157361600948405123, -0.0000000000000000000, -0.1379327715668225984 ) ) ;
#5073 = VECTOR ( 'NONE', #3121, 1000.000000000000000 ) ;
#5074 = B_SPLINE_CURVE_WITH_KNOTS ( 'NONE', 3,
 ( #5551, #9186, #6260, #1915 ),
 .UNSPECIFIED., .F., .F.,
 ( 4, 4 ),
 ( 0.0000000000000000000, 1.000000000000000000 ),
 .UNSPECIFIED. ) ;
#5075 = ORIENTED_EDGE ( 'NONE', *, *, #11017, .F. ) ;
#5076 = DIRECTION ( 'NONE',  ( 0.0000000000000000000, -1.000000000000000000, 0.0000000000000000000 ) ) ;
#5077 = DIRECTION ( 'NONE',  ( 0.0000000000000000000, 0.0000000000000000000, 1.000000000000000000 ) ) ;
#5078 = VERTEX_POINT ( 'NONE', #4569 ) ;
#5079 = VERTEX_POINT ( 'NONE', #3959 ) ;
#5080 = CARTESIAN_POINT ( 'NONE',  ( -0.8750000000000000000, 0.1000000000000000056, -2.500105095651770082 ) ) ;
#5081 = EDGE_CURVE ( 'NONE', #11122, #11634, #3061, .T. ) ;
#5082 = CARTESIAN_POINT ( 'NONE',  ( -1.147507322184299960, 0.8900000000000000133, 0.1848855750470370096 ) ) ;
#5083 = EDGE_CURVE ( 'NONE', #5068, #10631, #6412, .T. ) ;
#5084 = ORIENTED_EDGE ( 'NONE', *, *, #9322, .T. ) ;
#5085 = CARTESIAN_POINT ( 'NONE',  ( -2.220000000000000195, 0.0000000000000000000, 1.875000000000000000 ) ) ;
#5086 = FACE_OUTER_BOUND ( 'NONE', #3618, .T. ) ;
#5087 = VECTOR ( 'NONE', #7254, 1000.000000000000000 ) ;
#5088 = CARTESIAN_POINT ( 'NONE',  ( 2.500000000000000000, 0.0000000000000000000, -1.125000000000000222 ) ) ;
#5089 = FACE_OUTER_BOUND ( 'NONE', #8966, .T. ) ;
#5090 = DIRECTION ( 'NONE',  ( -0.1098573403631150358, 0.0000000000000000000, 0.9939473651901002960 ) ) ;
#5091 = VERTEX_POINT ( 'NONE', #10235 ) ;
#5092 = EDGE_CURVE ( 'NONE', #2335, #3930, #10341, .T. ) ;
#5093 = CARTESIAN_POINT ( 'NONE',  ( -2.500000000000000000, 0.0000000000000000000, 2.291666666666666519 ) ) ;
#5094 = CARTESIAN_POINT ( 'NONE',  ( -1.966007182393600283, 0.8900000000000000133, -0.2566204218738730169 ) ) ;
#5095 = DIRECTION ( 'NONE',  ( -1.000000000000000000, 0.0000000000000000000, 0.0000000000000000000 ) ) ;
#5096 = EDGE_CURVE ( 'NONE', #2617, #4507, #4975, .T. ) ;
#5097 = ORIENTED_EDGE ( 'NONE', *, *, #4146, .F. ) ;
#5098 = CARTESIAN_POINT ( 'NONE',  ( -1.137932771566823043, -0.0000000000000000000, -2.157361600948406455 ) ) ;
#5099 = CARTESIAN_POINT ( 'NONE',  ( 2.500447051772229923, -0.03000000000000000930, 0.1250000000000000000 ) ) ;
#5100 = CARTESIAN_POINT ( 'NONE',  ( 0.1250000000000000000, 0.0000000000000000000, 2.313333333333333464 ) ) ;
#5101 = CARTESIAN_POINT ( 'NONE',  ( -2.500000000000000000, 0.0000000000000000000, 1.458333333333333481 ) ) ;
#5102 = CARTESIAN_POINT ( 'NONE',  ( 2.500000000000000000, 0.9000000000000001332, 1.625000000000000222 ) ) ;
#5103 = EDGE_LOOP ( 'NONE', ( #1454, #6057, #1731, #2191 ) ) ;
#5104 = LINE ( 'NONE', #3981, #9657 ) ;
#5105 = CARTESIAN_POINT ( 'NONE',  ( -1.375000000000000000, -0.03000000000000000583, -2.220000000000000195 ) ) ;
#5106 = EDGE_LOOP ( 'NONE', ( #3530, #3258, #11104, #7774 ) ) ;
#5107 = EDGE_CURVE ( 'NONE', #3199, #4965, #2839, .T. ) ;
#5108 = EDGE_CURVE ( 'NONE', #2363, #1416, #7263, .T. ) ;
#5109 = DIRECTION ( 'NONE',  ( -1.000000000000000000, 0.0000000000000000000, -0.0000000000000000000 ) ) ;
#5110 = EDGE_LOOP ( 'NONE', ( #8019, #3503, #4607, #3887, #8090, #5097 ) ) ;
#5111 = PRESENTATION_STYLE_ASSIGNMENT (( #6903 ) ) ;
#5112 = EDGE_CURVE ( 'NONE', #8227, #9827, #5468, .T. ) ;
#5113 = EDGE_LOOP ( 'NONE', ( #2955, #800, #4826, #10094 ) ) ;
#5114 = ORIENTED_EDGE ( 'NONE', *, *, #654, .T. ) ;
#5115 = CARTESIAN_POINT ( 'NONE',  ( -0.3750000000000000000, 0.1000000000000000056, -2.500105095651770082 ) ) ;
#5116 = AXIS2_PLACEMENT_3D ( 'NONE', #10056, #881, #7133 ) ;
#5117 = CARTESIAN_POINT ( 'NONE',  ( 0.7364273885132770481, 0.9000000000000001332, -0.2532120226042439692 ) ) ;
#5118 = DIRECTION ( 'NONE',  ( -1.000000000000000000, 0.0000000000000000000, -0.0000000000000000000 ) ) ;
#5119 = CARTESIAN_POINT ( 'NONE',  ( 0.7549999999999993383, 0.0000000000000000000, 2.100000000000000089 ) ) ;
#5120 = CARTESIAN_POINT ( 'NONE',  ( -2.100000000000000533, 0.0000000000000000000, 1.286415926535898091 ) ) ;
#5121 =( NAMED_UNIT ( * ) SI_UNIT ( $, .STERADIAN. ) SOLID_ANGLE_UNIT ( ) );
#5122 = VERTEX_POINT ( 'NONE', #9056 ) ;
#5123 = VECTOR ( 'NONE', #4009, 1000.000000000000000 ) ;
#5124 = SURFACE_STYLE_USAGE ( .BOTH. , #1389 ) ;
#5125 = CIRCLE ( 'NONE', #7023, 17.35351528269860211 ) ;
#5126 = VERTEX_POINT ( 'NONE', #947 ) ;
#5127 = STYLED_ITEM ( 'NONE', ( #9020 ), #9401 ) ;
#5128 = CARTESIAN_POINT ( 'NONE',  ( 1.375000000000000000, 0.03333333333333334675, 2.500105095651770082 ) ) ;
#5129 = EDGE_CURVE ( 'NONE', #7106, #4813, #62, .T. ) ;
#5130 = ORIENTED_EDGE ( 'NONE', *, *, #9671, .F. ) ;
#5131 = CARTESIAN_POINT ( 'NONE',  ( -1.062419830002419907, 0.8900000000000000133, -0.2394337462125190052 ) ) ;
#5132 = CARTESIAN_POINT ( 'NONE',  ( 1.754999999999999893, -0.03000000000000000583, -2.100000000000000089 ) ) ;
#5133 = CARTESIAN_POINT ( 'NONE',  ( 2.112932771566821799, -0.03000000000000000930, -0.3176383990515933009 ) ) ;
#5134 = CARTESIAN_POINT ( 'NONE',  ( -1.541666666666666741, 0.0000000000000000000, 2.500000000000000000 ) ) ;
#5135 = AXIS2_PLACEMENT_3D ( 'NONE', #1496, #380, #6802 ) ;
#5136 =( NAMED_UNIT ( * ) SI_UNIT ( $, .STERADIAN. ) SOLID_ANGLE_UNIT ( ) );
#5137 = COLOUR_RGB ( '',1.000000000000000000, 1.000000000000000000, 1.000000000000000000 ) ;
#5138 = ORIENTED_EDGE ( 'NONE', *, *, #8066, .T. ) ;
#5139 = AXIS2_PLACEMENT_3D ( 'NONE', #6011, #6798, #3325 ) ;
#5140 = VECTOR ( 'NONE', #6207, 1000.000000000000000 ) ;
#5141 = CARTESIAN_POINT ( 'NONE',  ( 0.6132989648979390029, 0.8899999999999999023, -0.2630111705044270165 ) ) ;
#5142 = CARTESIAN_POINT ( 'NONE',  ( 0.3998479606374399919, 0.9000000000000001332, 0.0000000000000000000 ) ) ;
#5143 = ORIENTED_EDGE ( 'NONE', *, *, #7648, .F. ) ;
#5144 = PLANE ( 'NONE',  #2255 ) ;
#5145 = CARTESIAN_POINT ( 'NONE',  ( -2.220000000000000195, 0.0000000000000000000, 0.3750000000000000000 ) ) ;
#5146 = PRESENTATION_LAYER_ASSIGNMENT (  '', '', ( #11235 ) ) ;
#5147 = CARTESIAN_POINT ( 'NONE',  ( -1.291666666666666741, 0.1000000000000000056, -2.500105095651770082 ) ) ;
#5148 = DIRECTION ( 'NONE',  ( 0.0000000000000000000, 0.0000000000000000000, 1.000000000000000000 ) ) ;
#5149 = EDGE_CURVE ( 'NONE', #8168, #7132, #8431, .T. ) ;
#5150 = ADVANCED_FACE ( 'NONE', ( #3899 ), #6646, .T. ) ;
#5151 = ORIENTED_EDGE ( 'NONE', *, *, #725, .F. ) ;
#5152 = CARTESIAN_POINT ( 'NONE',  ( -2.100000000000000533, 0.0000000000000000000, -0.7135840734641029082 ) ) ;
#5153 = CARTESIAN_POINT ( 'NONE',  ( -1.375000000000000000, 0.1000000000000000056, 2.500105095651770082 ) ) ;
#5154 = ORIENTED_EDGE ( 'NONE', *, *, #1390, .F. ) ;
#5155 = CARTESIAN_POINT ( 'NONE',  ( 1.665525383924060021, 0.9000000000000001332, -0.04231650211633959657 ) ) ;
#5156 = FACE_OUTER_BOUND ( 'NONE', #3159, .T. ) ;
#5157 = LINE ( 'NONE', #3078, #6471 ) ;
#5158 = CARTESIAN_POINT ( 'NONE',  ( -1.291990212338550048, 0.9000000000000001332, -0.009368253881658159671 ) ) ;
#5159 = PRODUCT_DEFINITION_SHAPE ( 'NONE', 'NONE',  #1211 ) ;
#5160 = CARTESIAN_POINT ( 'NONE',  ( -0.7483565433187380211, 0.8900000000000000133, -0.1394566969803849865 ) ) ;
#5161 = VERTEX_POINT ( 'NONE', #3117 ) ;
#5162 = CARTESIAN_POINT ( 'NONE',  ( -2.220000000000000195, 0.1000000000000000056, -0.1250000000000000000 ) ) ;
#5163 = DIRECTION ( 'NONE',  ( 0.0000000000000000000, -1.000000000000000000, 0.0000000000000000000 ) ) ;
#5164 = ORIENTED_EDGE ( 'NONE', *, *, #5772, .T. ) ;
#5165 = EDGE_CURVE ( 'NONE', #4478, #3982, #5837, .T. ) ;
#5166 = UNCERTAINTY_MEASURE_WITH_UNIT (LENGTH_MEASURE( 1.000000000000000082E-05 ), #3630, 'distance_accuracy_value', 'NONE');
#5167 = ORIENTED_EDGE ( 'NONE', *, *, #4962, .T. ) ;
#5168 = CARTESIAN_POINT ( 'NONE',  ( -0.1250000000000000000, -0.03000000000000000930, 2.500105095651770082 ) ) ;
#5169 = VERTEX_POINT ( 'NONE', #1407 ) ;
#5170 = CARTESIAN_POINT ( 'NONE',  ( -2.500447051772229923, -0.03000000000000000930, 0.3750000000000000555 ) ) ;
#5171 = CARTESIAN_POINT ( 'NONE',  ( 2.100000000000000089, -0.03000000000000000583, 1.254999999999999893 ) ) ;
#5172 = ORIENTED_EDGE ( 'NONE', *, *, #6813, .T. ) ;
#5173 = CARTESIAN_POINT ( 'NONE',  ( -0.8620672284331777346, -0.0000000000000000000, 2.157361600948406455 ) ) ;
#5174 = CARTESIAN_POINT ( 'NONE',  ( 1.265581375123139951, 0.8900000000000000133, 0.3083217570670889751 ) ) ;
#5175 = DIRECTION ( 'NONE',  ( -1.000000000000000000, 0.0000000000000000000, -0.0000000000000000000 ) ) ;
#5176 = EDGE_CURVE ( 'NONE', #11113, #3227, #4968, .T. ) ;
#5177 = MECHANICAL_DESIGN_GEOMETRIC_PRESENTATION_REPRESENTATION (  '', ( #8412 ), #4605 ) ;
#5178 = CARTESIAN_POINT ( 'NONE',  ( -0.3750000000000000000, 0.0000000000000000000, -2.500000000000000000 ) ) ;
#5179 = ORIENTED_EDGE ( 'NONE', *, *, #9483, .T. ) ;
#5180 = EDGE_CURVE ( 'NONE', #9078, #7003, #3294, .T. ) ;
#5181 = CARTESIAN_POINT ( 'NONE',  ( 0.7555727586559100040, 0.8999999999999999112, 0.2650099285898819823 ) ) ;
#5182 = EDGE_LOOP ( 'NONE', ( #1607, #2154, #2356, #3076 ) ) ;
#5183 = CARTESIAN_POINT ( 'NONE',  ( 1.375000000000000000, 0.0000000000000000000, 2.500000000000000000 ) ) ;
#5184 = ORIENTED_EDGE ( 'NONE', *, *, #6024, .F. ) ;
#5185 = CARTESIAN_POINT ( 'NONE',  ( 0.7999088249101118375, 0.9000000000000001332, -0.1552205436024178542 ) ) ;
#5186 = CARTESIAN_POINT ( 'NONE',  ( 1.182361600948406366, -0.03000000000000001277, 2.112932771566823131 ) ) ;
#5187 = DIRECTION ( 'NONE',  ( 0.0000000000000000000, 0.0000000000000000000, 1.000000000000000000 ) ) ;
#5188 = DIRECTION ( 'NONE',  ( -0.0000000000000000000, -1.000000000000000000, -0.0000000000000000000 ) ) ;
#5189 = PLANE ( 'NONE',  #10822 ) ;
#5190 = COLOUR_RGB ( '',1.000000000000000000, 1.000000000000000000, 1.000000000000000000 ) ;
#5191 = EDGE_CURVE ( 'NONE', #1777, #4164, #3412, .T. ) ;
#5192 = DIRECTION ( 'NONE',  ( 0.0000000000000000000, 0.0000000000000000000, -1.000000000000000000 ) ) ;
#5193 = ORIENTED_EDGE ( 'NONE', *, *, #961, .F. ) ;
#5194 = VERTEX_POINT ( 'NONE', #3236 ) ;
#5195 = B_SPLINE_CURVE_WITH_KNOTS ( 'NONE', 3,
 ( #5044, #7676, #10598, #533 ),
 .UNSPECIFIED., .F., .F.,
 ( 4, 4 ),
 ( 0.0000000000000000000, 1.000000000000000000 ),
 .UNSPECIFIED. ) ;
#5196 = EDGE_LOOP ( 'NONE', ( #3836, #7320, #8531, #10309 ) ) ;
#5197 = DIRECTION ( 'NONE',  ( 0.0000000000000000000, -1.000000000000000000, -0.0000000000000000000 ) ) ;
#5198 = LINE ( 'NONE', #5142, #9828 ) ;
#5199 = CARTESIAN_POINT ( 'NONE',  ( -0.2281496047916530268, 0.8900000000000000133, 0.3083217570670889751 ) ) ;
#5200 = EDGE_CURVE ( 'NONE', #8690, #3929, #7046, .T. ) ;
#5201 = CARTESIAN_POINT ( 'NONE',  ( 2.100000000000000089, 0.1000000000000000056, 1.245000000000000329 ) ) ;
#5202 = CARTESIAN_POINT ( 'NONE',  ( 2.500447051772229923, 0.1000000000000000056, 0.1250000000000000000 ) ) ;
#5203 = CARTESIAN_POINT ( 'NONE',  ( -0.8750000000000000000, -0.03000000000000000930, -2.188584073464102442 ) ) ;
#5204 = ORIENTED_EDGE ( 'NONE', *, *, #4162, .F. ) ;
#5205 = DIRECTION ( 'NONE',  ( -0.9915095306014196641, 0.0000000000000000000, 0.1300340368001869362 ) ) ;
#5206 = CARTESIAN_POINT ( 'NONE',  ( 1.666788284641510076, 0.8900000000000000133, -0.05057229967434209716 ) ) ;
#5207 = DIRECTION ( 'NONE',  ( 0.0000000000000000000, -1.000000000000000000, 0.0000000000000000000 ) ) ;
#5208 = VERTEX_POINT ( 'NONE', #6985 ) ;
#5209 = CARTESIAN_POINT ( 'NONE',  ( 0.8750000000000001110, 0.0000000000000000000, 2.188584073464102886 ) ) ;
#5210 = CARTESIAN_POINT ( 'NONE',  ( 0.7516666666666663721, 0.0000000000000000000, 2.100000000000000089 ) ) ;
#5211 =( GEOMETRIC_REPRESENTATION_CONTEXT ( 3 ) GLOBAL_UNCERTAINTY_ASSIGNED_CONTEXT ( ( #535 ) ) GLOBAL_UNIT_ASSIGNED_CONTEXT ( ( #8085, #8022, #2679 ) ) REPRESENTATION_CONTEXT ( 'NONE', 'WORKASPACE' ) );
#5212 =( NAMED_UNIT ( * ) PLANE_ANGLE_UNIT ( ) SI_UNIT ( $, .RADIAN. ) );
#5213 = LINE ( 'NONE', #817, #8101 ) ;
#5214 = EDGE_CURVE ( 'NONE', #7194, #3296, #11409, .T. ) ;
#5215 = CARTESIAN_POINT ( 'NONE',  ( 0.2550000000000000044, 0.1000000000000000056, 2.100000000000000089 ) ) ;
#5216 = ORIENTED_EDGE ( 'NONE', *, *, #542, .T. ) ;
#5217 = LINE ( 'NONE', #3613, #8122 ) ;
#5218 = EDGE_LOOP ( 'NONE', ( #429, #5114, #8567, #11192 ) ) ;
#5219 = ORIENTED_EDGE ( 'NONE', *, *, #2745, .F. ) ;
#5220 = DIRECTION ( 'NONE',  ( -1.000000000000000000, 0.0000000000000000000, 0.0000000000000000000 ) ) ;
#5221 = EDGE_LOOP ( 'NONE', ( #742, #3160, #6434, #7591 ) ) ;
#5222 = VERTEX_POINT ( 'NONE', #2219 ) ;
#5223 = CARTESIAN_POINT ( 'NONE',  ( 0.3749999999999998890, 0.03333333333333334675, 2.500105095651770082 ) ) ;
#5224 = LINE ( 'NONE', #6810, #7841 ) ;
#5225 = VERTEX_POINT ( 'NONE', #5022 ) ;
#5226 = CARTESIAN_POINT ( 'NONE',  ( -2.500223525886114739, 0.1000000000000000194, -0.8750000000000000000 ) ) ;
#5227 =( NAMED_UNIT ( * ) SI_UNIT ( $, .STERADIAN. ) SOLID_ANGLE_UNIT ( ) );
#5228 = CARTESIAN_POINT ( 'NONE',  ( -2.100000000000000089, 0.0000000000000000000, -0.7450000000000009948 ) ) ;
#5229 = VECTOR ( 'NONE', #5547, 1000.000000000000000 ) ;
#5230 = CARTESIAN_POINT ( 'NONE',  ( -2.220000000000000195, 0.1000000000000000056, -1.245000000000000329 ) ) ;
#5231 = DIRECTION ( 'NONE',  ( 0.0000000000000000000, 0.0000000000000000000, -1.000000000000000000 ) ) ;
#5232 = COLOUR_RGB ( '',1.000000000000000000, 1.000000000000000000, 1.000000000000000000 ) ;
#5233 = CARTESIAN_POINT ( 'NONE',  ( 1.125000000000000222, 0.0000000000000000000, -2.220000000000000195 ) ) ;
#5234 = ORIENTED_EDGE ( 'NONE', *, *, #6234, .F. ) ;
#5235 = CARTESIAN_POINT ( 'NONE',  ( 1.047267970585380015, 0.8999999999999999112, 0.08925939097236600117 ) ) ;
#5236 = ORIENTED_EDGE ( 'NONE', *, *, #5506, .F. ) ;
#5237 = ADVANCED_FACE ( 'NONE', ( #4078 ), #8667, .T. ) ;
#5238 = B_SPLINE_CURVE_WITH_KNOTS ( 'NONE', 3,
 ( #9804, #7994, #8180, #3482, #7117, #8910 ),
 .UNSPECIFIED., .F., .F.,
 ( 4, 2, 4 ),
 ( 0.0000000000000000000, 0.5000000000000000000, 1.000000000000000000 ),
 .UNSPECIFIED. ) ;
#5239 = VECTOR ( 'NONE', #6299, 1000.000000000000000 ) ;
#5240 = ORIENTED_EDGE ( 'NONE', *, *, #9660, .T. ) ;
#5241 = ORIENTED_EDGE ( 'NONE', *, *, #7486, .T. ) ;
#5242 = DIRECTION ( 'NONE',  ( -0.0000000000000000000, -1.000000000000000000, -0.0000000000000000000 ) ) ;
#5243 =( NAMED_UNIT ( * ) PLANE_ANGLE_UNIT ( ) SI_UNIT ( $, .RADIAN. ) );
#5244 = EDGE_CURVE ( 'NONE', #9827, #473, #5198, .T. ) ;
#5245 = CARTESIAN_POINT ( 'NONE',  ( 0.8750000000000001110, 0.0000000000000000000, 2.220000000000000195 ) ) ;
#5246 =( LENGTH_UNIT ( ) NAMED_UNIT ( * ) SI_UNIT ( .MILLI., .METRE. ) );
#5247 = CARTESIAN_POINT ( 'NONE',  ( -0.3750000000000000555, -0.03000000000000000930, -2.188584073464102442 ) ) ;
#5248 = VECTOR ( 'NONE', #2340, 1000.000000000000000 ) ;
#5249 = ORIENTED_EDGE ( 'NONE', *, *, #11286, .F. ) ;
#5250 = ORIENTED_EDGE ( 'NONE', *, *, #5392, .F. ) ;
#5251 = ADVANCED_FACE ( 'NONE', ( #508 ), #50, .T. ) ;
#5252 = ORIENTED_EDGE ( 'NONE', *, *, #8393, .F. ) ;
#5253 = AXIS2_PLACEMENT_3D ( 'NONE', #459, #11415, #346 ) ;
#5254 = DIRECTION ( 'NONE',  ( 0.0000000000000000000, 1.000000000000000000, 0.0000000000000000000 ) ) ;
#5255 = CYLINDRICAL_SURFACE ( 'NONE', #1631, 0.1199999999999998845 ) ;
#5256 = FACE_OUTER_BOUND ( 'NONE', #8808, .T. ) ;
#5257 = EDGE_CURVE ( 'NONE', #7342, #4763, #7230, .T. ) ;
#5258 = ORIENTED_EDGE ( 'NONE', *, *, #6269, .T. ) ;
#5259 = CARTESIAN_POINT ( 'NONE',  ( 0.6882557071991798336, 0.8900000000000001243, 0.3025131641083005363 ) ) ;
#5260 = CARTESIAN_POINT ( 'NONE',  ( 0.3750000000000000555, -0.03000000000000000930, -2.500105095651770082 ) ) ;
#5261 = CARTESIAN_POINT ( 'NONE',  ( 2.100000000000000089, -0.03000000000000000583, -1.754999999999999893 ) ) ;
#5262 = CARTESIAN_POINT ( 'NONE',  ( 1.817638399051593634, -0.03000000000000000930, 2.112932771566822687 ) ) ;
#5263 = VECTOR ( 'NONE', #9005, 1000.000000000000000 ) ;
#5264 = B_SPLINE_CURVE_WITH_KNOTS ( 'NONE', 3,
 ( #11181, #2996, #5868, #4967 ),
 .UNSPECIFIED., .F., .F.,
 ( 4, 4 ),
 ( 0.0000000000000000000, 1.000000000000000000 ),
 .UNSPECIFIED. ) ;
#5265 = EDGE_LOOP ( 'NONE', ( #5781, #1209, #2911, #7162 ) ) ;
#5266 = CYLINDRICAL_SURFACE ( 'NONE', #10378, 0.1199999999999999956 ) ;
#5267 = LINE ( 'NONE', #9983, #7036 ) ;
#5268 = CARTESIAN_POINT ( 'NONE',  ( -1.863064022960842392, -0.03000000000000000236, 2.158578643762691041 ) ) ;
#5269 = EDGE_LOOP ( 'NONE', ( #1770, #7009, #11503, #6558, #3289 ) ) ;
#5270 = EDGE_CURVE ( 'NONE', #5744, #40, #4275, .T. ) ;
#5271 = DIRECTION ( 'NONE',  ( -1.000000000000000000, 0.0000000000000000000, 0.0000000000000000000 ) ) ;
#5272 = AXIS2_PLACEMENT_3D ( 'NONE', #10295, #4846, #8617 ) ;
#5273 = PLANE ( 'NONE',  #1963 ) ;
#5274 = DIRECTION ( 'NONE',  ( 0.0000000000000000000, -0.0000000000000000000, 1.000000000000000000 ) ) ;
#5275 = EDGE_LOOP ( 'NONE', ( #11774, #2868, #4881 ) ) ;
#5276 = CARTESIAN_POINT ( 'NONE',  ( 2.188584073464102442, 0.0000000000000000000, 0.8750000000000000000 ) ) ;
#5277 = ORIENTED_EDGE ( 'NONE', *, *, #5244, .F. ) ;
#5278 = LINE ( 'NONE', #8924, #9717 ) ;
#5279 = COLOUR_RGB ( '',1.000000000000000000, 1.000000000000000000, 1.000000000000000000 ) ;
#5280 = EDGE_CURVE ( 'NONE', #3227, #5370, #8173, .T. ) ;
#5281 = CARTESIAN_POINT ( 'NONE',  ( -2.500447051772229923, -0.03000000000000000930, -1.875000000000000000 ) ) ;
#5282 = VECTOR ( 'NONE', #1637, 1000.000000000000000 ) ;
#5283 = CARTESIAN_POINT ( 'NONE',  ( 0.8750000000000000000, 0.1000000000000000056, -2.500105095651770082 ) ) ;
#5284 = ORIENTED_EDGE ( 'NONE', *, *, #4061, .F. ) ;
#5285 = PRESENTATION_STYLE_ASSIGNMENT (( #1780 ) ) ;
#5286 = ORIENTED_EDGE ( 'NONE', *, *, #8365, .F. ) ;
#5287 = DIRECTION ( 'NONE',  ( 0.0000000000000000000, 0.0000000000000000000, 1.000000000000000000 ) ) ;
#5288 = B_SPLINE_CURVE_WITH_KNOTS ( 'NONE', 3,
 ( #884, #5528, #4622, #114 ),
 .UNSPECIFIED., .F., .F.,
 ( 4, 4 ),
 ( 0.0000000000000000000, 1.000000000000000000 ),
 .UNSPECIFIED. ) ;
#5289 = DIRECTION ( 'NONE',  ( 0.0000000000000000000, 1.000000000000000000, -0.0000000000000000000 ) ) ;
#5290 = LINE ( 'NONE', #9770, #5689 ) ;
#5291 = APPLICATION_PROTOCOL_DEFINITION ( 'draft international standard', 'automotive_design', 1998, #8157 ) ;
#5292 = CARTESIAN_POINT ( 'NONE',  ( -0.1250000000000000000, 0.1000000000000000056, 2.500105095651770082 ) ) ;
#5293 = EDGE_LOOP ( 'NONE', ( #2838, #3588, #9598, #1198, #451 ) ) ;
#5294 = CARTESIAN_POINT ( 'NONE',  ( -1.251666666666666483, 0.0000000000000000000, 2.100000000000000089 ) ) ;
#5295 = UNCERTAINTY_MEASURE_WITH_UNIT (LENGTH_MEASURE( 1.000000000000000082E-05 ), #1910, 'distance_accuracy_value', 'NONE');
#5296 = ADVANCED_FACE ( 'NONE', ( #5256 ), #9798, .T. ) ;
#5297 = ADVANCED_FACE ( 'NONE', ( #4422 ), #5388, .F. ) ;
#5298 = ORIENTED_EDGE ( 'NONE', *, *, #4601, .T. ) ;
#5299 = CARTESIAN_POINT ( 'NONE',  ( -2.220000000000000195, -0.03000000000000000930, 1.875000000000000000 ) ) ;
#5300 = ORIENTED_EDGE ( 'NONE', *, *, #10877, .T. ) ;
#5301 = VECTOR ( 'NONE', #10787, 1000.000000000000000 ) ;
#5302 = ORIENTED_EDGE ( 'NONE', *, *, #4962, .F. ) ;
#5303 = LINE ( 'NONE', #6021, #11207 ) ;
#5304 = CARTESIAN_POINT ( 'NONE',  ( -2.500447051772229923, -0.03000000000000000930, 1.625000000000000444 ) ) ;
#5305 = DIRECTION ( 'NONE',  ( 0.0000000000000000000, 0.0000000000000000000, 1.000000000000000000 ) ) ;
#5306 = DIRECTION ( 'NONE',  ( 0.3874596177320684953, 0.0000000000000000000, -0.9218866766728540663 ) ) ;
#5307 = CARTESIAN_POINT ( 'NONE',  ( 2.220000000000000195, 0.1000000000000000056, 1.875000000000000000 ) ) ;
#5308 = PLANE ( 'NONE',  #7650 ) ;
#5309 = FACE_OUTER_BOUND ( 'NONE', #7597, .T. ) ;
#5310 = CARTESIAN_POINT ( 'NONE',  ( 1.745000000000000329, -0.03000000000000000930, -2.100000000000000089 ) ) ;
#5311 = VECTOR ( 'NONE', #4476, 1000.000000000000000 ) ;
#5312 = CARTESIAN_POINT ( 'NONE',  ( 0.3749999999999999445, -0.03000000000000000930, 2.188584073464102442 ) ) ;
#5313 = AXIS2_PLACEMENT_3D ( 'NONE', #4119, #10498, #5059 ) ;
#5314 = ORIENTED_EDGE ( 'NONE', *, *, #4345, .F. ) ;
#5315 = EDGE_CURVE ( 'NONE', #7780, #3372, #8241, .T. ) ;
#5316 = ORIENTED_EDGE ( 'NONE', *, *, #2730, .T. ) ;
#5317 = AXIS2_PLACEMENT_3D ( 'NONE', #3031, #1138, #11498 ) ;
#5318 = VERTEX_POINT ( 'NONE', #3536 ) ;
#5319 = CARTESIAN_POINT ( 'NONE',  ( -1.139044309599930083, 0.8950000000000000178, 0.1310849950463950087 ) ) ;
#5320 = CARTESIAN_POINT ( 'NONE',  ( 0.2450000000000010225, 0.1000000000000000056, -2.100000000000000089 ) ) ;
#5321 = B_SPLINE_CURVE_WITH_KNOTS ( 'NONE', 3,
 ( #9022, #8283, #3758, #851 ),
 .UNSPECIFIED., .F., .F.,
 ( 4, 4 ),
 ( 0.0000000000000000000, 1.000000000000000000 ),
 .UNSPECIFIED. ) ;
#5322 = DIRECTION ( 'NONE',  ( -0.0000000000000000000, 1.000000000000000000, -0.0000000000000000000 ) ) ;
#5323 =( GEOMETRIC_REPRESENTATION_CONTEXT ( 3 ) GLOBAL_UNCERTAINTY_ASSIGNED_CONTEXT ( ( #9185 ) ) GLOBAL_UNIT_ASSIGNED_CONTEXT ( ( #320, #1331, #5851 ) ) REPRESENTATION_CONTEXT ( 'NONE', 'WORKASPACE' ) );
#5324 = EDGE_LOOP ( 'NONE', ( #10603, #10031, #5670, #3974, #5662 ) ) ;
#5325 = CARTESIAN_POINT ( 'NONE',  ( 0.8750000000000001110, 0.0000000000000000000, 2.500000000000000000 ) ) ;
#5326 = CARTESIAN_POINT ( 'NONE',  ( 2.157361600948405123, -0.0000000000000000000, -0.6379327715668227095 ) ) ;
#5327 = VECTOR ( 'NONE', #7352, 1000.000000000000000 ) ;
#5328 = EDGE_CURVE ( 'NONE', #7638, #34, #2508, .T. ) ;
#5329 = CARTESIAN_POINT ( 'NONE',  ( -1.125000000000000666, 0.0000000000000000000, 2.188584073464102886 ) ) ;
#5330 = VECTOR ( 'NONE', #10359, 1000.000000000000000 ) ;
#5331 = CARTESIAN_POINT ( 'NONE',  ( -2.112932771566822687, -0.0000000000000000000, 0.3176383990515933564 ) ) ;
#5332 = EDGE_CURVE ( 'NONE', #6928, #4995, #6149, .T. ) ;
#5333 = MECHANICAL_DESIGN_GEOMETRIC_PRESENTATION_REPRESENTATION (  '', ( #3049 ), #6282 ) ;
#5334 = ORIENTED_EDGE ( 'NONE', *, *, #8942, .T. ) ;
#5335 = DIRECTION ( 'NONE',  ( 0.0000000000000000000, 0.0000000000000000000, -1.000000000000000000 ) ) ;
#5336 = DIRECTION ( 'NONE',  ( 1.000000000000000000, 0.0000000000000000000, -0.0000000000000000000 ) ) ;
#5337 = FACE_OUTER_BOUND ( 'NONE', #5768, .T. ) ;
#5338 = ORIENTED_EDGE ( 'NONE', *, *, #8284, .T. ) ;
#5339 = CARTESIAN_POINT ( 'NONE',  ( -1.245000000000000329, -0.03000000000000000583, 2.100000000000000089 ) ) ;
#5340 = DIRECTION ( 'NONE',  ( 0.0000000000000000000, 0.0000000000000000000, 1.000000000000000000 ) ) ;
#5341 = DIRECTION ( 'NONE',  ( 0.0000000000000000000, -1.000000000000000000, 0.0000000000000000000 ) ) ;
#5342 = DIRECTION ( 'NONE',  ( 0.0000000000000000000, 0.0000000000000000000, 1.000000000000000000 ) ) ;
#5343 = B_SPLINE_CURVE_WITH_KNOTS ( 'NONE', 3,
 ( #10783, #5858, #4953, #7012, #8999, #8261 ),
 .UNSPECIFIED., .F., .F.,
 ( 4, 2, 4 ),
 ( 0.0000000000000000000, 0.5000000000000000000, 1.000000000000000000 ),
 .UNSPECIFIED. ) ;
#5344 = CARTESIAN_POINT ( 'NONE',  ( -2.220000000000000195, 0.1000000000000000056, 1.875000000000000000 ) ) ;
#5345 = ORIENTED_EDGE ( 'NONE', *, *, #4863, .T. ) ;
#5346 = CARTESIAN_POINT ( 'NONE',  ( -1.354625563403949906, 0.8899999999999999023, 0.01392127015290760099 ) ) ;
#5347 = DIRECTION ( 'NONE',  ( 1.000000000000000000, 0.0000000000000000000, -0.0000000000000000000 ) ) ;
#5348 = ORIENTED_EDGE ( 'NONE', *, *, #818, .F. ) ;
#5349 = CARTESIAN_POINT ( 'NONE',  ( -2.500000000000000000, 0.0000000000000000000, -1.875000000000000000 ) ) ;
#5350 = EDGE_CURVE ( 'NONE', #3719, #4516, #10393, .T. ) ;
#5351 = ORIENTED_EDGE ( 'NONE', *, *, #5092, .T. ) ;
#5352 = EDGE_LOOP ( 'NONE', ( #9610, #4936, #1713, #9449 ) ) ;
#5353 = B_SPLINE_CURVE_WITH_KNOTS ( 'NONE', 3,
 ( #2258, #6857, #3387, #9774, #10501, #7019 ),
 .UNSPECIFIED., .F., .F.,
 ( 4, 2, 4 ),
 ( 0.0000000000000000000, 0.5000000000000000000, 1.000000000000000000 ),
 .UNSPECIFIED. ) ;
#5354 = CARTESIAN_POINT ( 'NONE',  ( 2.500223525886114739, 0.1000000000000000194, 0.3749999999999999445 ) ) ;
#5355 = EDGE_LOOP ( 'NONE', ( #9732, #9444, #10866, #11039, #11281, #10431 ) ) ;
#5356 = CARTESIAN_POINT ( 'NONE',  ( 0.7550000000000000044, 0.0000000000000000000, -2.100000000000000089 ) ) ;
#5357 = CARTESIAN_POINT ( 'NONE',  ( 1.395526597277730207, 0.8900000000000000133, -0.2421347249779509936 ) ) ;
#5358 = CARTESIAN_POINT ( 'NONE',  ( -2.500447051772229923, 0.1000000000000000056, 0.2916666666666666852 ) ) ;
#5359 = LINE ( 'NONE', #6962, #6652 ) ;
#5360 =( NAMED_UNIT ( * ) PLANE_ANGLE_UNIT ( ) SI_UNIT ( $, .RADIAN. ) );
#5361 = CARTESIAN_POINT ( 'NONE',  ( -1.885473175945169944, 0.8999999999999901412, 0.2992137922188750077 ) ) ;
#5362 = EDGE_CURVE ( 'NONE', #6878, #6087, #5554, .T. ) ;
#5363 = CARTESIAN_POINT ( 'NONE',  ( 0.7550000000000000044, 0.1000000000000000056, -2.100000000000000089 ) ) ;
#5364 = VERTEX_POINT ( 'NONE', #2698 ) ;
#5365 = COLOUR_RGB ( '',1.000000000000000000, 1.000000000000000000, 1.000000000000000000 ) ;
#5366 = CARTESIAN_POINT ( 'NONE',  ( 0.3154900787141290408, 0.8900000000000000133, 0.2333369731352570031 ) ) ;
#5367 = SURFACE_STYLE_USAGE ( .BOTH. , #1961 ) ;
#5368 = CYLINDRICAL_SURFACE ( 'NONE', #7144, 0.1200000000000000927 ) ;
#5369 = ORIENTED_EDGE ( 'NONE', *, *, #7700, .F. ) ;
#5370 = VERTEX_POINT ( 'NONE', #6272 ) ;
#5371 = CARTESIAN_POINT ( 'NONE',  ( 1.374999999999999778, 0.1000000000000000194, -2.500052547825884819 ) ) ;
#5372 = CARTESIAN_POINT ( 'NONE',  ( -1.875000000000000000, 0.0000000000000000000, 2.500000000000000000 ) ) ;
#5373 = DIRECTION ( 'NONE',  ( 6.657589636333852800E-14, 0.0000000000000000000, 1.000000000000000000 ) ) ;
#5374 = CARTESIAN_POINT ( 'NONE',  ( 0.7550000000000000044, 0.1000000000000000056, -2.220000000000000195 ) ) ;
#5375 = FILL_AREA_STYLE ('',( #3582 ) ) ;
#5376 = CARTESIAN_POINT ( 'NONE',  ( -2.100000000000000089, -0.03000000000000000583, -0.7549999999999990052 ) ) ;
#5377 = ADVANCED_FACE ( 'NONE', ( #10749 ), #8233, .T. ) ;
#5378 = ORIENTED_EDGE ( 'NONE', *, *, #2360, .T. ) ;
#5379 = CARTESIAN_POINT ( 'NONE',  ( 2.500447051772229923, 0.1000000000000000056, -1.708333333333333481 ) ) ;
#5380 = B_SPLINE_CURVE_WITH_KNOTS ( 'NONE', 3,
 ( #5727, #8523, #374, #4757, #6500, #3992 ),
 .UNSPECIFIED., .F., .F.,
 ( 4, 2, 4 ),
 ( 0.0000000000000000000, 0.5000000000000000000, 1.000000000000000000 ),
 .UNSPECIFIED. ) ;
#5381 = VECTOR ( 'NONE', #9410, 1000.000000000000000 ) ;
#5382 = ORIENTED_EDGE ( 'NONE', *, *, #10510, .F. ) ;
#5383 = ORIENTED_EDGE ( 'NONE', *, *, #3185, .F. ) ;
#5384 = EDGE_LOOP ( 'NONE', ( #1446, #8174, #2927, #7646 ) ) ;
#5385 = CARTESIAN_POINT ( 'NONE',  ( -2.100000000000000089, 0.0000000000000000000, -0.2549999999999990052 ) ) ;
#5386 = DIRECTION ( 'NONE',  ( -0.0000000000000000000, -1.000000000000000000, 0.0000000000000000000 ) ) ;
#5387 = B_SPLINE_CURVE_WITH_KNOTS ( 'NONE', 3,
 ( #1289, #8666, #4136, #1569 ),
 .UNSPECIFIED., .F., .F.,
 ( 4, 4 ),
 ( 0.0000000000000000000, 1.000000000000000000 ),
 .UNSPECIFIED. ) ;
#5388 = PLANE ( 'NONE',  #8498 ) ;
#5389 = ORIENTED_EDGE ( 'NONE', *, *, #6200, .T. ) ;
#5390 = DIRECTION ( 'NONE',  ( 0.0000000000000000000, -1.000000000000000000, 0.0000000000000000000 ) ) ;
#5391 = CARTESIAN_POINT ( 'NONE',  ( 74.09240250882329804, 0.8900000000000000133, -19.99421807794459838 ) ) ;
#5392 = EDGE_CURVE ( 'NONE', #9238, #1851, #6391, .T. ) ;
#5393 = DIRECTION ( 'NONE',  ( 0.0000000000000000000, -1.000000000000000000, 0.0000000000000000000 ) ) ;
#5394 = ORIENTED_EDGE ( 'NONE', *, *, #2991, .T. ) ;
#5395 = PRESENTATION_LAYER_ASSIGNMENT (  '', '', ( #830 ) ) ;
#5396 = EDGE_CURVE ( 'NONE', #4503, #263, #5500, .T. ) ;
#5397 = DIRECTION ( 'NONE',  ( 1.000000000000000000, 0.0000000000000000000, -0.0000000000000000000 ) ) ;
#5398 = CARTESIAN_POINT ( 'NONE',  ( 2.406666666666666732, 0.0000000000000000000, -1.875000000000000000 ) ) ;
#5399 = EDGE_LOOP ( 'NONE', ( #6712, #2568, #11046, #10575 ) ) ;
#5400 = CARTESIAN_POINT ( 'NONE',  ( -0.3750000000000000000, -0.03000000000000000583, -2.220000000000000195 ) ) ;
#5401 =( NAMED_UNIT ( * ) PLANE_ANGLE_UNIT ( ) SI_UNIT ( $, .RADIAN. ) );
#5402 = CARTESIAN_POINT ( 'NONE',  ( -1.209768594444730061, 0.8900000000000000133, -0.02953582053485869982 ) ) ;
#5403 = EDGE_CURVE ( 'NONE', #2503, #1821, #7815, .T. ) ;
#5404 = CARTESIAN_POINT ( 'NONE',  ( -0.5664332323023040239, 0.8900000000000000133, -0.1948431851118519464 ) ) ;
#5405 = VERTEX_POINT ( 'NONE', #4600 ) ;
#5406 = CARTESIAN_POINT ( 'NONE',  ( -2.220000000000000195, 0.1000000000000000056, -1.125000000000000222 ) ) ;
#5407 = B_SPLINE_CURVE_WITH_KNOTS ( 'NONE', 3,
 ( #9243, #9370, #1082, #1208 ),
 .UNSPECIFIED., .F., .F.,
 ( 4, 4 ),
 ( 0.0000000000000000000, 1.000000000000000000 ),
 .UNSPECIFIED. ) ;
#5408 = VERTEX_POINT ( 'NONE', #733 ) ;
#5409 = DIRECTION ( 'NONE',  ( 0.0000000000000000000, 0.0000000000000000000, 1.000000000000000000 ) ) ;
#5410 = ORIENTED_EDGE ( 'NONE', *, *, #5396, .T. ) ;
#5411 = EDGE_CURVE ( 'NONE', #10667, #9310, #9812, .T. ) ;
#5412 = CARTESIAN_POINT ( 'NONE',  ( 2.100000000000000089, 0.0000000000000000000, -0.7549999999999990052 ) ) ;
#5413 = EDGE_LOOP ( 'NONE', ( #2959, #3679, #340, #4620 ) ) ;
#5414 = CARTESIAN_POINT ( 'NONE',  ( 2.000000000000000000, 0.8900000000000000133, 2.000000000000000000 ) ) ;
#5415 = CARTESIAN_POINT ( 'NONE',  ( -0.8176383990515938560, -0.0000000000000000000, 2.112932771566822687 ) ) ;
#5416 = EDGE_CURVE ( 'NONE', #8248, #5596, #6815, .T. ) ;
#5417 = LINE ( 'NONE', #4, #10468 ) ;
#5418 = PLANE ( 'NONE',  #5850 ) ;
#5419 = DIRECTION ( 'NONE',  ( -0.0000000000000000000, -1.000000000000000000, 0.0000000000000000000 ) ) ;
#5420 = EDGE_LOOP ( 'NONE', ( #6246, #9384, #8421, #7302, #2431 ) ) ;
#5421 = AXIS2_PLACEMENT_3D ( 'NONE', #5953, #4220, #5049 ) ;
#5422 = CARTESIAN_POINT ( 'NONE',  ( -2.220000000000000195, -0.03000000000000000583, -0.8750000000000000000 ) ) ;
#5423 = ORIENTED_EDGE ( 'NONE', *, *, #2564, .F. ) ;
#5424 = ADVANCED_FACE ( 'NONE', ( #10740 ), #2684, .T. ) ;
#5425 = SURFACE_SIDE_STYLE ('',( #10977 ) ) ;
#5426 = ORIENTED_EDGE ( 'NONE', *, *, #6825, .T. ) ;
#5427 =( GEOMETRIC_REPRESENTATION_CONTEXT ( 3 ) GLOBAL_UNCERTAINTY_ASSIGNED_CONTEXT ( ( #8181 ) ) GLOBAL_UNIT_ASSIGNED_CONTEXT ( ( #790, #8030, #8156 ) ) REPRESENTATION_CONTEXT ( 'NONE', 'WORKASPACE' ) );
#5428 = ORIENTED_EDGE ( 'NONE', *, *, #4091, .T. ) ;
#5429 = DIRECTION ( 'NONE',  ( 0.0000000000000000000, 1.000000000000000000, 0.0000000000000000000 ) ) ;
#5430 = LINE ( 'NONE', #4470, #3423 ) ;
#5431 = LINE ( 'NONE', #6936, #1279 ) ;
#5432 = FILL_AREA_STYLE_COLOUR ( '', #3604 ) ;
#5433 = ORIENTED_EDGE ( 'NONE', *, *, #1049, .F. ) ;
#5434 = CARTESIAN_POINT ( 'NONE',  ( -2.220000000000000195, -0.03000000000000000930, 1.375000000000000000 ) ) ;
#5435 = CARTESIAN_POINT ( 'NONE',  ( -1.061077176307170244, 0.9000000000000001332, 0.1447185921249100060 ) ) ;
#5436 = PRESENTATION_LAYER_ASSIGNMENT (  '', '', ( #4851 ) ) ;
#5437 = ORIENTED_EDGE ( 'NONE', *, *, #3892, .T. ) ;
#5438 = VERTEX_POINT ( 'NONE', #10924 ) ;
#5439 = ADVANCED_FACE ( 'NONE', ( #7974 ), #1735, .T. ) ;
#5440 = ADVANCED_FACE ( 'NONE', ( #1201 ), #10081, .T. ) ;
#5441 = CARTESIAN_POINT ( 'NONE',  ( 0.2516666666666670382, 0.0000000000000000000, -2.100000000000000089 ) ) ;
#5442 = CARTESIAN_POINT ( 'NONE',  ( 0.3749999999999999445, 0.1000000000000000194, 2.500052547825884819 ) ) ;
#5443 = DIRECTION ( 'NONE',  ( 1.000000000000000000, -0.0000000000000000000, 0.0000000000000000000 ) ) ;
#5444 = ORIENTED_EDGE ( 'NONE', *, *, #2993, .F. ) ;
#5445 = DIRECTION ( 'NONE',  ( 0.0000000000000000000, 0.0000000000000000000, -1.000000000000000000 ) ) ;
#5446 = CARTESIAN_POINT ( 'NONE',  ( -2.100000000000000089, 0.0000000000000000000, 0.7135840734641026861 ) ) ;
#5447 = VECTOR ( 'NONE', #10780, 1000.000000000000000 ) ;
#5448 = CARTESIAN_POINT ( 'NONE',  ( 1.745313572323379914, 0.8900000000000000133, -0.3316052058057050167 ) ) ;
#5449 = DIRECTION ( 'NONE',  ( 0.0000000000000000000, 1.000000000000000000, 0.0000000000000000000 ) ) ;
#5450 = DIRECTION ( 'NONE',  ( 0.0000000000000000000, 0.0000000000000000000, -1.000000000000000000 ) ) ;
#5451 = VECTOR ( 'NONE', #5342, 1000.000000000000000 ) ;
#5452 = ORIENTED_EDGE ( 'NONE', *, *, #6167, .T. ) ;
#5453 = VECTOR ( 'NONE', #5322, 1000.000000000000000 ) ;
#5454 = ADVANCED_FACE ( 'NONE', ( #8400 ), #7504, .F. ) ;
#5455 = EDGE_CURVE ( 'NONE', #463, #3669, #3812, .T. ) ;
#5456 = CARTESIAN_POINT ( 'NONE',  ( 1.625000000000000222, 0.0000000000000000000, -2.500000000000000000 ) ) ;
#5457 = CARTESIAN_POINT ( 'NONE',  ( -2.188584073464102442, 0.0000000000000000000, -0.3750000000000000555 ) ) ;
#5458 = CARTESIAN_POINT ( 'NONE',  ( 2.100000000000000089, 0.0000000000000000000, 0.2450000000000010225 ) ) ;
#5459 = DIRECTION ( 'NONE',  ( -0.0000000000000000000, -1.000000000000000000, -0.0000000000000000000 ) ) ;
#5460 = DIRECTION ( 'NONE',  ( 0.0000000000000000000, 1.000000000000000000, 0.0000000000000000000 ) ) ;
#5461 = ORIENTED_EDGE ( 'NONE', *, *, #8300, .F. ) ;
#5462 = EDGE_CURVE ( 'NONE', #2473, #4126, #6680, .T. ) ;
#5463 =( LENGTH_UNIT ( ) NAMED_UNIT ( * ) SI_UNIT ( .MILLI., .METRE. ) );
#5464 = B_SPLINE_CURVE_WITH_KNOTS ( 'NONE', 3,
 ( #4485, #10752, #8113, #11763, #5446, #9086 ),
 .UNSPECIFIED., .F., .F.,
 ( 4, 2, 4 ),
 ( 0.0000000000000000000, 0.5000000000000000000, 1.000000000000000000 ),
 .UNSPECIFIED. ) ;
#5465 = ORIENTED_EDGE ( 'NONE', *, *, #7006, .T. ) ;
#5466 = CARTESIAN_POINT ( 'NONE',  ( 1.120825563073010178, 0.8900000000000000133, 0.2727081394639729872 ) ) ;
#5467 = ORIENTED_EDGE ( 'NONE', *, *, #2015, .F. ) ;
#5468 = LINE ( 'NONE', #9332, #2580 ) ;
#5469 = CARTESIAN_POINT ( 'NONE',  ( -2.220000000000000195, 0.0000000000000000000, -0.1250000000000000000 ) ) ;
#5470 = CARTESIAN_POINT ( 'NONE',  ( -1.745000000000000329, 0.1000000000000000056, -2.100000000000000089 ) ) ;
#5471 = CARTESIAN_POINT ( 'NONE',  ( -2.100000000000000089, 0.0000000000000000000, -1.251666666666666483 ) ) ;
#5472 = CARTESIAN_POINT ( 'NONE',  ( -2.500447051772229923, 0.1000000000000000056, 1.375000000000000000 ) ) ;
#5473 = DIRECTION ( 'NONE',  ( 0.0000000000000000000, -0.0000000000000000000, 1.000000000000000000 ) ) ;
#5474 = ORIENTED_EDGE ( 'NONE', *, *, #810, .F. ) ;
#5475 = EDGE_CURVE ( 'NONE', #7960, #9581, #4525, .T. ) ;
#5476 = AXIS2_PLACEMENT_3D ( 'NONE', #1011, #1188, #3741 ) ;
#5477 = B_SPLINE_CURVE_WITH_KNOTS ( 'NONE', 3,
 ( #3048, #10100, #7581, #4706 ),
 .UNSPECIFIED., .F., .F.,
 ( 4, 4 ),
 ( 0.0000000000000000000, 1.000000000000000000 ),
 .UNSPECIFIED. ) ;
#5478 = EDGE_CURVE ( 'NONE', #4094, #11232, #4814, .T. ) ;
#5479 = PLANE ( 'NONE',  #4459 ) ;
#5480 = ORIENTED_EDGE ( 'NONE', *, *, #5552, .T. ) ;
#5481 =( NAMED_UNIT ( * ) SI_UNIT ( $, .STERADIAN. ) SOLID_ANGLE_UNIT ( ) );
#5482 = ORIENTED_EDGE ( 'NONE', *, *, #5257, .F. ) ;
#5483 = ORIENTED_EDGE ( 'NONE', *, *, #1712, .F. ) ;
#5484 = CARTESIAN_POINT ( 'NONE',  ( 0.7364273885132770481, 0.8899999999999999023, -0.2532120226042439692 ) ) ;
#5485 = FILL_AREA_STYLE ('',( #1856 ) ) ;
#5486 = CARTESIAN_POINT ( 'NONE',  ( -0.3750000000000000000, 0.1000000000000000056, 2.500105095651770082 ) ) ;
#5487 = AXIS2_PLACEMENT_3D ( 'NONE', #5971, #8712, #11234 ) ;
#5488 = CARTESIAN_POINT ( 'NONE',  ( -2.220000000000000195, -0.03000000000000000930, 1.125000000000000222 ) ) ;
#5489 = CARTESIAN_POINT ( 'NONE',  ( 2.188584073464102442, 0.0000000000000000000, 0.3750000000000000555 ) ) ;
#5490 = UNCERTAINTY_MEASURE_WITH_UNIT (LENGTH_MEASURE( 1.000000000000000082E-05 ), #1282, 'distance_accuracy_value', 'NONE');
#5491 = DIRECTION ( 'NONE',  ( 1.000000000000000000, 0.0000000000000000000, -0.0000000000000000000 ) ) ;
#5492 = CARTESIAN_POINT ( 'NONE',  ( -2.100000000000000089, -0.03000000000000000930, -0.7135840734641026861 ) ) ;
#5493 = LINE ( 'NONE', #8163, #2050 ) ;
#5494 = CARTESIAN_POINT ( 'NONE',  ( -1.977494503307630103, 0.8900000000000000133, 0.1941246698585440134 ) ) ;
#5495 = EDGE_LOOP ( 'NONE', ( #2232, #5777, #5314, #1114, #11351, #1617, #8573, #4223, #310, #11506, #4655, #1042, #6622, #2263, #6805, #1274, #7846, #1867, #378, #6906, #5607, #9855, #8273, #1472, #510, #8214, #10905, #9360, #11519, #3839, #8366, #2962, #9209, #2133, #1245, #10034 ) ) ;
#5496 = EDGE_CURVE ( 'NONE', #7573, #729, #9180, .T. ) ;
#5497 = ORIENTED_EDGE ( 'NONE', *, *, #2913, .F. ) ;
#5498 = ORIENTED_EDGE ( 'NONE', *, *, #10232, .T. ) ;
#5499 = LINE ( 'NONE', #6513, #3052 ) ;
#5500 = LINE ( 'NONE', #7987, #11544 ) ;
#5501 = ORIENTED_EDGE ( 'NONE', *, *, #7118, .T. ) ;
#5502 = FACE_OUTER_BOUND ( 'NONE', #4167, .T. ) ;
#5503 = CARTESIAN_POINT ( 'NONE',  ( -2.220000000000000195, 0.1000000000000000056, -1.625000000000000222 ) ) ;
#5504 = VECTOR ( 'NONE', #824, 1000.000000000000000 ) ;
#5505 = CYLINDRICAL_SURFACE ( 'NONE', #2423, 0.1199999999999999956 ) ;
#5506 = EDGE_CURVE ( 'NONE', #2353, #2569, #132, .T. ) ;
#5507 = LINE ( 'NONE', #7355, #9508 ) ;
#5508 = ORIENTED_EDGE ( 'NONE', *, *, #7185, .F. ) ;
#5509 = AXIS2_PLACEMENT_3D ( 'NONE', #10400, #4894, #7751 ) ;
#5510 = COLOUR_RGB ( '',1.000000000000000000, 1.000000000000000000, 1.000000000000000000 ) ;
#5511 = PLANE ( 'NONE',  #5525 ) ;
#5512 = FACE_OUTER_BOUND ( 'NONE', #187, .T. ) ;
#5513 = EDGE_LOOP ( 'NONE', ( #2897, #11126, #4446, #10077 ) ) ;
#5514 = ORIENTED_EDGE ( 'NONE', *, *, #11491, .T. ) ;
#5515 = SURFACE_STYLE_USAGE ( .BOTH. , #165 ) ;
#5516 = CARTESIAN_POINT ( 'NONE',  ( 0.2450000000000010225, 0.1000000000000000056, -2.100000000000000089 ) ) ;
#5517 = CARTESIAN_POINT ( 'NONE',  ( 1.754999999999999893, -0.03000000000000000583, 2.100000000000000089 ) ) ;
#5518 =( NAMED_UNIT ( * ) PLANE_ANGLE_UNIT ( ) SI_UNIT ( $, .RADIAN. ) );
#5519 = CARTESIAN_POINT ( 'NONE',  ( -0.2449999999999999956, 0.1000000000000000056, -2.220000000000000195 ) ) ;
#5520 = ADVANCED_FACE ( 'NONE', ( #7390 ), #6437, .T. ) ;
#5521 = CARTESIAN_POINT ( 'NONE',  ( 1.639653194964890037, 0.9000000000000001332, 0.3083217570670889751 ) ) ;
#5522 = ADVANCED_FACE ( 'NONE', ( #1021 ), #9299, .T. ) ;
#5523 = VECTOR ( 'NONE', #5964, 1000.000000000000114 ) ;
#5524 = CARTESIAN_POINT ( 'NONE',  ( -2.220000000000000195, -0.03000000000000000583, -1.625000000000000222 ) ) ;
#5525 = AXIS2_PLACEMENT_3D ( 'NONE', #10287, #10233, #6645 ) ;
#5526 = ORIENTED_EDGE ( 'NONE', *, *, #598, .T. ) ;
#5527 = AXIS2_PLACEMENT_3D ( 'NONE', #8001, #9875, #5274 ) ;
#5528 = CARTESIAN_POINT ( 'NONE',  ( -1.541666666666666741, 0.0000000000000000000, -2.500000000000000000 ) ) ;
#5529 = ORIENTED_EDGE ( 'NONE', *, *, #914, .F. ) ;
#5530 = CARTESIAN_POINT ( 'NONE',  ( -1.349104182627449910, 0.9000000000000015765, 0.3250809995088330129 ) ) ;
#5531 = PLANE ( 'NONE',  #11532 ) ;
#5532 = ORIENTED_EDGE ( 'NONE', *, *, #6165, .T. ) ;
#5533 = CARTESIAN_POINT ( 'NONE',  ( -0.1250000000000000000, 0.1000000000000000056, -2.500105095651770082 ) ) ;
#5534 = CARTESIAN_POINT ( 'NONE',  ( 1.790900912554659996, 0.9000000000000001332, -0.2421347249779509936 ) ) ;
#5535 = DIRECTION ( 'NONE',  ( 1.000000000000000000, 0.0000000000000000000, -0.0000000000000000000 ) ) ;
#5536 = ORIENTED_EDGE ( 'NONE', *, *, #4177, .T. ) ;
#5537 = LINE ( 'NONE', #65, #3435 ) ;
#5538 = PRESENTATION_STYLE_ASSIGNMENT (( #1900 ) ) ;
#5539 = DIRECTION ( 'NONE',  ( 0.0000000000000000000, 0.0000000000000000000, 1.000000000000000000 ) ) ;
#5540 = EDGE_CURVE ( 'NONE', #3832, #3669, #5057, .T. ) ;
#5541 = ORIENTED_EDGE ( 'NONE', *, *, #4674, .T. ) ;
#5542 = PRESENTATION_STYLE_ASSIGNMENT (( #4519 ) ) ;
#5543 = ORIENTED_EDGE ( 'NONE', *, *, #5736, .T. ) ;
#5544 = ORIENTED_EDGE ( 'NONE', *, *, #1587, .T. ) ;
#5545 = ORIENTED_EDGE ( 'NONE', *, *, #8300, .T. ) ;
#5546 = EDGE_CURVE ( 'NONE', #5078, #5169, #10097, .T. ) ;
#5547 = DIRECTION ( 'NONE',  ( 0.0000000000000000000, 0.0000000000000000000, -1.000000000000000000 ) ) ;
#5548 =( NAMED_UNIT ( * ) PLANE_ANGLE_UNIT ( ) SI_UNIT ( $, .RADIAN. ) );
#5549 = LINE ( 'NONE', #5488, #1530 ) ;
#5550 = CARTESIAN_POINT ( 'NONE',  ( 0.9372373512007651231, 0.9000000000000001332, 0.3021479357102004881 ) ) ;
#5551 = CARTESIAN_POINT ( 'NONE',  ( 0.3750000000000000000, 0.0000000000000000000, -2.500000000000000000 ) ) ;
#5552 = EDGE_CURVE ( 'NONE', #7579, #7362, #4116, .T. ) ;
#5553 = ORIENTED_EDGE ( 'NONE', *, *, #5815, .F. ) ;
#5554 = B_SPLINE_CURVE_WITH_KNOTS ( 'NONE', 3,
 ( #7167, #7112, #10939, #2637 ),
 .UNSPECIFIED., .F., .F.,
 ( 4, 4 ),
 ( 0.0000000000000000000, 1.000000000000000000 ),
 .UNSPECIFIED. ) ;
#5555 = DIRECTION ( 'NONE',  ( 0.0000000000000000000, -0.0000000000000000000, -1.000000000000000000 ) ) ;
#5556 = FILL_AREA_STYLE ('',( #9308 ) ) ;
#5557 = ORIENTED_EDGE ( 'NONE', *, *, #3766, .T. ) ;
#5558 = ORIENTED_EDGE ( 'NONE', *, *, #4409, .F. ) ;
#5559 = STYLED_ITEM ( 'NONE', ( #9714 ), #1615 ) ;
#5560 = CYLINDRICAL_SURFACE ( 'NONE', #2763, 0.1199999999999998845 ) ;
#5561 = ORIENTED_EDGE ( 'NONE', *, *, #536, .T. ) ;
#5562 = CARTESIAN_POINT ( 'NONE',  ( 1.625000000000000222, 0.0000000000000000000, 2.500000000000000000 ) ) ;
#5563 = ORIENTED_EDGE ( 'NONE', *, *, #8384, .F. ) ;
#5564 = CARTESIAN_POINT ( 'NONE',  ( -2.112932771566821799, -0.0000000000000000000, 0.1823616009484066436 ) ) ;
#5565 = CARTESIAN_POINT ( 'NONE',  ( 2.220000000000000195, 0.1000000000000000056, -1.245000000000000329 ) ) ;
#5566 = DIRECTION ( 'NONE',  ( 0.0000000000000000000, 1.000000000000000000, 0.0000000000000000000 ) ) ;
#5567 = EDGE_CURVE ( 'NONE', #10883, #9538, #2194, .T. ) ;
#5568 = ORIENTED_EDGE ( 'NONE', *, *, #4134, .T. ) ;
#5569 = CARTESIAN_POINT ( 'NONE',  ( -1.683578643762690730, -0.03000000000000000236, 2.111935977039151702 ) ) ;
#5570 = PRESENTATION_LAYER_ASSIGNMENT (  '', '', ( #2325 ) ) ;
#5571 = ORIENTED_EDGE ( 'NONE', *, *, #6461, .T. ) ;
#5572 = DIRECTION ( 'NONE',  ( 0.0000000000000000000, 1.000000000000000000, 0.0000000000000000000 ) ) ;
#5573 = AXIS2_PLACEMENT_3D ( 'NONE', #2007, #5643, #1185 ) ;
#5574 = ORIENTED_EDGE ( 'NONE', *, *, #7528, .T. ) ;
#5575 = ORIENTED_EDGE ( 'NONE', *, *, #3864, .T. ) ;
#5576 =( NAMED_UNIT ( * ) SI_UNIT ( $, .STERADIAN. ) SOLID_ANGLE_UNIT ( ) );
#5577 = B_SPLINE_CURVE_WITH_KNOTS ( 'NONE', 3,
 ( #3751, #10023, #2801, #4527, #9124, #4692 ),
 .UNSPECIFIED., .F., .F.,
 ( 4, 2, 4 ),
 ( 0.0000000000000000000, 0.5000000000000000000, 1.000000000000000000 ),
 .UNSPECIFIED. ) ;
#5578 = PLANE ( 'NONE',  #7796 ) ;
#5579 = PLANE ( 'NONE',  #4323 ) ;
#5580 = CARTESIAN_POINT ( 'NONE',  ( 1.760785161669040200, 0.9000000000000001332, -0.1187526057378810035 ) ) ;
#5581 = SURFACE_STYLE_USAGE ( .BOTH. , #3732 ) ;
#5582 =( GEOMETRIC_REPRESENTATION_CONTEXT ( 3 ) GLOBAL_UNCERTAINTY_ASSIGNED_CONTEXT ( ( #6842 ) ) GLOBAL_UNIT_ASSIGNED_CONTEXT ( ( #10896, #5401, #8308 ) ) REPRESENTATION_CONTEXT ( 'NONE', 'WORKASPACE' ) );
#5583 = CARTESIAN_POINT ( 'NONE',  ( -1.540383323598710108, 0.8950000000000001288, -0.3316052058057050722 ) ) ;
#5584 = DIRECTION ( 'NONE',  ( 0.0000000000000000000, 0.0000000000000000000, -1.000000000000000000 ) ) ;
#5585 = EDGE_CURVE ( 'NONE', #7642, #3695, #11390, .T. ) ;
#5586 = ORIENTED_EDGE ( 'NONE', *, *, #7006, .F. ) ;
#5587 = DIRECTION ( 'NONE',  ( 0.0000000000000000000, 0.0000000000000000000, -1.000000000000000000 ) ) ;
#5588 = CARTESIAN_POINT ( 'NONE',  ( 0.6250000000000000000, 0.1000000000000000056, -2.500105095651770082 ) ) ;
#5589 = LINE ( 'NONE', #9230, #7623 ) ;
#5590 = CARTESIAN_POINT ( 'NONE',  ( 0.2450000000000010225, 0.1000000000000000056, 2.100000000000000089 ) ) ;
#5591 = LINE ( 'NONE', #1128, #1946 ) ;
#5592 = ORIENTED_EDGE ( 'NONE', *, *, #5985, .T. ) ;
#5593 = B_SPLINE_CURVE_WITH_KNOTS ( 'NONE', 3,
 ( #2454, #8624, #8852, #4319, #3246, #6994 ),
 .UNSPECIFIED., .F., .F.,
 ( 4, 2, 4 ),
 ( 0.0000000000000000000, 0.5000000000000000000, 1.000000000000000000 ),
 .UNSPECIFIED. ) ;
#5594 = ORIENTED_EDGE ( 'NONE', *, *, #4490, .T. ) ;
#5595 = EDGE_CURVE ( 'NONE', #7362, #6252, #3261, .T. ) ;
#5596 = VERTEX_POINT ( 'NONE', #4168 ) ;
#5597 = ORIENTED_EDGE ( 'NONE', *, *, #1179, .T. ) ;
#5598 = PRESENTATION_STYLE_ASSIGNMENT (( #6560 ) ) ;
#5599 = FACE_OUTER_BOUND ( 'NONE', #5919, .T. ) ;
#5600 = CARTESIAN_POINT ( 'NONE',  ( -0.3750000000000000000, 0.1000000000000000194, 2.500052547825884819 ) ) ;
#5601 = CARTESIAN_POINT ( 'NONE',  ( -0.1250000000000000000, 0.0000000000000000000, 2.220000000000000195 ) ) ;
#5602 = CARTESIAN_POINT ( 'NONE',  ( 1.065265953088844419, 0.9000000000000002442, 0.2072827301819765156 ) ) ;
#5603 = VECTOR ( 'NONE', #239, 1000.000000000000000 ) ;
#5604 = UNCERTAINTY_MEASURE_WITH_UNIT (LENGTH_MEASURE( 1.000000000000000082E-05 ), #547, 'distance_accuracy_value', 'NONE');
#5605 = CARTESIAN_POINT ( 'NONE',  ( -0.7483565433187380211, 0.8900000000000000133, -0.05978536405281360128 ) ) ;
#5606 = CARTESIAN_POINT ( 'NONE',  ( -0.03174059687929790124, 0.8900000000000000133, 0.2333369731352570031 ) ) ;
#5607 = ORIENTED_EDGE ( 'NONE', *, *, #9965, .F. ) ;
#5608 = EDGE_CURVE ( 'NONE', #9400, #682, #431, .T. ) ;
#5609 = EDGE_LOOP ( 'NONE', ( #4912, #3334, #361, #5776, #10992, #4582 ) ) ;
#5610 = ORIENTED_EDGE ( 'NONE', *, *, #5176, .T. ) ;
#5611 = CARTESIAN_POINT ( 'NONE',  ( -0.1250000000000001110, 0.03333333333333334675, -2.500000000000000000 ) ) ;
#5612 = ADVANCED_FACE ( 'NONE', ( #4056 ), #9477, .F. ) ;
#5613 = EDGE_LOOP ( 'NONE', ( #11309, #2374, #1048, #7389, #7726 ) ) ;
#5614 = DIRECTION ( 'NONE',  ( 0.0000000000000000000, 0.0000000000000000000, -1.000000000000000000 ) ) ;
#5615 = CARTESIAN_POINT ( 'NONE',  ( 1.125000000000000222, 0.0000000000000000000, 2.500000000000000000 ) ) ;
#5616 = PLANE ( 'NONE',  #8965 ) ;
#5617 = DIRECTION ( 'NONE',  ( 0.0000000000000000000, 0.0000000000000000000, -1.000000000000000000 ) ) ;
#5618 = DIRECTION ( 'NONE',  ( 0.0000000000000000000, 1.000000000000000000, 0.0000000000000000000 ) ) ;
#5619 = ORIENTED_EDGE ( 'NONE', *, *, #11478, .F. ) ;
#5620 = AXIS2_PLACEMENT_3D ( 'NONE', #4754, #5723, #3931 ) ;
#5621 = CARTESIAN_POINT ( 'NONE',  ( -2.112932771566823131, -0.03000000000000001277, 1.682361600948406810 ) ) ;
#5622 = DIRECTION ( 'NONE',  ( -1.000000000000000000, 0.0000000000000000000, 0.0000000000000000000 ) ) ;
#5623 = ADVANCED_FACE ( 'NONE', ( #1321 ), #604, .T. ) ;
#5624 = EDGE_CURVE ( 'NONE', #10080, #10334, #8952, .T. ) ;
#5625 = ORIENTED_EDGE ( 'NONE', *, *, #8438, .F. ) ;
#5626 = LINE ( 'NONE', #102, #4743 ) ;
#5627 = MECHANICAL_DESIGN_GEOMETRIC_PRESENTATION_REPRESENTATION (  '', ( #6958 ), #691 ) ;
#5628 = DIRECTION ( 'NONE',  ( 0.0000000000000000000, 0.0000000000000000000, -1.000000000000000000 ) ) ;
#5629 = ORIENTED_EDGE ( 'NONE', *, *, #4710, .T. ) ;
#5630 = ORIENTED_EDGE ( 'NONE', *, *, #7059, .F. ) ;
#5631 = FILL_AREA_STYLE ('',( #8367 ) ) ;
#5632 = CARTESIAN_POINT ( 'NONE',  ( -2.499999999999999556, 0.0000000000000000000, 1.875000000000000000 ) ) ;
#5633 = PLANE ( 'NONE',  #10095 ) ;
#5634 = DIRECTION ( 'NONE',  ( 0.3162277660168391069, -0.0000000000000000000, -0.9486832980505133239 ) ) ;
#5635 = AXIS2_PLACEMENT_3D ( 'NONE', #5320, #10814, #2636 ) ;
#5636 = VERTEX_POINT ( 'NONE', #4937 ) ;
#5637 = EDGE_CURVE ( 'NONE', #2238, #6487, #8371, .T. ) ;
#5638 =( NAMED_UNIT ( * ) PLANE_ANGLE_UNIT ( ) SI_UNIT ( $, .RADIAN. ) );
#5639 = CARTESIAN_POINT ( 'NONE',  ( -0.2549999999999992273, 0.0000000000000000000, 2.100000000000000089 ) ) ;
#5640 = ORIENTED_EDGE ( 'NONE', *, *, #2766, .T. ) ;
#5641 = CARTESIAN_POINT ( 'NONE',  ( 2.500447051772229923, -0.03000000000000000930, -0.1250000000000000000 ) ) ;
#5642 = AXIS2_PLACEMENT_3D ( 'NONE', #4587, #792, #7336 ) ;
#5643 = DIRECTION ( 'NONE',  ( 0.0000000000000000000, 0.0000000000000000000, -1.000000000000000000 ) ) ;
#5644 = DIRECTION ( 'NONE',  ( 0.0000000000000000000, 0.0000000000000000000, -1.000000000000000000 ) ) ;
#5645 = CARTESIAN_POINT ( 'NONE',  ( -1.245000000000000329, -0.03000000000000000236, 2.220000000000000195 ) ) ;
#5646 = ORIENTED_EDGE ( 'NONE', *, *, #3717, .F. ) ;
#5647 = CARTESIAN_POINT ( 'NONE',  ( 0.6132989648979391140, 0.8999999999999998002, -0.2630111705044270165 ) ) ;
#5648 = DIRECTION ( 'NONE',  ( 0.0000000000000000000, -1.000000000000000000, 0.0000000000000000000 ) ) ;
#5649 = ORIENTED_EDGE ( 'NONE', *, *, #7798, .F. ) ;
#5650 = LINE ( 'NONE', #306, #1806 ) ;
#5651 = ORIENTED_EDGE ( 'NONE', *, *, #5552, .F. ) ;
#5652 = CARTESIAN_POINT ( 'NONE',  ( 0.6397158791221559948, 0.8900000000000000133, -0.1806358873683099886 ) ) ;
#5653 = VERTEX_POINT ( 'NONE', #370 ) ;
#5654 = DIRECTION ( 'NONE',  ( 0.0000000000000000000, 0.0000000000000000000, -1.000000000000000000 ) ) ;
#5655 = FACE_OUTER_BOUND ( 'NONE', #9107, .T. ) ;
#5656 = DIRECTION ( 'NONE',  ( 1.000000000000000000, -0.0000000000000000000, 0.0000000000000000000 ) ) ;
#5657 = VECTOR ( 'NONE', #4728, 1000.000000000000000 ) ;
#5658 = CARTESIAN_POINT ( 'NONE',  ( 2.500000000000000000, 0.0000000000000000000, 0.3749999999999995559 ) ) ;
#5659 = CARTESIAN_POINT ( 'NONE',  ( 0.5508645970779074696, 0.9000000000000002442, 0.1578081039574917022 ) ) ;
#5660 = DIRECTION ( 'NONE',  ( 0.0000000000000000000, 0.0000000000000000000, -1.000000000000000000 ) ) ;
#5661 = CARTESIAN_POINT ( 'NONE',  ( 1.625000000000000222, 0.1000000000000000056, -2.500105095651770082 ) ) ;
#5662 = ORIENTED_EDGE ( 'NONE', *, *, #7798, .T. ) ;
#5663 = EDGE_CURVE ( 'NONE', #3914, #11440, #10435, .T. ) ;
#5664 = EDGE_CURVE ( 'NONE', #6127, #7755, #3990, .T. ) ;
#5665 = FACE_OUTER_BOUND ( 'NONE', #4054, .T. ) ;
#5666 = B_SPLINE_CURVE_WITH_KNOTS ( 'NONE', 3,
 ( #2216, #1453, #5864, #6926 ),
 .UNSPECIFIED., .F., .F.,
 ( 4, 4 ),
 ( 0.0000000000000000000, 1.000000000000000000 ),
 .UNSPECIFIED. ) ;
#5667 = ORIENTED_EDGE ( 'NONE', *, *, #3399, .F. ) ;
#5668 = VECTOR ( 'NONE', #11515, 1000.000000000000000 ) ;
#5669 = ORIENTED_EDGE ( 'NONE', *, *, #10071, .F. ) ;
#5670 = ORIENTED_EDGE ( 'NONE', *, *, #2185, .T. ) ;
#5671 = B_SPLINE_CURVE_WITH_KNOTS ( 'NONE', 3,
 ( #831, #3448, #5173, #5415, #1722, #7139 ),
 .UNSPECIFIED., .F., .F.,
 ( 4, 2, 4 ),
 ( 0.0000000000000000000, 0.5000000000000000000, 1.000000000000000000 ),
 .UNSPECIFIED. ) ;
#5672 = STYLED_ITEM ( 'NONE', ( #732 ), #7977 ) ;
#5673 = CARTESIAN_POINT ( 'NONE',  ( -0.1412354234161199984, 0.9000000000000001332, 0.3083217570670889751 ) ) ;
#5674 = LINE ( 'NONE', #3710, #594 ) ;
#5675 = LINE ( 'NONE', #9380, #8381 ) ;
#5676 = CARTESIAN_POINT ( 'NONE',  ( -1.375000000000000000, 0.0000000000000000000, -2.500000000000000000 ) ) ;
#5677 = LINE ( 'NONE', #9117, #4829 ) ;
#5678 = DIRECTION ( 'NONE',  ( 0.2585431947893059856, 0.0000000000000000000, -0.9659996979441239917 ) ) ;
#5679 = CARTESIAN_POINT ( 'NONE',  ( -2.100000000000000089, -0.03000000000000000583, 1.745000000000000329 ) ) ;
#5680 = EDGE_CURVE ( 'NONE', #1991, #2279, #9523, .T. ) ;
#5681 = CARTESIAN_POINT ( 'NONE',  ( -2.500447051772229923, -0.03000000000000000930, 1.125000000000000222 ) ) ;
#5682 = VECTOR ( 'NONE', #9605, 1000.000000000000114 ) ;
#5683 = CARTESIAN_POINT ( 'NONE',  ( 2.220000000000000195, 0.1000000000000000056, -0.6250000000000000000 ) ) ;
#5684 = SURFACE_STYLE_USAGE ( .BOTH. , #6529 ) ;
#5685 = CARTESIAN_POINT ( 'NONE',  ( -1.625000000000000222, 0.1000000000000000194, 2.500052547825884819 ) ) ;
#5686 = ORIENTED_EDGE ( 'NONE', *, *, #8066, .F. ) ;
#5687 = DIRECTION ( 'NONE',  ( -0.1722497588620720554, 0.0000000000000000000, 0.9850533084924684157 ) ) ;
#5688 = CARTESIAN_POINT ( 'NONE',  ( 0.8244921200770174430, 0.8899999999999999023, -0.3449594410397159305 ) ) ;
#5689 = VECTOR ( 'NONE', #8016, 1000.000000000000000 ) ;
#5690 = ADVANCED_FACE ( 'NONE', ( #6852 ), #2313, .T. ) ;
#5691 = CARTESIAN_POINT ( 'NONE',  ( -1.248333333333333517, 0.0000000000000000000, -2.100000000000000089 ) ) ;
#5692 = CARTESIAN_POINT ( 'NONE',  ( 2.291666666666666519, 0.0000000000000000000, -2.500000000000000000 ) ) ;
#5693 = CARTESIAN_POINT ( 'NONE',  ( 2.220000000000000195, 0.1000000000000000056, -1.875000000000000000 ) ) ;
#5694 = DIRECTION ( 'NONE',  ( 1.000000000000000000, 0.0000000000000000000, -0.0000000000000000000 ) ) ;
#5695 = EDGE_CURVE ( 'NONE', #7208, #11634, #9589, .T. ) ;
#5696 = VECTOR ( 'NONE', #10741, 1000.000000000000000 ) ;
#5697 = CARTESIAN_POINT ( 'NONE',  ( -0.6250000000000000000, 0.1000000000000000056, -2.500105095651770082 ) ) ;
#5698 = AXIS2_PLACEMENT_3D ( 'NONE', #10876, #7038, #6141 ) ;
#5699 = AXIS2_PLACEMENT_3D ( 'NONE', #5391, #1813, #804 ) ;
#5700 = ORIENTED_EDGE ( 'NONE', *, *, #10228, .T. ) ;
#5701 = LINE ( 'NONE', #3971, #477 ) ;
#5702 = PLANE ( 'NONE',  #8376 ) ;
#5703 = LINE ( 'NONE', #1119, #2957 ) ;
#5704 = ORIENTED_EDGE ( 'NONE', *, *, #6999, .T. ) ;
#5705 =( NAMED_UNIT ( * ) SI_UNIT ( $, .STERADIAN. ) SOLID_ANGLE_UNIT ( ) );
#5706 =( GEOMETRIC_REPRESENTATION_CONTEXT ( 3 ) GLOBAL_UNCERTAINTY_ASSIGNED_CONTEXT ( ( #6566 ) ) GLOBAL_UNIT_ASSIGNED_CONTEXT ( ( #10212, #4823, #1029 ) ) REPRESENTATION_CONTEXT ( 'NONE', 'WORKASPACE' ) );
#5707 = DIRECTION ( 'NONE',  ( -1.000000000000000000, 0.0000000000000000000, -0.0000000000000000000 ) ) ;
#5708 = VECTOR ( 'NONE', #3428, 1000.000000000000000 ) ;
#5709 = APPLICATION_PROTOCOL_DEFINITION ( 'draft international standard', 'automotive_design', 1998, #10845 ) ;
#5710 = DIRECTION ( 'NONE',  ( 0.0000000000000000000, 1.000000000000000000, 0.0000000000000000000 ) ) ;
#5711 = CARTESIAN_POINT ( 'NONE',  ( -1.625000000000000222, 0.03333333333333334675, 2.500105095651770082 ) ) ;
#5712 = ORIENTED_EDGE ( 'NONE', *, *, #6756, .T. ) ;
#5713 = ADVANCED_FACE ( 'NONE', ( #778 ), #653, .T. ) ;
#5714 = VECTOR ( 'NONE', #3466, 1000.000000000000000 ) ;
#5715 = CARTESIAN_POINT ( 'NONE',  ( -1.218715642527500087, 0.8950000000000000178, 0.03948426467512310134 ) ) ;
#5716 = VECTOR ( 'NONE', #7217, 1000.000000000000000 ) ;
#5717 = EDGE_LOOP ( 'NONE', ( #3692, #3344, #8242, #5899 ) ) ;
#5718 = VECTOR ( 'NONE', #10218, 1000.000000000000000 ) ;
#5719 = CARTESIAN_POINT ( 'NONE',  ( 1.047267970585380015, 0.8900000000000000133, 0.08925939097236600117 ) ) ;
#5720 = ORIENTED_EDGE ( 'NONE', *, *, #4612, .F. ) ;
#5721 = ORIENTED_EDGE ( 'NONE', *, *, #9234, .F. ) ;
#5722 = ADVANCED_FACE ( 'NONE', ( #1 ), #9080, .T. ) ;
#5723 = DIRECTION ( 'NONE',  ( 0.0000000000000000000, 1.000000000000000000, 0.0000000000000000000 ) ) ;
#5724 = CARTESIAN_POINT ( 'NONE',  ( 2.100000000000000089, 0.0000000000000000000, 1.254999999999999893 ) ) ;
#5725 = CARTESIAN_POINT ( 'NONE',  ( 1.254999999999999893, 0.1000000000000000056, 2.100000000000000089 ) ) ;
#5726 = AXIS2_PLACEMENT_3D ( 'NONE', #2380, #6022, #5972 ) ;
#5727 = CARTESIAN_POINT ( 'NONE',  ( 2.100000000000000089, 0.0000000000000000000, -1.755000000000000115 ) ) ;
#5728 = CARTESIAN_POINT ( 'NONE',  ( 1.079322932461522777, 0.8999999999999999112, -0.2034024880864777618 ) ) ;
#5729 = LINE ( 'NONE', #259, #4219 ) ;
#5730 = CARTESIAN_POINT ( 'NONE',  ( -0.1250000000000000000, 0.0000000000000000000, -2.220000000000000195 ) ) ;
#5731 = VERTEX_POINT ( 'NONE', #716 ) ;
#5732 = LINE ( 'NONE', #3820, #1349 ) ;
#5733 = ORIENTED_EDGE ( 'NONE', *, *, #5664, .F. ) ;
#5734 = CARTESIAN_POINT ( 'NONE',  ( 2.220000000000000195, 0.1000000000000000056, -0.2550000000000000044 ) ) ;
#5735 = CARTESIAN_POINT ( 'NONE',  ( -2.220000000000000195, 0.0000000000000000000, 0.1250000000000000000 ) ) ;
#5736 = EDGE_CURVE ( 'NONE', #8357, #6354, #5671, .T. ) ;
#5737 = CARTESIAN_POINT ( 'NONE',  ( -1.625000000000000222, 0.1000000000000000056, 2.500105095651770082 ) ) ;
#5738 = DIRECTION ( 'NONE',  ( 0.0000000000000000000, 0.0000000000000000000, -1.000000000000000000 ) ) ;
#5739 = CARTESIAN_POINT ( 'NONE',  ( -2.100000000000000089, 0.0000000000000000000, 0.7549999999999990052 ) ) ;
#5740 = CARTESIAN_POINT ( 'NONE',  ( 2.157361600948405123, -0.03000000000000001277, -0.8620672284331772905 ) ) ;
#5741 = PRESENTATION_STYLE_ASSIGNMENT (( #10511 ) ) ;
#5742 = CARTESIAN_POINT ( 'NONE',  ( -2.500447051772229923, 0.1000000000000000056, -0.2083333333333333148 ) ) ;
#5743 = VECTOR ( 'NONE', #8222, 1000.000000000000000 ) ;
#5744 = VERTEX_POINT ( 'NONE', #8817 ) ;
#5745 = B_SPLINE_CURVE_WITH_KNOTS ( 'NONE', 3,
 ( #9763, #5223, #8073, #4335 ),
 .UNSPECIFIED., .F., .F.,
 ( 4, 4 ),
 ( 0.0000000000000000000, 1.000000000000000000 ),
 .UNSPECIFIED. ) ;
#5746 = VERTEX_POINT ( 'NONE', #5226 ) ;
#5747 = CARTESIAN_POINT ( 'NONE',  ( -2.100000000000000089, 0.0000000000000000000, -0.7516666666666663721 ) ) ;
#5748 = DIRECTION ( 'NONE',  ( 0.0000000000000000000, 0.0000000000000000000, 1.000000000000000000 ) ) ;
#5749 = EDGE_CURVE ( 'NONE', #3290, #8168, #1145, .T. ) ;
#5750 = VERTEX_POINT ( 'NONE', #9767 ) ;
#5751 = CARTESIAN_POINT ( 'NONE',  ( 0.0000000000000000000, 0.9000000000000001332, -0.04018706825244849901 ) ) ;
#5752 = DIRECTION ( 'NONE',  ( 0.5579391863233839066, 0.0000000000000000000, 0.8298818375918347590 ) ) ;
#5753 = PRESENTATION_LAYER_ASSIGNMENT (  '', '', ( #8412 ) ) ;
#5754 = CARTESIAN_POINT ( 'NONE',  ( 1.625000000000000222, 0.1000000000000000056, 2.500105095651770082 ) ) ;
#5755 = CARTESIAN_POINT ( 'NONE',  ( -1.061077176307170244, 0.8899999999999999023, 0.1447185921249101448 ) ) ;
#5756 = DIRECTION ( 'NONE',  ( 0.0000000000000000000, -1.000000000000000000, 0.0000000000000000000 ) ) ;
#5757 = DIRECTION ( 'NONE',  ( 0.0000000000000000000, 1.000000000000000000, 0.0000000000000000000 ) ) ;
#5758 =( NAMED_UNIT ( * ) SI_UNIT ( $, .STERADIAN. ) SOLID_ANGLE_UNIT ( ) );
#5759 = ORIENTED_EDGE ( 'NONE', *, *, #4241, .T. ) ;
#5760 = COLOUR_RGB ( '',0.2000000000000000111, 0.2000000000000000111, 0.2000000000000000111 ) ;
#5761 = CARTESIAN_POINT ( 'NONE',  ( -1.637932771566822820, -0.0000000000000000000, -2.157361600948406455 ) ) ;
#5762 = FACE_OUTER_BOUND ( 'NONE', #2794, .T. ) ;
#5763 = DIRECTION ( 'NONE',  ( -0.0000000000000000000, -1.000000000000000000, 0.0000000000000000000 ) ) ;
#5764 = EDGE_LOOP ( 'NONE', ( #8517, #1481, #4333, #3561 ) ) ;
#5765 = CARTESIAN_POINT ( 'NONE',  ( 74.09240250882329804, 0.9000000000000001332, -19.99421807794459838 ) ) ;
#5766 = SURFACE_STYLE_USAGE ( .BOTH. , #5040 ) ;
#5767 = CARTESIAN_POINT ( 'NONE',  ( -0.2226109559785069969, 0.8900000000000000133, -0.3316052058057050167 ) ) ;
#5768 = EDGE_LOOP ( 'NONE', ( #6206, #7376, #7134, #10158 ) ) ;
#5769 = CARTESIAN_POINT ( 'NONE',  ( 1.206242467781529992, 0.9000000000000001332, -0.2609950194256709932 ) ) ;
#5770 = DIRECTION ( 'NONE',  ( 0.0000000000000000000, 0.0000000000000000000, -1.000000000000000000 ) ) ;
#5771 = ORIENTED_EDGE ( 'NONE', *, *, #10917, .F. ) ;
#5772 = EDGE_CURVE ( 'NONE', #3629, #1991, #6387, .T. ) ;
#5773 = DIRECTION ( 'NONE',  ( 1.000000000000000000, 0.0000000000000000000, -0.0000000000000000000 ) ) ;
#5774 = ORIENTED_EDGE ( 'NONE', *, *, #8708, .F. ) ;
#5775 = ADVANCED_FACE ( 'NONE', ( #7084 ), #1655, .F. ) ;
#5776 = ORIENTED_EDGE ( 'NONE', *, *, #8750, .F. ) ;
#5777 = ORIENTED_EDGE ( 'NONE', *, *, #7746, .F. ) ;
#5778 = CARTESIAN_POINT ( 'NONE',  ( -2.500000000000000000, 0.0000000000000000000, -1.541666666666666741 ) ) ;
#5779 = DIRECTION ( 'NONE',  ( 0.0000000000000000000, 0.0000000000000000000, -1.000000000000000000 ) ) ;
#5780 = CARTESIAN_POINT ( 'NONE',  ( -2.500000000000000000, 0.0000000000000000000, -1.625000000000000222 ) ) ;
#5781 = ORIENTED_EDGE ( 'NONE', *, *, #1476, .F. ) ;
#5782 = COLOUR_RGB ( '',1.000000000000000000, 1.000000000000000000, 1.000000000000000000 ) ;
#5783 = SURFACE_SIDE_STYLE ('',( #6863 ) ) ;
#5784 = ADVANCED_FACE ( 'NONE', ( #3801 ), #949, .F. ) ;
#5785 = ORIENTED_EDGE ( 'NONE', *, *, #9811, .F. ) ;
#5786 = ORIENTED_EDGE ( 'NONE', *, *, #8708, .T. ) ;
#5787 = DIRECTION ( 'NONE',  ( 0.0000000000000000000, -1.000000000000000000, 0.0000000000000000000 ) ) ;
#5788 = EDGE_CURVE ( 'NONE', #9236, #8136, #843, .T. ) ;
#5789 = EDGE_LOOP ( 'NONE', ( #8440, #3017, #10241, #7931, #1225, #29, #593, #427, #11386, #1746, #442, #2306, #10188, #1149, #9995, #6384, #2293, #9377, #8012, #2390, #7692, #731, #7400, #7423, #11677, #8107, #4346, #5154, #6232, #5383, #5444, #5796, #7149, #10092, #2523, #9587 ) ) ;
#5790 = CARTESIAN_POINT ( 'NONE',  ( 1.245000000000000329, 0.0000000000000000000, 2.100000000000000089 ) ) ;
#5791 = DIRECTION ( 'NONE',  ( -0.0000000000000000000, -1.000000000000000000, -0.0000000000000000000 ) ) ;
#5792 =( GEOMETRIC_REPRESENTATION_CONTEXT ( 3 ) GLOBAL_UNCERTAINTY_ASSIGNED_CONTEXT ( ( #7679 ) ) GLOBAL_UNIT_ASSIGNED_CONTEXT ( ( #5463, #2594, #10844 ) ) REPRESENTATION_CONTEXT ( 'NONE', 'WORKASPACE' ) );
#5793 = CARTESIAN_POINT ( 'NONE',  ( -2.220000000000000195, 0.1000000000000000056, 0.8750000000000000000 ) ) ;
#5794 = CARTESIAN_POINT ( 'NONE',  ( -0.5608945834891579940, 0.8900000000000000133, -0.3316052058057050167 ) ) ;
#5795 = DIRECTION ( 'NONE',  ( 0.0000000000000000000, 1.000000000000000000, 0.0000000000000000000 ) ) ;
#5796 = ORIENTED_EDGE ( 'NONE', *, *, #1551, .F. ) ;
#5797 = CYLINDRICAL_SURFACE ( 'NONE', #1874, 0.1200000000000000927 ) ;
#5798 = B_SPLINE_CURVE_WITH_KNOTS ( 'NONE', 3,
 ( #10552, #487, #4941, #4173, #435, #607 ),
 .UNSPECIFIED., .F., .F.,
 ( 4, 2, 4 ),
 ( 0.0000000000000000000, 0.5000000000000000000, 1.000000000000000000 ),
 .UNSPECIFIED. ) ;
#5799 = LINE ( 'NONE', #11406, #11410 ) ;
#5800 = VECTOR ( 'NONE', #8654, 1000.000000000000000 ) ;
#5801 = ORIENTED_EDGE ( 'NONE', *, *, #11286, .T. ) ;
#5802 = VERTEX_POINT ( 'NONE', #9350 ) ;
#5803 = CARTESIAN_POINT ( 'NONE',  ( -1.966007182393600283, 0.8900000000000000133, -0.2566204218738730169 ) ) ;
#5804 = CARTESIAN_POINT ( 'NONE',  ( -1.791666666666666741, 0.1000000000000000056, 2.500105095651770082 ) ) ;
#5805 = ORIENTED_EDGE ( 'NONE', *, *, #1954, .T. ) ;
#5806 = CARTESIAN_POINT ( 'NONE',  ( 1.833079853516319968, 0.9000000000000001332, -0.3316052058057050167 ) ) ;
#5807 = VECTOR ( 'NONE', #3870, 1000.000000000000000 ) ;
#5808 = CARTESIAN_POINT ( 'NONE',  ( 1.625000000000000222, -0.03000000000000000583, 2.220000000000000195 ) ) ;
#5809 = VECTOR ( 'NONE', #11679, 1000.000000000000000 ) ;
#5810 = CARTESIAN_POINT ( 'NONE',  ( 0.0000000000000000000, 0.9000000000000001332, 0.3083217570670729879 ) ) ;
#5811 = CARTESIAN_POINT ( 'NONE',  ( 2.157361600948406455, -0.0000000000000000000, 1.862067228433177846 ) ) ;
#5812 = FACE_OUTER_BOUND ( 'NONE', #396, .T. ) ;
#5813 = SURFACE_STYLE_USAGE ( .BOTH. , #7431 ) ;
#5814 = EDGE_CURVE ( 'NONE', #2353, #7387, #4122, .T. ) ;
#5815 = EDGE_CURVE ( 'NONE', #1790, #10862, #119, .T. ) ;
#5816 = ORIENTED_EDGE ( 'NONE', *, *, #7871, .T. ) ;
#5817 = B_SPLINE_CURVE_WITH_KNOTS ( 'NONE', 3,
 ( #9262, #2932, #9151, #1099, #9326, #4713 ),
 .UNSPECIFIED., .F., .F.,
 ( 4, 2, 4 ),
 ( 0.0000000000000000000, 0.5000000000000000000, 1.000000000000000000 ),
 .UNSPECIFIED. ) ;
#5818 = CARTESIAN_POINT ( 'NONE',  ( -0.2226109559785069969, 0.8900000000000000133, -0.3316052058057050167 ) ) ;
#5819 = CARTESIAN_POINT ( 'NONE',  ( -1.966007182393600283, 0.8900000000000000133, -0.3316052058057050167 ) ) ;
#5820 = CARTESIAN_POINT ( 'NONE',  ( 2.220000000000000195, 0.0000000000000000000, -0.8750000000000001110 ) ) ;
#5821 = ORIENTED_EDGE ( 'NONE', *, *, #1427, .T. ) ;
#5822 = LINE ( 'NONE', #9094, #8911 ) ;
#5823 = CARTESIAN_POINT ( 'NONE',  ( 0.3154900787141289853, 0.8900000000000000133, -0.3316052058057050167 ) ) ;
#5824 = CARTESIAN_POINT ( 'NONE',  ( 2.157361600948406011, -0.03000000000000000930, 1.862067228433177846 ) ) ;
#5825 = CARTESIAN_POINT ( 'NONE',  ( -2.500447051772229923, 0.1000000000000000056, 1.791666666666666741 ) ) ;
#5826 = CARTESIAN_POINT ( 'NONE',  ( 2.100000000000000089, 0.1000000000000000056, -1.254999999999999893 ) ) ;
#5827 = CARTESIAN_POINT ( 'NONE',  ( 1.625000000000000000, 0.0000000000000000000, 2.188584073464102442 ) ) ;
#5828 = ORIENTED_EDGE ( 'NONE', *, *, #6097, .F. ) ;
#5829 = CARTESIAN_POINT ( 'NONE',  ( 0.6250000000000000000, -0.03000000000000000930, 2.500105095651770082 ) ) ;
#5830 = VECTOR ( 'NONE', #1365, 1000.000000000000000 ) ;
#5831 = CARTESIAN_POINT ( 'NONE',  ( -0.6478087648646909669, 0.9000000000000001332, 0.3083217570670889751 ) ) ;
#5832 = VERTEX_POINT ( 'NONE', #5469 ) ;
#5833 = EDGE_CURVE ( 'NONE', #6231, #3643, #6424, .T. ) ;
#5834 = CARTESIAN_POINT ( 'NONE',  ( 2.500000000000000000, 0.0000000000000000000, 0.8750000000000001110 ) ) ;
#5835 = AXIS2_PLACEMENT_3D ( 'NONE', #10320, #1264, #4876 ) ;
#5836 = EDGE_LOOP ( 'NONE', ( #10315, #5849, #5895, #4362 ) ) ;
#5837 = CIRCLE ( 'NONE', #7159, 0.1499999999999999667 ) ;
#5838 = CARTESIAN_POINT ( 'NONE',  ( 0.6095699525794630036, 0.9000000000000001332, 0.1397712656946689946 ) ) ;
#5839 = ORIENTED_EDGE ( 'NONE', *, *, #5070, .T. ) ;
#5840 = ORIENTED_EDGE ( 'NONE', *, *, #2427, .F. ) ;
#5841 = CARTESIAN_POINT ( 'NONE',  ( 2.406666666666666732, 0.0000000000000000000, -0.6250000000000000000 ) ) ;
#5842 = CARTESIAN_POINT ( 'NONE',  ( 2.500223525886114739, 0.1000000000000000194, -1.625000000000000222 ) ) ;
#5843 = EDGE_CURVE ( 'NONE', #8227, #10909, #7439, .T. ) ;
#5844 = DIRECTION ( 'NONE',  ( -0.0000000000000000000, 0.0000000000000000000, -1.000000000000000000 ) ) ;
#5845 = CARTESIAN_POINT ( 'NONE',  ( 2.500223525886114739, 0.1000000000000000194, 1.875000000000000222 ) ) ;
#5846 = UNCERTAINTY_MEASURE_WITH_UNIT (LENGTH_MEASURE( 1.000000000000000082E-05 ), #3637, 'distance_accuracy_value', 'NONE');
#5847 = CARTESIAN_POINT ( 'NONE',  ( -2.500447051772229923, 0.1000000000000000056, 1.208333333333333481 ) ) ;
#5848 = CARTESIAN_POINT ( 'NONE',  ( 0.3750000000000000000, -0.03000000000000000583, -2.220000000000000195 ) ) ;
#5849 = ORIENTED_EDGE ( 'NONE', *, *, #8000, .F. ) ;
#5850 = AXIS2_PLACEMENT_3D ( 'NONE', #5292, #5231, #9833 ) ;
#5851 =( NAMED_UNIT ( * ) SI_UNIT ( $, .STERADIAN. ) SOLID_ANGLE_UNIT ( ) );
#5852 = VERTEX_POINT ( 'NONE', #3739 ) ;
#5853 = ORIENTED_EDGE ( 'NONE', *, *, #1030, .F. ) ;
#5854 = FACE_OUTER_BOUND ( 'NONE', #1120, .T. ) ;
#5855 = ORIENTED_EDGE ( 'NONE', *, *, #7867, .T. ) ;
#5856 = CARTESIAN_POINT ( 'NONE',  ( -1.150359397269010042, 0.9000000000000001332, -0.3554240631100160641 ) ) ;
#5857 = CARTESIAN_POINT ( 'NONE',  ( -0.3750000000000000000, -0.03000000000000000930, -2.500105095651770082 ) ) ;
#5858 = CARTESIAN_POINT ( 'NONE',  ( 2.100000000000000533, -0.03000000000000000930, -1.713584073464102131 ) ) ;
#5859 = ORIENTED_EDGE ( 'NONE', *, *, #11452, .F. ) ;
#5860 = CARTESIAN_POINT ( 'NONE',  ( -2.112932771566823131, -0.0000000000000000000, -1.682361600948406810 ) ) ;
#5861 = CARTESIAN_POINT ( 'NONE',  ( -1.966007182393600283, 0.8900000000000000133, -0.2566204218738730169 ) ) ;
#5862 = ORIENTED_EDGE ( 'NONE', *, *, #3779, .F. ) ;
#5863 = ADVANCED_FACE ( 'NONE', ( #2008 ), #4800, .T. ) ;
#5864 = CARTESIAN_POINT ( 'NONE',  ( 2.100000000000000089, 0.0000000000000000000, -0.7516666666666663721 ) ) ;
#5865 = STYLED_ITEM ( 'NONE', ( #5285 ), #7767 ) ;
#5866 = ORIENTED_EDGE ( 'NONE', *, *, #7030, .T. ) ;
#5867 = LINE ( 'NONE', #11356, #10078 ) ;
#5868 = CARTESIAN_POINT ( 'NONE',  ( -2.406666666666666288, 0.0000000000000000000, 0.8750000000000000000 ) ) ;
#5869 = CARTESIAN_POINT ( 'NONE',  ( 0.5050822880872269938, 0.8900000000000000133, -0.3222321078142260098 ) ) ;
#5870 = B_SPLINE_CURVE_WITH_KNOTS ( 'NONE', 3,
 ( #1632, #4649, #1696, #8288 ),
 .UNSPECIFIED., .F., .F.,
 ( 4, 4 ),
 ( 0.0000000000000000000, 1.000000000000000000 ),
 .UNSPECIFIED. ) ;
#5871 = VERTEX_POINT ( 'NONE', #10130 ) ;
#5872 = CARTESIAN_POINT ( 'NONE',  ( -1.637932771566822598, -0.0000000000000000000, 2.157361600948406011 ) ) ;
#5873 = CARTESIAN_POINT ( 'NONE',  ( 2.220000000000000195, 0.1000000000000000056, -1.375000000000000000 ) ) ;
#5874 = ADVANCED_FACE ( 'NONE', ( #8445 ), #300, .T. ) ;
#5875 = CARTESIAN_POINT ( 'NONE',  ( -1.410606984780609974, 0.8999999999999989120, -0.2390209085690840063 ) ) ;
#5876 =( GEOMETRIC_REPRESENTATION_CONTEXT ( 3 ) GLOBAL_UNCERTAINTY_ASSIGNED_CONTEXT ( ( #1162 ) ) GLOBAL_UNIT_ASSIGNED_CONTEXT ( ( #8755, #6117, #2477 ) ) REPRESENTATION_CONTEXT ( 'NONE', 'WORKASPACE' ) );
#5877 = DIRECTION ( 'NONE',  ( -0.0000000000000000000, -1.000000000000000000, 0.0000000000000000000 ) ) ;
#5878 = PLANE ( 'NONE',  #262 ) ;
#5879 = B_SPLINE_CURVE_WITH_KNOTS ( 'NONE', 3,
 ( #1230, #3238, #6762, #5872, #9560, #9510 ),
 .UNSPECIFIED., .F., .F.,
 ( 4, 2, 4 ),
 ( 0.0000000000000000000, 0.5000000000000000000, 1.000000000000000000 ),
 .UNSPECIFIED. ) ;
#5880 = CARTESIAN_POINT ( 'NONE',  ( 2.220000000000000195, 0.1000000000000000056, -0.1250000000000000000 ) ) ;
#5881 = ORIENTED_EDGE ( 'NONE', *, *, #1353, .F. ) ;
#5882 = CARTESIAN_POINT ( 'NONE',  ( 1.750000000000000222, 0.0000000000000000000, 1.446694957894780087 ) ) ;
#5883 = CARTESIAN_POINT ( 'NONE',  ( -1.375000000000000000, 0.0000000000000000000, -2.313333333333333464 ) ) ;
#5884 = CARTESIAN_POINT ( 'NONE',  ( -2.100000000000000089, 0.0000000000000000000, 1.251666666666666483 ) ) ;
#5885 = ORIENTED_EDGE ( 'NONE', *, *, #9661, .F. ) ;
#5886 = CARTESIAN_POINT ( 'NONE',  ( 2.406666666666666732, 0.0000000000000000000, 0.1250000000000000000 ) ) ;
#5887 = CARTESIAN_POINT ( 'NONE',  ( 2.500000000000000000, 0.0000000000000000000, 0.6250000000000000000 ) ) ;
#5888 = ADVANCED_FACE ( 'NONE', ( #6779 ), #7778, .T. ) ;
#5889 = FACE_OUTER_BOUND ( 'NONE', #3848, .T. ) ;
#5890 = EDGE_CURVE ( 'NONE', #4996, #3712, #3835, .T. ) ;
#5891 = CARTESIAN_POINT ( 'NONE',  ( -2.220000000000000195, -0.03000000000000000583, 1.375000000000000000 ) ) ;
#5892 = ORIENTED_EDGE ( 'NONE', *, *, #6404, .F. ) ;
#5893 = DIRECTION ( 'NONE',  ( -0.0000000000000000000, 1.000000000000000000, 0.0000000000000000000 ) ) ;
#5894 = FILL_AREA_STYLE_COLOUR ( '', #10326 ) ;
#5895 = ORIENTED_EDGE ( 'NONE', *, *, #2619, .F. ) ;
#5896 = B_SPLINE_CURVE_WITH_KNOTS ( 'NONE', 3,
 ( #9270, #10344, #4904, #2163, #8553, #232 ),
 .UNSPECIFIED., .F., .F.,
 ( 4, 2, 4 ),
 ( 0.0000000000000000000, 0.5000000000000000000, 1.000000000000000000 ),
 .UNSPECIFIED. ) ;
#5897 = UNCERTAINTY_MEASURE_WITH_UNIT (LENGTH_MEASURE( 1.000000000000000082E-05 ), #10958, 'distance_accuracy_value', 'NONE');
#5898 = AXIS2_PLACEMENT_3D ( 'NONE', #8401, #10206, #2021 ) ;
#5899 = ORIENTED_EDGE ( 'NONE', *, *, #4906, .T. ) ;
#5900 = CARTESIAN_POINT ( 'NONE',  ( -0.7483565433187380211, 0.8900000000000000133, -0.05978536405281360128 ) ) ;
#5901 = B_SPLINE_CURVE_WITH_KNOTS ( 'NONE', 3,
 ( #3585, #6445, #10932, #10029, #911, #4474 ),
 .UNSPECIFIED., .F., .F.,
 ( 4, 2, 4 ),
 ( 0.0000000000000000000, 0.5000000000000000000, 1.000000000000000000 ),
 .UNSPECIFIED. ) ;
#5902 = ORIENTED_EDGE ( 'NONE', *, *, #8562, .F. ) ;
#5903 = MECHANICAL_DESIGN_GEOMETRIC_PRESENTATION_REPRESENTATION (  '', ( #11612 ), #5323 ) ;
#5904 = PRESENTATION_LAYER_ASSIGNMENT (  '', '', ( #392 ) ) ;
#5905 = ORIENTED_EDGE ( 'NONE', *, *, #3275, .F. ) ;
#5906 = CARTESIAN_POINT ( 'NONE',  ( 2.100000000000000089, -0.03000000000000000930, -0.7549999999999990052 ) ) ;
#5907 = EDGE_CURVE ( 'NONE', #4797, #5169, #8674, .T. ) ;
#5908 = CARTESIAN_POINT ( 'NONE',  ( 2.112932771566822687, -0.0000000000000000000, -0.3176383990515933564 ) ) ;
#5909 = CARTESIAN_POINT ( 'NONE',  ( 2.100000000000000089, -0.03000000000000000583, 1.754999999999999893 ) ) ;
#5910 =( NAMED_UNIT ( * ) PLANE_ANGLE_UNIT ( ) SI_UNIT ( $, .RADIAN. ) );
#5911 = CARTESIAN_POINT ( 'NONE',  ( -1.375000000000000000, 0.0000000000000000000, 2.220000000000000195 ) ) ;
#5912 = VECTOR ( 'NONE', #3255, 1000.000000000000000 ) ;
#5913 = ORIENTED_EDGE ( 'NONE', *, *, #3510, .T. ) ;
#5914 = VECTOR ( 'NONE', #4940, 1000.000000000000000 ) ;
#5915 = CARTESIAN_POINT ( 'NONE',  ( 0.8515543603564610375, 0.8999999999999999112, -0.3025521533941810115 ) ) ;
#5916 = ORIENTED_EDGE ( 'NONE', *, *, #4718, .T. ) ;
#5917 = EDGE_CURVE ( 'NONE', #10133, #9615, #9466, .T. ) ;
#5918 = FACE_OUTER_BOUND ( 'NONE', #9652, .T. ) ;
#5919 = EDGE_LOOP ( 'NONE', ( #7024, #11668, #8757, #11562 ) ) ;
#5920 = CARTESIAN_POINT ( 'NONE',  ( -1.055112477585320008, 0.9000000000000001332, -0.1633154918677859890 ) ) ;
#5921 = B_SPLINE_CURVE_WITH_KNOTS ( 'NONE', 3,
 ( #6943, #1474, #8797, #4263, #9629, #2525 ),
 .UNSPECIFIED., .F., .F.,
 ( 4, 2, 4 ),
 ( 0.0000000000000000000, 0.5000000000000000000, 1.000000000000000000 ),
 .UNSPECIFIED. ) ;
#5922 = LINE ( 'NONE', #2270, #7805 ) ;
#5923 = LINE ( 'NONE', #6694, #3783 ) ;
#5924 = DIRECTION ( 'NONE',  ( 1.000000000000000000, -0.0000000000000000000, 0.0000000000000000000 ) ) ;
#5925 = CARTESIAN_POINT ( 'NONE',  ( 2.112932771566822687, -0.03000000000000000930, -1.817638399051593634 ) ) ;
#5926 = DIRECTION ( 'NONE',  ( 0.0000000000000000000, 1.000000000000000000, 0.0000000000000000000 ) ) ;
#5927 = ORIENTED_EDGE ( 'NONE', *, *, #8439, .T. ) ;
#5928 = VERTEX_POINT ( 'NONE', #1370 ) ;
#5929 = CARTESIAN_POINT ( 'NONE',  ( 1.875000000000000000, -0.03000000000000000583, 2.220000000000000195 ) ) ;
#5930 = LINE ( 'NONE', #10517, #10018 ) ;
#5931 = CARTESIAN_POINT ( 'NONE',  ( -1.366138416502250097, 0.9000000000000001332, 0.2358692094292010322 ) ) ;
#5932 = EDGE_CURVE ( 'NONE', #10128, #2279, #11428, .T. ) ;
#5933 = ORIENTED_EDGE ( 'NONE', *, *, #8327, .F. ) ;
#5934 = CARTESIAN_POINT ( 'NONE',  ( 1.107442980426871726, 0.8900000000000001243, -0.1501310532332287562 ) ) ;
#5935 = CARTESIAN_POINT ( 'NONE',  ( 0.3750000000000000000, 0.06666666666666666574, -2.500105095651770082 ) ) ;
#5936 = PLANE ( 'NONE',  #4693 ) ;
#5937 = DIRECTION ( 'NONE',  ( -0.0000000000000000000, 1.000000000000000000, -0.0000000000000000000 ) ) ;
#5938 = ORIENTED_EDGE ( 'NONE', *, *, #8365, .T. ) ;
#5939 = ADVANCED_FACE ( 'NONE', ( #10358 ), #9576, .T. ) ;
#5940 = CARTESIAN_POINT ( 'NONE',  ( -2.220000000000000195, -0.03000000000000000583, -1.625000000000000222 ) ) ;
#5941 = CARTESIAN_POINT ( 'NONE',  ( 1.625000000000000222, -0.03000000000000000583, -2.220000000000000195 ) ) ;
#5942 = AXIS2_PLACEMENT_3D ( 'NONE', #9, #9834, #5473 ) ;
#5943 = ORIENTED_EDGE ( 'NONE', *, *, #8459, .T. ) ;
#5944 =( NAMED_UNIT ( * ) PLANE_ANGLE_UNIT ( ) SI_UNIT ( $, .RADIAN. ) );
#5945 = FACE_OUTER_BOUND ( 'NONE', #2813, .T. ) ;
#5946 = DIRECTION ( 'NONE',  ( 0.0000000000000000000, -0.0000000000000000000, -1.000000000000000000 ) ) ;
#5947 = CARTESIAN_POINT ( 'NONE',  ( -2.500000000000000000, 0.0000000000000000000, 1.541666666666666741 ) ) ;
#5948 = CARTESIAN_POINT ( 'NONE',  ( 1.375000000000000000, -0.03000000000000000930, 2.500105095651770082 ) ) ;
#5949 = DIRECTION ( 'NONE',  ( 0.0000000000000000000, -0.0000000000000000000, 1.000000000000000000 ) ) ;
#5950 = B_SPLINE_CURVE_WITH_KNOTS ( 'NONE', 3,
 ( #2227, #11364, #6885, #1415, #6992, #6767 ),
 .UNSPECIFIED., .F., .F.,
 ( 4, 2, 4 ),
 ( 0.0000000000000000000, 0.5000000000000000000, 1.000000000000000000 ),
 .UNSPECIFIED. ) ;
#5951 = CARTESIAN_POINT ( 'NONE',  ( -2.500447051772229923, 0.1000000000000000056, 0.1250000000000000000 ) ) ;
#5952 = MECHANICAL_DESIGN_GEOMETRIC_PRESENTATION_REPRESENTATION (  '', ( #2894 ), #8807 ) ;
#5953 = CARTESIAN_POINT ( 'NONE',  ( 2.220000000000000195, 0.1000000000000000056, 0.8750000000000000000 ) ) ;
#5954 = CARTESIAN_POINT ( 'NONE',  ( -0.3750000000000000000, 0.0000000000000000000, -2.406666666666666732 ) ) ;
#5955 = ORIENTED_EDGE ( 'NONE', *, *, #9223, .F. ) ;
#5956 = ORIENTED_EDGE ( 'NONE', *, *, #11086, .F. ) ;
#5957 = AXIS2_PLACEMENT_3D ( 'NONE', #3012, #8568, #3976 ) ;
#5958 = DIRECTION ( 'NONE',  ( -1.000000000000000000, 0.0000000000000000000, 0.0000000000000000000 ) ) ;
#5959 = DIRECTION ( 'NONE',  ( 0.0000000000000000000, 0.0000000000000000000, 1.000000000000000000 ) ) ;
#5960 = SURFACE_SIDE_STYLE ('',( #8646 ) ) ;
#5961 = FILL_AREA_STYLE_COLOUR ( '', #5365 ) ;
#5962 = CARTESIAN_POINT ( 'NONE',  ( -1.625000000000000222, 0.1000000000000000056, -2.500105095651770082 ) ) ;
#5963 = VERTEX_POINT ( 'NONE', #10536 ) ;
#5964 = DIRECTION ( 'NONE',  ( 0.9850533084924683047, 0.0000000000000000000, 0.1722497588620720277 ) ) ;
#5965 = COLOUR_RGB ( '',1.000000000000000000, 1.000000000000000000, 1.000000000000000000 ) ;
#5966 = ADVANCED_FACE ( 'NONE', ( #4922 ), #8209, .T. ) ;
#5967 = EDGE_LOOP ( 'NONE', ( #567, #5338, #663, #6204 ) ) ;
#5968 = CARTESIAN_POINT ( 'NONE',  ( 0.6789106508382921623, 0.8899999999999999023, -0.2161456805470310938 ) ) ;
#5969 = VERTEX_POINT ( 'NONE', #2526 ) ;
#5970 = CARTESIAN_POINT ( 'NONE',  ( 2.000000000000000000, 0.8900000000000000133, 1.850000000000000089 ) ) ;
#5971 = CARTESIAN_POINT ( 'NONE',  ( 0.3998479606374399919, 0.8900000000000000133, -0.3316052058057050167 ) ) ;
#5972 = DIRECTION ( 'NONE',  ( 0.0000000000000000000, 0.0000000000000000000, -1.000000000000000000 ) ) ;
#5973 = LINE ( 'NONE', #3051, #8918 ) ;
#5974 = EDGE_CURVE ( 'NONE', #660, #11028, #7534, .T. ) ;
#5975 = LINE ( 'NONE', #9608, #10460 ) ;
#5976 = EDGE_CURVE ( 'NONE', #652, #5969, #4822, .T. ) ;
#5977 = ORIENTED_EDGE ( 'NONE', *, *, #8593, .F. ) ;
#5978 = CARTESIAN_POINT ( 'NONE',  ( -2.500447051772229923, -0.03000000000000000930, -1.375000000000000222 ) ) ;
#5979 = DIRECTION ( 'NONE',  ( 0.0000000000000000000, -1.000000000000000000, 0.0000000000000000000 ) ) ;
#5980 = SURFACE_SIDE_STYLE ('',( #3350 ) ) ;
#5981 = CYLINDRICAL_SURFACE ( 'NONE', #6823, 0.1199999999999998845 ) ;
#5982 = CARTESIAN_POINT ( 'NONE',  ( 0.01512489307809719921, 0.8900000000000000133, -0.04018706825244849901 ) ) ;
#5983 = DIRECTION ( 'NONE',  ( -1.000000000000000000, 0.0000000000000000000, 0.0000000000000000000 ) ) ;
#5984 = EDGE_CURVE ( 'NONE', #5370, #8872, #7890, .T. ) ;
#5985 = EDGE_CURVE ( 'NONE', #344, #9579, #11538, .T. ) ;
#5986 = MECHANICAL_DESIGN_GEOMETRIC_PRESENTATION_REPRESENTATION (  '', ( #4085 ), #5792 ) ;
#5987 = CARTESIAN_POINT ( 'NONE',  ( -1.745000000000000329, 0.1000000000000000056, -2.220000000000000195 ) ) ;
#5988 = CARTESIAN_POINT ( 'NONE',  ( 0.0000000000000000000, 0.9000000000000001332, -0.2566204218738730169 ) ) ;
#5989 = EDGE_CURVE ( 'NONE', #7060, #3303, #640, .T. ) ;
#5990 = ORIENTED_EDGE ( 'NONE', *, *, #868, .T. ) ;
#5991 = CARTESIAN_POINT ( 'NONE',  ( -2.100000000000000089, -0.03000000000000000930, -1.713584073464102131 ) ) ;
#5992 = CARTESIAN_POINT ( 'NONE',  ( 2.000000000000000000, 0.9000000000000001332, 2.000000000000000000 ) ) ;
#5993 =( NAMED_UNIT ( * ) SI_UNIT ( $, .STERADIAN. ) SOLID_ANGLE_UNIT ( ) );
#5994 = ORIENTED_EDGE ( 'NONE', *, *, #8254, .T. ) ;
#5995 = CARTESIAN_POINT ( 'NONE',  ( 1.750000000000000222, 0.0000000000000000000, 1.446694957894780087 ) ) ;
#5996 = CARTESIAN_POINT ( 'NONE',  ( -2.500223525886114739, 0.1000000000000000333, 1.625000000000000222 ) ) ;
#5997 = DIRECTION ( 'NONE',  ( 0.0000000000000000000, 1.000000000000000000, -0.0000000000000000000 ) ) ;
#5998 = ORIENTED_EDGE ( 'NONE', *, *, #8507, .T. ) ;
#5999 = CARTESIAN_POINT ( 'NONE',  ( -2.100000000000000089, -0.03000000000000000583, 0.7450000000000009948 ) ) ;
#6000 = ORIENTED_EDGE ( 'NONE', *, *, #2822, .T. ) ;
#6001 = ADVANCED_FACE ( 'NONE', ( #3367 ), #1768, .F. ) ;
#6002 = LINE ( 'NONE', #4163, #7876 ) ;
#6003 = ORIENTED_EDGE ( 'NONE', *, *, #11478, .T. ) ;
#6004 = DIRECTION ( 'NONE',  ( 0.0000000000000000000, 1.000000000000000000, -0.0000000000000000000 ) ) ;
#6005 = ORIENTED_EDGE ( 'NONE', *, *, #11618, .T. ) ;
#6006 = EDGE_LOOP ( 'NONE', ( #7448, #9734, #6981, #10016, #8443, #4864 ) ) ;
#6007 = VECTOR ( 'NONE', #3429, 1000.000000000000000 ) ;
#6008 = CARTESIAN_POINT ( 'NONE',  ( 1.750000000000000000, -0.03000000000000000236, 1.446694957894780087 ) ) ;
#6009 = PLANE ( 'NONE',  #3797 ) ;
#6010 = CARTESIAN_POINT ( 'NONE',  ( -1.125000000000000222, 0.0000000000000000000, 2.220000000000000195 ) ) ;
#6011 = CARTESIAN_POINT ( 'NONE',  ( -2.220000000000000195, 0.1000000000000000056, 1.625000000000000222 ) ) ;
#6012 = CARTESIAN_POINT ( 'NONE',  ( -1.209768594444730061, 0.9000000000000001332, -0.02953582053485869982 ) ) ;
#6013 = CARTESIAN_POINT ( 'NONE',  ( 1.125000000000000666, 0.0000000000000000000, -2.188584073464102886 ) ) ;
#6014 = ORIENTED_EDGE ( 'NONE', *, *, #3254, .F. ) ;
#6015 = LINE ( 'NONE', #11290, #5523 ) ;
#6016 = AXIS2_PLACEMENT_3D ( 'NONE', #7835, #2587, #8799 ) ;
#6017 = MECHANICAL_DESIGN_GEOMETRIC_PRESENTATION_REPRESENTATION (  '', ( #7545 ), #3928 ) ;
#6018 = EDGE_LOOP ( 'NONE', ( #6341, #4306, #2769, #2708, #10203, #10505 ) ) ;
#6019 = DIRECTION ( 'NONE',  ( -1.000000000000000000, 0.0000000000000000000, -0.0000000000000000000 ) ) ;
#6020 = CARTESIAN_POINT ( 'NONE',  ( -1.514735242883239907, 0.8900000000000000133, -0.1290124421508400121 ) ) ;
#6021 = CARTESIAN_POINT ( 'NONE',  ( 1.625000000000000222, -0.03000000000000000930, -2.500105095651770082 ) ) ;
#6022 = DIRECTION ( 'NONE',  ( 0.0000000000000000000, -1.000000000000000000, 0.0000000000000000000 ) ) ;
#6023 = PLANE ( 'NONE',  #4349 ) ;
#6024 = EDGE_CURVE ( 'NONE', #11739, #8941, #5213, .T. ) ;
#6025 = CARTESIAN_POINT ( 'NONE',  ( 2.100000000000000089, 0.1000000000000000056, -0.7450000000000009948 ) ) ;
#6026 = EDGE_CURVE ( 'NONE', #3072, #7246, #9935, .T. ) ;
#6027 = SURFACE_SIDE_STYLE ('',( #3288 ) ) ;
#6028 = ORIENTED_EDGE ( 'NONE', *, *, #2564, .T. ) ;
#6029 = EDGE_LOOP ( 'NONE', ( #11327, #11408, #267, #7804 ) ) ;
#6030 = LINE ( 'NONE', #10572, #8152 ) ;
#6031 = FILL_AREA_STYLE ('',( #9507 ) ) ;
#6032 = VERTEX_POINT ( 'NONE', #759 ) ;
#6033 = CARTESIAN_POINT ( 'NONE',  ( -2.406666666666666732, 0.0000000000000000000, -1.625000000000000222 ) ) ;
#6034 = CARTESIAN_POINT ( 'NONE',  ( 0.5150298878978477601, 0.8900000000000003464, -0.002161740005617123622 ) ) ;
#6035 = ADVANCED_FACE ( 'NONE', ( #10707 ), #7947, .T. ) ;
#6036 = DIRECTION ( 'NONE',  ( -1.000000000000000000, 0.0000000000000000000, -0.0000000000000000000 ) ) ;
#6037 = CARTESIAN_POINT ( 'NONE',  ( -1.375000000000000000, 0.0000000000000000000, 2.500000000000000000 ) ) ;
#6038 = ORIENTED_EDGE ( 'NONE', *, *, #10732, .F. ) ;
#6039 = CARTESIAN_POINT ( 'NONE',  ( 2.220000000000000195, -0.03000000000000000583, 0.8750000000000000000 ) ) ;
#6040 = AXIS2_PLACEMENT_3D ( 'NONE', #7354, #5449, #3771 ) ;
#6041 = ADVANCED_FACE ( 'NONE', ( #6225 ), #9874, .T. ) ;
#6042 = CARTESIAN_POINT ( 'NONE',  ( -2.157361600948405567, -0.0000000000000000000, -0.6379327715668224874 ) ) ;
#6043 = VERTEX_POINT ( 'NONE', #5517 ) ;
#6044 = SURFACE_STYLE_USAGE ( .BOTH. , #6776 ) ;
#6045 = CARTESIAN_POINT ( 'NONE',  ( 0.3750000000000000000, -0.03000000000000000583, 2.220000000000000195 ) ) ;
#6046 = VECTOR ( 'NONE', #4952, 1000.000000000000000 ) ;
#6047 = FACE_OUTER_BOUND ( 'NONE', #4293, .T. ) ;
#6048 = SURFACE_SIDE_STYLE ('',( #1639 ) ) ;
#6049 = EDGE_CURVE ( 'NONE', #3575, #3303, #11012, .T. ) ;
#6050 = CARTESIAN_POINT ( 'NONE',  ( 0.1250000000000000555, 0.0000000000000000000, -2.500000000000000000 ) ) ;
#6051 = ORIENTED_EDGE ( 'NONE', *, *, #5814, .T. ) ;
#6052 = CARTESIAN_POINT ( 'NONE',  ( -1.245000000000000329, 0.1000000000000000056, 2.220000000000000195 ) ) ;
#6053 = FACE_OUTER_BOUND ( 'NONE', #5218, .T. ) ;
#6054 = ORIENTED_EDGE ( 'NONE', *, *, #9169, .F. ) ;
#6055 = VECTOR ( 'NONE', #9922, 1000.000000000000000 ) ;
#6056 = CARTESIAN_POINT ( 'NONE',  ( 2.100000000000000089, -0.03000000000000000930, 1.745000000000000329 ) ) ;
#6057 = ORIENTED_EDGE ( 'NONE', *, *, #11517, .T. ) ;
#6058 = FACE_OUTER_BOUND ( 'NONE', #92, .T. ) ;
#6059 = ORIENTED_EDGE ( 'NONE', *, *, #2187, .T. ) ;
#6060 = FILL_AREA_STYLE ('',( #11553 ) ) ;
#6061 = ORIENTED_EDGE ( 'NONE', *, *, #11778, .T. ) ;
#6062 = EDGE_CURVE ( 'NONE', #2312, #8612, #286, .T. ) ;
#6063 = CARTESIAN_POINT ( 'NONE',  ( 1.537827266784729918, 0.8950000000000000178, 0.3083217570670889751 ) ) ;
#6064 = CARTESIAN_POINT ( 'NONE',  ( 2.220000000000000195, 0.1000000000000000056, 1.245000000000000329 ) ) ;
#6065 = AXIS2_PLACEMENT_3D ( 'NONE', #6737, #11158, #2196 ) ;
#6066 = CARTESIAN_POINT ( 'NONE',  ( -0.9920570910971920897, 0.8900000000000000133, -0.05978536405281360128 ) ) ;
#6067 = LINE ( 'NONE', #3269, #8893 ) ;
#6068 = EDGE_LOOP ( 'NONE', ( #3395, #5234 ) ) ;
#6069 = PLANE ( 'NONE',  #8944 ) ;
#6070 = COLOUR_RGB ( '',1.000000000000000000, 1.000000000000000000, 1.000000000000000000 ) ;
#6071 = ORIENTED_EDGE ( 'NONE', *, *, #8899, .F. ) ;
#6072 = EDGE_CURVE ( 'NONE', #3770, #6845, #3784, .T. ) ;
#6073 = CARTESIAN_POINT ( 'NONE',  ( 1.374999999999999778, 0.1000000000000000194, 2.500052547825884819 ) ) ;
#6074 = ORIENTED_EDGE ( 'NONE', *, *, #4366, .T. ) ;
#6075 = CARTESIAN_POINT ( 'NONE',  ( 2.500000000000000000, 0.0000000000000000000, -1.125000000000000222 ) ) ;
#6076 = CARTESIAN_POINT ( 'NONE',  ( 1.875000000000000000, -0.03000000000000000583, -2.220000000000000195 ) ) ;
#6077 = CARTESIAN_POINT ( 'NONE',  ( 1.254999999999999893, 0.0000000000000000000, -2.100000000000000089 ) ) ;
#6078 = CARTESIAN_POINT ( 'NONE',  ( -2.499999999999999556, 0.0000000000000000000, 1.125000000000000222 ) ) ;
#6079 = AXIS2_PLACEMENT_3D ( 'NONE', #6224, #5341, #4439 ) ;
#6080 = COLOUR_RGB ( '',0.2000000000000000111, 0.2000000000000000111, 0.2000000000000000111 ) ;
#6081 = B_SPLINE_CURVE_WITH_KNOTS ( 'NONE', 3,
 ( #7724, #592, #11484, #2179, #2408, #10596 ),
 .UNSPECIFIED., .F., .F.,
 ( 4, 2, 4 ),
 ( 0.0000000000000000000, 0.5000000000000000000, 1.000000000000000000 ),
 .UNSPECIFIED. ) ;
#6082 = CYLINDRICAL_SURFACE ( 'NONE', #1491, 0.1200000000000000927 ) ;
#6083 = SURFACE_STYLE_USAGE ( .BOTH. , #2500 ) ;
#6084 = ORIENTED_EDGE ( 'NONE', *, *, #9596, .T. ) ;
#6085 = ORIENTED_EDGE ( 'NONE', *, *, #9336, .T. ) ;
#6086 = EDGE_CURVE ( 'NONE', #156, #9307, #3693, .T. ) ;
#6087 = VERTEX_POINT ( 'NONE', #167 ) ;
#6088 = COLOUR_RGB ( '',1.000000000000000000, 1.000000000000000000, 1.000000000000000000 ) ;
#6089 = DIRECTION ( 'NONE',  ( 0.0000000000000000000, 1.000000000000000000, 0.0000000000000000000 ) ) ;
#6090 = B_SPLINE_CURVE_WITH_KNOTS ( 'NONE', 3,
 ( #11157, #9240, #8520, #371, #9300, #4635 ),
 .UNSPECIFIED., .F., .F.,
 ( 4, 2, 4 ),
 ( 0.0000000000000000000, 0.5000000000000000000, 1.000000000000000000 ),
 .UNSPECIFIED. ) ;
#6091 = VERTEX_POINT ( 'NONE', #5632 ) ;
#6092 = DIRECTION ( 'NONE',  ( 0.0000000000000000000, 1.000000000000000000, 0.0000000000000000000 ) ) ;
#6093 = LINE ( 'NONE', #5982, #2909 ) ;
#6094 = CARTESIAN_POINT ( 'NONE',  ( -1.213584073464102131, 0.0000000000000000000, 2.100000000000000533 ) ) ;
#6095 = CARTESIAN_POINT ( 'NONE',  ( -2.188584073464102442, -0.03000000000000000930, 0.6250000000000000000 ) ) ;
#6096 = ORIENTED_EDGE ( 'NONE', *, *, #4046, .T. ) ;
#6097 = EDGE_CURVE ( 'NONE', #4272, #5438, #876, .T. ) ;
#6098 = CARTESIAN_POINT ( 'NONE',  ( 2.157361600948405567, -0.0000000000000000000, 0.1379327715668225707 ) ) ;
#6099 = DIRECTION ( 'NONE',  ( 0.0000000000000000000, 0.0000000000000000000, 1.000000000000000000 ) ) ;
#6100 = CARTESIAN_POINT ( 'NONE',  ( -1.625000000000000222, 0.1000000000000000056, 2.220000000000000195 ) ) ;
#6101 = ORIENTED_EDGE ( 'NONE', *, *, #6499, .F. ) ;
#6102 = CARTESIAN_POINT ( 'NONE',  ( -1.125000000000000222, -0.03000000000000000583, 2.220000000000000195 ) ) ;
#6103 = DIRECTION ( 'NONE',  ( 1.000000000000000000, 0.0000000000000000000, -0.0000000000000000000 ) ) ;
#6104 = CARTESIAN_POINT ( 'NONE',  ( -1.378043711359129952, 0.8900000000000000133, -0.03388417220688030168 ) ) ;
#6105 = B_SPLINE_SURFACE_WITH_KNOTS ( 'NONE', 3, 1, ( 
 ( #8932, #3504 ),
 ( #8813, #7845 ),
 ( #11495, #4390 ),
 ( #7079, #650 ),
 ( #4276, #7900 ),
 ( #4451, #713 ),
 ( #6173, #7011 ),
 ( #7958, #10606 ) ),
 .UNSPECIFIED., .F., .F., .F.,
 ( 4, 1, 1, 1, 1, 4 ),
 ( 2, 2 ),
 ( 0.0000000000000000000, 0.2500000000000000000, 0.5000000000000000000, 0.6250000000000000000, 0.7500000000000000000, 1.000000000000000000 ),
 ( 0.0000000000000000000, 1.000000000000000000 ),
 .UNSPECIFIED. ) ;
#6106 = DIRECTION ( 'NONE',  ( -1.000000000000000000, 0.0000000000000000000, -0.0000000000000000000 ) ) ;
#6107 = ORIENTED_EDGE ( 'NONE', *, *, #11323, .T. ) ;
#6108 = CARTESIAN_POINT ( 'NONE',  ( 0.3998479606374399919, 0.8900000000000000133, 0.3083217570670889751 ) ) ;
#6109 = EDGE_LOOP ( 'NONE', ( #2987, #7925, #8008 ) ) ;
#6110 = EDGE_CURVE ( 'NONE', #10000, #4195, #3112, .T. ) ;
#6111 = VERTEX_POINT ( 'NONE', #9271 ) ;
#6112 = ADVANCED_FACE ( 'NONE', ( #7252 ), #10898, .T. ) ;
#6113 = CARTESIAN_POINT ( 'NONE',  ( 2.500000000000000000, 0.0000000000000000000, -1.375000000000000000 ) ) ;
#6114 = ORIENTED_EDGE ( 'NONE', *, *, #2272, .T. ) ;
#6115 = FILL_AREA_STYLE ('',( #11439 ) ) ;
#6116 = ORIENTED_EDGE ( 'NONE', *, *, #177, .F. ) ;
#6117 =( NAMED_UNIT ( * ) PLANE_ANGLE_UNIT ( ) SI_UNIT ( $, .RADIAN. ) );
#6118 = CARTESIAN_POINT ( 'NONE',  ( -1.749999999999999778, 0.0000000000000000000, 1.750000000000000222 ) ) ;
#6119 = ORIENTED_EDGE ( 'NONE', *, *, #7391, .T. ) ;
#6120 = CARTESIAN_POINT ( 'NONE',  ( 1.537827266784729918, 0.9000000000000001332, 0.3083217570670889751 ) ) ;
#6121 = CARTESIAN_POINT ( 'NONE',  ( 2.220000000000000195, -0.03000000000000000583, -0.6250000000000000000 ) ) ;
#6122 = CARTESIAN_POINT ( 'NONE',  ( 1.625000000000000222, 0.0000000000000000000, -2.406666666666666732 ) ) ;
#6123 = FILL_AREA_STYLE ('',( #5001 ) ) ;
#6124 = CARTESIAN_POINT ( 'NONE',  ( 0.1250000000000000555, 0.0000000000000000000, 2.500000000000000000 ) ) ;
#6125 =( GEOMETRIC_REPRESENTATION_CONTEXT ( 3 ) GLOBAL_UNCERTAINTY_ASSIGNED_CONTEXT ( ( #5897 ) ) GLOBAL_UNIT_ASSIGNED_CONTEXT ( ( #10958, #11013, #9220 ) ) REPRESENTATION_CONTEXT ( 'NONE', 'WORKASPACE' ) );
#6126 = CARTESIAN_POINT ( 'NONE',  ( 0.3154900787141289853, 0.8900000000000000133, 0.2333369731352570031 ) ) ;
#6127 = VERTEX_POINT ( 'NONE', #1824 ) ;
#6128 = EDGE_CURVE ( 'NONE', #8134, #1248, #1941, .T. ) ;
#6129 = ORIENTED_EDGE ( 'NONE', *, *, #1537, .F. ) ;
#6130 = AXIS2_PLACEMENT_3D ( 'NONE', #3854, #9525, #6604 ) ;
#6131 = CARTESIAN_POINT ( 'NONE',  ( 1.349513207137740478, 0.9000000000000001332, -0.3316052058057049612 ) ) ;
#6132 = ORIENTED_EDGE ( 'NONE', *, *, #6485, .T. ) ;
#6133 = ORIENTED_EDGE ( 'NONE', *, *, #2334, .T. ) ;
#6134 = CARTESIAN_POINT ( 'NONE',  ( -0.8750000000000000000, 0.0000000000000000000, -2.313333333333333464 ) ) ;
#6135 = DIRECTION ( 'NONE',  ( -0.0000000000000000000, -1.000000000000000000, -0.0000000000000000000 ) ) ;
#6136 = CARTESIAN_POINT ( 'NONE',  ( 2.100000000000000089, -0.03000000000000000583, -0.2549999999999989497 ) ) ;
#6137 = CARTESIAN_POINT ( 'NONE',  ( -1.458333333333333481, 0.0000000000000000000, 2.500000000000000000 ) ) ;
#6138 = LINE ( 'NONE', #1559, #8748 ) ;
#6139 = ADVANCED_FACE ( 'NONE', ( #8369 ), #4726, .T. ) ;
#6140 =( GEOMETRIC_REPRESENTATION_CONTEXT ( 3 ) GLOBAL_UNCERTAINTY_ASSIGNED_CONTEXT ( ( #8515 ) ) GLOBAL_UNIT_ASSIGNED_CONTEXT ( ( #3964, #1356, #6594 ) ) REPRESENTATION_CONTEXT ( 'NONE', 'WORKASPACE' ) );
#6141 = DIRECTION ( 'NONE',  ( 0.0000000000000000000, 0.0000000000000000000, 1.000000000000000000 ) ) ;
#6142 = ORIENTED_EDGE ( 'NONE', *, *, #7044, .T. ) ;
#6143 = EDGE_CURVE ( 'NONE', #11198, #7960, #10955, .T. ) ;
#6144 = VERTEX_POINT ( 'NONE', #5458 ) ;
#6145 = ORIENTED_EDGE ( 'NONE', *, *, #6695, .F. ) ;
#6146 = FACE_OUTER_BOUND ( 'NONE', #2217, .T. ) ;
#6147 = COLOUR_RGB ( '',1.000000000000000000, 1.000000000000000000, 1.000000000000000000 ) ;
#6148 = CARTESIAN_POINT ( 'NONE',  ( -2.100000000000000089, 0.1000000000000000056, -0.2549999999999990052 ) ) ;
#6149 = LINE ( 'NONE', #6209, #10030 ) ;
#6150 = ORIENTED_EDGE ( 'NONE', *, *, #365, .T. ) ;
#6151 = CARTESIAN_POINT ( 'NONE',  ( -0.3750000000000000000, 0.0000000000000000000, 2.406666666666666732 ) ) ;
#6152 = CARTESIAN_POINT ( 'NONE',  ( 0.3998479606374399919, 0.8900000000000000133, -0.3316052058057050167 ) ) ;
#6153 = B_SPLINE_CURVE_WITH_KNOTS ( 'NONE', 3,
 ( #9488, #7695, #10387, #4827 ),
 .UNSPECIFIED., .F., .F.,
 ( 4, 4 ),
 ( 0.0000000000000000000, 1.000000000000000000 ),
 .UNSPECIFIED. ) ;
#6154 = DIRECTION ( 'NONE',  ( 1.000000000000000000, 0.0000000000000000000, -0.0000000000000000000 ) ) ;
#6155 = DIRECTION ( 'NONE',  ( -1.000000000000000000, 0.0000000000000000000, -0.0000000000000000000 ) ) ;
#6156 = SURFACE_STYLE_FILL_AREA ( #7178 ) ;
#6157 = ORIENTED_EDGE ( 'NONE', *, *, #8983, .F. ) ;
#6158 = LINE ( 'NONE', #9808, #5282 ) ;
#6159 = CARTESIAN_POINT ( 'NONE',  ( 0.6250000000000000000, 0.0000000000000000000, -2.500000000000000000 ) ) ;
#6160 = AXIS2_PLACEMENT_3D ( 'NONE', #9700, #1539, #10546 ) ;
#6161 = DIRECTION ( 'NONE',  ( 1.000000000000000000, 0.0000000000000000000, -0.0000000000000000000 ) ) ;
#6162 = DIRECTION ( 'NONE',  ( -0.0000000000000000000, 1.000000000000000000, -0.0000000000000000000 ) ) ;
#6163 = VERTEX_POINT ( 'NONE', #9097 ) ;
#6164 = DIRECTION ( 'NONE',  ( 0.0000000000000000000, 0.0000000000000000000, -1.000000000000000000 ) ) ;
#6165 = EDGE_CURVE ( 'NONE', #3329, #9937, #8057, .T. ) ;
#6166 = CARTESIAN_POINT ( 'NONE',  ( 1.755000000000000115, 0.0000000000000000000, 2.100000000000000089 ) ) ;
#6167 = EDGE_CURVE ( 'NONE', #8592, #9395, #2100, .T. ) ;
#6168 = DIRECTION ( 'NONE',  ( 0.0000000000000000000, 1.000000000000000000, 0.0000000000000000000 ) ) ;
#6169 = EDGE_LOOP ( 'NONE', ( #619, #4958, #5277, #7524 ) ) ;
#6170 = CARTESIAN_POINT ( 'NONE',  ( 2.500447051772229923, 0.1000000000000000056, 0.6250000000000000000 ) ) ;
#6171 = ORIENTED_EDGE ( 'NONE', *, *, #7143, .T. ) ;
#6172 = ORIENTED_EDGE ( 'NONE', *, *, #11613, .F. ) ;
#6173 = CARTESIAN_POINT ( 'NONE',  ( 0.4936025846935260253, 0.8900000000000000133, -0.1496145997844580411 ) ) ;
#6174 = CARTESIAN_POINT ( 'NONE',  ( -0.2864159265358979800, 0.0000000000000000000, 2.100000000000000089 ) ) ;
#6175 = EDGE_LOOP ( 'NONE', ( #931, #3499, #1158, #5204 ) ) ;
#6176 = FILL_AREA_STYLE ('',( #10007 ) ) ;
#6177 = LINE ( 'NONE', #2482, #188 ) ;
#6178 =( GEOMETRIC_REPRESENTATION_CONTEXT ( 3 ) GLOBAL_UNCERTAINTY_ASSIGNED_CONTEXT ( ( #928 ) ) GLOBAL_UNIT_ASSIGNED_CONTEXT ( ( #4296, #5243, #3397 ) ) REPRESENTATION_CONTEXT ( 'NONE', 'WORKASPACE' ) );
#6179 = CARTESIAN_POINT ( 'NONE',  ( -2.100000000000000089, 0.0000000000000000000, -1.248333333333333517 ) ) ;
#6180 = CARTESIAN_POINT ( 'NONE',  ( 2.500447051772229923, 0.1000000000000000056, -1.875000000000000000 ) ) ;
#6181 = VECTOR ( 'NONE', #10507, 1000.000000000000000 ) ;
#6182 = FILL_AREA_STYLE ('',( #1659 ) ) ;
#6183 = ADVANCED_FACE ( 'NONE', ( #4559 ), #4140, .F. ) ;
#6184 = ORIENTED_EDGE ( 'NONE', *, *, #8507, .F. ) ;
#6185 = B_SPLINE_CURVE_WITH_KNOTS ( 'NONE', 3,
 ( #247, #7497, #1189, #8449, #7559, #7443 ),
 .UNSPECIFIED., .F., .F.,
 ( 4, 2, 4 ),
 ( 0.0000000000000000000, 0.5000000000000000000, 1.000000000000000000 ),
 .UNSPECIFIED. ) ;
#6186 = CARTESIAN_POINT ( 'NONE',  ( 1.875000000000000000, 0.0000000000000000000, 2.406666666666666732 ) ) ;
#6187 = PRESENTATION_LAYER_ASSIGNMENT (  '', '', ( #9818 ) ) ;
#6188 = VERTEX_POINT ( 'NONE', #7712 ) ;
#6189 = AXIS2_PLACEMENT_3D ( 'NONE', #9984, #1880, #3607 ) ;
#6190 = CARTESIAN_POINT ( 'NONE',  ( -1.137932771566822376, -0.03000000000000000930, -2.157361600948406011 ) ) ;
#6191 = ORIENTED_EDGE ( 'NONE', *, *, #10828, .T. ) ;
#6192 = ADVANCED_FACE ( 'NONE', ( #11185 ), #7660, .T. ) ;
#6193 = VERTEX_POINT ( 'NONE', #11311 ) ;
#6194 = LINE ( 'NONE', #10561, #7195 ) ;
#6195 = FACE_OUTER_BOUND ( 'NONE', #3316, .T. ) ;
#6196 = DIRECTION ( 'NONE',  ( -0.0000000000000000000, -1.000000000000000000, 0.0000000000000000000 ) ) ;
#6197 = UNCERTAINTY_MEASURE_WITH_UNIT (LENGTH_MEASURE( 1.000000000000000082E-05 ), #11009, 'distance_accuracy_value', 'NONE');
#6198 = CARTESIAN_POINT ( 'NONE',  ( -0.1250000000000000000, 0.1000000000000000056, -2.500105095651770082 ) ) ;
#6199 = CARTESIAN_POINT ( 'NONE',  ( -2.157361600948405567, -0.03000000000000000930, -0.8620672284331770685 ) ) ;
#6200 = EDGE_CURVE ( 'NONE', #6769, #4631, #7916, .T. ) ;
#6201 = ORIENTED_EDGE ( 'NONE', *, *, #7812, .F. ) ;
#6202 = DIRECTION ( 'NONE',  ( 0.0000000000000000000, 0.0000000000000000000, -1.000000000000000000 ) ) ;
#6203 = CARTESIAN_POINT ( 'NONE',  ( -1.479623600755409996, 0.8900000000000000133, 0.1572478114445549913 ) ) ;
#6204 = ORIENTED_EDGE ( 'NONE', *, *, #1994, .T. ) ;
#6205 = ORIENTED_EDGE ( 'NONE', *, *, #11193, .T. ) ;
#6206 = ORIENTED_EDGE ( 'NONE', *, *, #2937, .T. ) ;
#6207 = DIRECTION ( 'NONE',  ( 0.0000000000000000000, 1.000000000000000000, 0.0000000000000000000 ) ) ;
#6208 = CARTESIAN_POINT ( 'NONE',  ( -0.4583333333333333148, 0.0000000000000000000, 2.500000000000000000 ) ) ;
#6209 = CARTESIAN_POINT ( 'NONE',  ( 0.0000000000000000000, 0.9000000000000001332, 0.3083217570670889751 ) ) ;
#6210 = ORIENTED_EDGE ( 'NONE', *, *, #3418, .T. ) ;
#6211 =( NAMED_UNIT ( * ) PLANE_ANGLE_UNIT ( ) SI_UNIT ( $, .RADIAN. ) );
#6212 = CARTESIAN_POINT ( 'NONE',  ( -0.1379327715668224319, -0.0000000000000000000, -2.157361600948406455 ) ) ;
#6213 = EDGE_CURVE ( 'NONE', #3199, #9744, #10523, .T. ) ;
#6214 = DIRECTION ( 'NONE',  ( 0.0000000000000000000, 1.000000000000000000, 0.0000000000000000000 ) ) ;
#6215 = CARTESIAN_POINT ( 'NONE',  ( -2.188584073464102442, 0.0000000000000000000, 0.3750000000000000555 ) ) ;
#6216 = ORIENTED_EDGE ( 'NONE', *, *, #6859, .F. ) ;
#6217 = SURFACE_STYLE_USAGE ( .BOTH. , #3762 ) ;
#6218 = CARTESIAN_POINT ( 'NONE',  ( 0.0000000000000000000, 0.9000000000000001332, -0.3316052058057050167 ) ) ;
#6219 = ADVANCED_FACE ( 'NONE', ( #11254 ), #3179, .T. ) ;
#6220 = CARTESIAN_POINT ( 'NONE',  ( 0.6250000000000001110, 0.03333333333333334675, -2.500105095651770082 ) ) ;
#6221 = ORIENTED_EDGE ( 'NONE', *, *, #4961, .F. ) ;
#6222 = VECTOR ( 'NONE', #8975, 1000.000000000000000 ) ;
#6223 = CARTESIAN_POINT ( 'NONE',  ( 2.157361600948406455, -0.03000000000000001277, 1.137932771566823043 ) ) ;
#6224 = CARTESIAN_POINT ( 'NONE',  ( 0.7449999999999999956, 0.1000000000000000056, -2.220000000000000195 ) ) ;
#6225 = FACE_OUTER_BOUND ( 'NONE', #8594, .T. ) ;
#6226 = LINE ( 'NONE', #6349, #1903 ) ;
#6227 = VERTEX_POINT ( 'NONE', #4026 ) ;
#6228 = CYLINDRICAL_SURFACE ( 'NONE', #3572, 0.1199999999999999956 ) ;
#6229 = ORIENTED_EDGE ( 'NONE', *, *, #8451, .T. ) ;
#6230 = CARTESIAN_POINT ( 'NONE',  ( 2.220000000000000195, -0.03000000000000000236, 0.2550000000000000044 ) ) ;
#6231 = VERTEX_POINT ( 'NONE', #7543 ) ;
#6232 = ORIENTED_EDGE ( 'NONE', *, *, #10506, .F. ) ;
#6233 = AXIS2_PLACEMENT_3D ( 'NONE', #1556, #4182, #1669 ) ;
#6234 = EDGE_CURVE ( 'NONE', #3615, #11266, #1681, .T. ) ;
#6235 = CARTESIAN_POINT ( 'NONE',  ( -0.2549999999999990052, 0.1000000000000000056, 2.100000000000000089 ) ) ;
#6236 = ADVANCED_FACE ( 'NONE', ( #1232 ), #2344, .T. ) ;
#6237 = ORIENTED_EDGE ( 'NONE', *, *, #10119, .T. ) ;
#6238 = CARTESIAN_POINT ( 'NONE',  ( -0.3620672284331774571, -0.0000000000000000000, 2.157361600948406455 ) ) ;
#6239 = B_SPLINE_CURVE_WITH_KNOTS ( 'NONE', 3,
 ( #5372, #8093, #8953, #9016 ),
 .UNSPECIFIED., .F., .F.,
 ( 4, 4 ),
 ( 0.0000000000000000000, 1.000000000000000000 ),
 .UNSPECIFIED. ) ;
#6240 = B_SPLINE_CURVE_WITH_KNOTS ( 'NONE', 3,
 ( #5941, #11370, #3191, #4148, #6830, #7772 ),
 .UNSPECIFIED., .F., .F.,
 ( 4, 2, 4 ),
 ( 0.0000000000000000000, 0.5000000000000000000, 1.000000000000000000 ),
 .UNSPECIFIED. ) ;
#6241 = DIRECTION ( 'NONE',  ( 0.0000000000000000000, 1.000000000000000000, 0.0000000000000000000 ) ) ;
#6242 = CARTESIAN_POINT ( 'NONE',  ( 0.6250000000000000000, 0.1000000000000000056, -2.220000000000000195 ) ) ;
#6243 = FACE_OUTER_BOUND ( 'NONE', #10102, .T. ) ;
#6244 = PLANE ( 'NONE',  #1648 ) ;
#6245 = CARTESIAN_POINT ( 'NONE',  ( -0.7449999999999999956, 0.1000000000000000056, 2.100000000000000089 ) ) ;
#6246 = ORIENTED_EDGE ( 'NONE', *, *, #10297, .T. ) ;
#6247 = VECTOR ( 'NONE', #8112, 1000.000000000000000 ) ;
#6248 = CARTESIAN_POINT ( 'NONE',  ( 1.178241143838899996, 0.9000000000000001332, 0.3083217570670889751 ) ) ;
#6249 = CARTESIAN_POINT ( 'NONE',  ( -2.500000000000000000, 0.0000000000000000000, 0.9583333333333333703 ) ) ;
#6250 = DIRECTION ( 'NONE',  ( 0.0000000000000000000, 1.000000000000000000, 0.0000000000000000000 ) ) ;
#6251 = EDGE_CURVE ( 'NONE', #3575, #1827, #8493, .T. ) ;
#6252 = VERTEX_POINT ( 'NONE', #8434 ) ;
#6253 = AXIS2_PLACEMENT_3D ( 'NONE', #3934, #6617, #2254 ) ;
#6254 = VERTEX_POINT ( 'NONE', #1357 ) ;
#6255 = CARTESIAN_POINT ( 'NONE',  ( 0.8203592205278840144, 0.8900000000000000133, -0.2165717304557348843 ) ) ;
#6256 = LINE ( 'NONE', #1612, #5696 ) ;
#6257 = DIRECTION ( 'NONE',  ( -0.9917025066621870666, 0.0000000000000000000, -0.1285540286414040279 ) ) ;
#6258 = DIRECTION ( 'NONE',  ( -1.000000000000000000, 0.0000000000000000000, -0.0000000000000000000 ) ) ;
#6259 = CARTESIAN_POINT ( 'NONE',  ( 2.220000000000000195, 0.0000000000000000000, -0.8750000000000001110 ) ) ;
#6260 = CARTESIAN_POINT ( 'NONE',  ( 0.3750000000000000000, 0.0000000000000000000, -2.313333333333333464 ) ) ;
#6261 = VECTOR ( 'NONE', #10331, 1000.000000000000000 ) ;
#6262 = CARTESIAN_POINT ( 'NONE',  ( -0.6478087648646909669, 0.9000000000000001332, -0.3316052058057049612 ) ) ;
#6263 = AXIS2_PLACEMENT_3D ( 'NONE', #798, #24, #5192 ) ;
#6264 = CARTESIAN_POINT ( 'NONE',  ( -1.479623600755409996, 0.9000000000000001332, 0.1572478114445549913 ) ) ;
#6265 = STYLED_ITEM ( 'NONE', ( #2383 ), #9351 ) ;
#6266 = EDGE_CURVE ( 'NONE', #10881, #1097, #6796, .T. ) ;
#6267 = VERTEX_POINT ( 'NONE', #6707 ) ;
#6268 = ORIENTED_EDGE ( 'NONE', *, *, #6128, .F. ) ;
#6269 = EDGE_CURVE ( 'NONE', #1807, #8039, #1411, .T. ) ;
#6270 = ORIENTED_EDGE ( 'NONE', *, *, #954, .T. ) ;
#6271 = CARTESIAN_POINT ( 'NONE',  ( -0.5833333333333334814, 0.0000000000000000000, -1.750000000000000000 ) ) ;
#6272 = CARTESIAN_POINT ( 'NONE',  ( -2.500447051772229923, -0.03000000000000000930, -0.8750000000000000000 ) ) ;
#6273 = ORIENTED_EDGE ( 'NONE', *, *, #2834, .T. ) ;
#6274 = DIRECTION ( 'NONE',  ( 0.0000000000000000000, -1.000000000000000000, -0.0000000000000000000 ) ) ;
#6275 = PRESENTATION_LAYER_ASSIGNMENT (  '', '', ( #7982 ) ) ;
#6276 = DIRECTION ( 'NONE',  ( 0.0000000000000000000, -0.0000000000000000000, 1.000000000000000000 ) ) ;
#6277 = FACE_OUTER_BOUND ( 'NONE', #4555, .T. ) ;
#6278 = AXIS2_PLACEMENT_3D ( 'NONE', #357, #6723, #11429 ) ;
#6279 = CARTESIAN_POINT ( 'NONE',  ( -2.100000000000000089, 0.0000000000000000000, 0.2549999999999990052 ) ) ;
#6280 = EDGE_CURVE ( 'NONE', #3669, #9252, #1294, .T. ) ;
#6281 = UNCERTAINTY_MEASURE_WITH_UNIT (LENGTH_MEASURE( 1.000000000000000082E-05 ), #8930, 'distance_accuracy_value', 'NONE');
#6282 =( GEOMETRIC_REPRESENTATION_CONTEXT ( 3 ) GLOBAL_UNCERTAINTY_ASSIGNED_CONTEXT ( ( #10148 ) ) GLOBAL_UNIT_ASSIGNED_CONTEXT ( ( #9072, #7335, #4637 ) ) REPRESENTATION_CONTEXT ( 'NONE', 'WORKASPACE' ) );
#6283 = COLOUR_RGB ( '',1.000000000000000000, 1.000000000000000000, 1.000000000000000000 ) ;
#6284 = ORIENTED_EDGE ( 'NONE', *, *, #5070, .F. ) ;
#6285 = ADVANCED_FACE ( 'NONE', ( #6822 ), #9335, .F. ) ;
#6286 = DIRECTION ( 'NONE',  ( 1.000000000000000000, -0.0000000000000000000, 0.0000000000000000000 ) ) ;
#6287 = B_SPLINE_CURVE_WITH_KNOTS ( 'NONE', 3,
 ( #5051, #3206, #9586, #8695 ),
 .UNSPECIFIED., .F., .F.,
 ( 4, 4 ),
 ( 0.0000000000000000000, 1.000000000000000000 ),
 .UNSPECIFIED. ) ;
#6288 = CARTESIAN_POINT ( 'NONE',  ( -1.754999999999999893, -0.03000000000000000583, -2.100000000000000089 ) ) ;
#6289 = EDGE_LOOP ( 'NONE', ( #6668, #5054, #11695, #2130 ) ) ;
#6290 = PLANE ( 'NONE',  #3292 ) ;
#6291 = CARTESIAN_POINT ( 'NONE',  ( 2.100000000000000089, -0.03000000000000000930, 1.713584073464102131 ) ) ;
#6292 = ORIENTED_EDGE ( 'NONE', *, *, #8482, .F. ) ;
#6293 = CARTESIAN_POINT ( 'NONE',  ( -1.514735242883239907, 0.8900000000000000133, -0.1290124421508400121 ) ) ;
#6294 = SURFACE_STYLE_FILL_AREA ( #2468 ) ;
#6295 = ORIENTED_EDGE ( 'NONE', *, *, #10143, .F. ) ;
#6296 = CARTESIAN_POINT ( 'NONE',  ( -2.100000000000000089, -0.03000000000000000583, -1.245000000000000329 ) ) ;
#6297 = EDGE_CURVE ( 'NONE', #2967, #6769, #7090, .T. ) ;
#6298 = VERTEX_POINT ( 'NONE', #9563 ) ;
#6299 = DIRECTION ( 'NONE',  ( -0.0000000000000000000, -1.000000000000000000, -0.0000000000000000000 ) ) ;
#6300 = ORIENTED_EDGE ( 'NONE', *, *, #11298, .F. ) ;
#6301 = CARTESIAN_POINT ( 'NONE',  ( -2.220000000000000195, -0.03000000000000000930, 0.1250000000000000000 ) ) ;
#6302 = SURFACE_STYLE_USAGE ( .BOTH. , #3565 ) ;
#6303 = LINE ( 'NONE', #779, #955 ) ;
#6304 = DIRECTION ( 'NONE',  ( 0.0000000000000000000, 0.0000000000000000000, -1.000000000000000000 ) ) ;
#6305 = CARTESIAN_POINT ( 'NONE',  ( -1.977494503307630103, 0.8999999999999911404, 0.1941246698585440134 ) ) ;
#6306 = LINE ( 'NONE', #6245, #8208 ) ;
#6307 = VERTEX_POINT ( 'NONE', #7762 ) ;
#6308 = B_SPLINE_CURVE_WITH_KNOTS ( 'NONE', 3,
 ( #9584, #2535, #1589, #10718 ),
 .UNSPECIFIED., .F., .F.,
 ( 4, 4 ),
 ( 0.0000000000000000000, 1.000000000000000000 ),
 .UNSPECIFIED. ) ;
#6309 = PRESENTATION_LAYER_ASSIGNMENT (  '', '', ( #10138 ) ) ;
#6310 = ADVANCED_FACE ( 'NONE', ( #5086 ), #3299, .T. ) ;
#6311 = B_SPLINE_CURVE_WITH_KNOTS ( 'NONE', 3,
 ( #6380, #8102, #1861, #972, #4590, #6506 ),
 .UNSPECIFIED., .F., .F.,
 ( 4, 2, 4 ),
 ( 0.0000000000000000000, 0.5000000000000000000, 1.000000000000000000 ),
 .UNSPECIFIED. ) ;
#6312 = PLANE ( 'NONE',  #8658 ) ;
#6313 = ORIENTED_EDGE ( 'NONE', *, *, #11341, .T. ) ;
#6314 = CARTESIAN_POINT ( 'NONE',  ( -2.220000000000000195, 0.1000000000000000056, 1.754999999999999893 ) ) ;
#6315 = ORIENTED_EDGE ( 'NONE', *, *, #6392, .F. ) ;
#6316 = ORIENTED_EDGE ( 'NONE', *, *, #8549, .F. ) ;
#6317 = CARTESIAN_POINT ( 'NONE',  ( 0.8750000000000000000, -0.03000000000000000930, 2.500105095651770082 ) ) ;
#6318 = AXIS2_PLACEMENT_3D ( 'NONE', #1535, #5163, #4382 ) ;
#6319 = SURFACE_SIDE_STYLE ('',( #668 ) ) ;
#6320 = CARTESIAN_POINT ( 'NONE',  ( 0.8750000000000001110, 0.0000000000000000000, 2.500000000000000000 ) ) ;
#6321 = DIRECTION ( 'NONE',  ( -0.1300340368001869640, 0.0000000000000000000, -0.9915095306014197751 ) ) ;
#6322 = LINE ( 'NONE', #3524, #957 ) ;
#6323 = CARTESIAN_POINT ( 'NONE',  ( -1.754999999999999893, 0.1000000000000000056, 2.100000000000000089 ) ) ;
#6324 = CARTESIAN_POINT ( 'NONE',  ( -2.500447051772229923, 0.1000000000000000056, 0.7916666666666666297 ) ) ;
#6325 = PLANE ( 'NONE',  #2274 ) ;
#6326 = CARTESIAN_POINT ( 'NONE',  ( 2.500223525886114739, 0.1000000000000000194, -1.874999999999999778 ) ) ;
#6327 = EDGE_CURVE ( 'NONE', #7705, #3647, #4412, .T. ) ;
#6328 = EDGE_CURVE ( 'NONE', #3477, #6556, #9791, .T. ) ;
#6329 = STYLED_ITEM ( 'NONE', ( #4127 ), #2226 ) ;
#6330 = EDGE_LOOP ( 'NONE', ( #7410, #4304, #10860, #613 ) ) ;
#6331 = ORIENTED_EDGE ( 'NONE', *, *, #227, .F. ) ;
#6332 = DIRECTION ( 'NONE',  ( 0.0000000000000000000, 0.0000000000000000000, -1.000000000000000000 ) ) ;
#6333 = CARTESIAN_POINT ( 'NONE',  ( -2.100000000000000089, 0.0000000000000000000, 1.245000000000000329 ) ) ;
#6334 = CARTESIAN_POINT ( 'NONE',  ( -2.220000000000000195, -0.03000000000000000583, -0.1250000000000000000 ) ) ;
#6335 = ORIENTED_EDGE ( 'NONE', *, *, #4273, .F. ) ;
#6336 = DIRECTION ( 'NONE',  ( 0.0000000000000000000, 1.000000000000000000, -0.0000000000000000000 ) ) ;
#6337 = CARTESIAN_POINT ( 'NONE',  ( 1.914881435987410008, 0.9000000000000001332, 0.3083217570670889751 ) ) ;
#6338 = CARTESIAN_POINT ( 'NONE',  ( 2.220000000000000195, -0.03000000000000000583, -1.875000000000000000 ) ) ;
#6339 = ADVANCED_FACE ( 'NONE', ( #4198 ), #8034, .T. ) ;
#6340 = PLANE ( 'NONE',  #7606 ) ;
#6341 = ORIENTED_EDGE ( 'NONE', *, *, #11533, .F. ) ;
#6342 = CARTESIAN_POINT ( 'NONE',  ( -1.816641604523928422, -0.02999999999999999542, 2.111715728752538102 ) ) ;
#6343 = ORIENTED_EDGE ( 'NONE', *, *, #9595, .T. ) ;
#6344 = CARTESIAN_POINT ( 'NONE',  ( -0.7450000000000003286, 0.0000000000000000000, -2.100000000000000089 ) ) ;
#6345 = EDGE_CURVE ( 'NONE', #2072, #5122, #9846, .T. ) ;
#6346 = DIRECTION ( 'NONE',  ( 0.0000000000000000000, 1.000000000000000000, 0.0000000000000000000 ) ) ;
#6347 = ADVANCED_FACE ( 'NONE', ( #8726 ), #1797, .F. ) ;
#6348 = DIRECTION ( 'NONE',  ( 0.0000000000000000000, 1.000000000000000000, -0.0000000000000000000 ) ) ;
#6349 = CARTESIAN_POINT ( 'NONE',  ( -2.499999999999999556, 0.9000000000000001332, 0.1250000000000001110 ) ) ;
#6350 = FACE_OUTER_BOUND ( 'NONE', #10979, .T. ) ;
#6351 = ORIENTED_EDGE ( 'NONE', *, *, #11090, .F. ) ;
#6352 = EDGE_CURVE ( 'NONE', #946, #1038, #5431, .T. ) ;
#6353 = CARTESIAN_POINT ( 'NONE',  ( -1.625000000000000222, 0.03333333333333334675, -2.500000000000000000 ) ) ;
#6354 = VERTEX_POINT ( 'NONE', #10024 ) ;
#6355 = CARTESIAN_POINT ( 'NONE',  ( -1.750000000000000000, -0.03000000000000000236, -1.750000000000000000 ) ) ;
#6356 = EDGE_LOOP ( 'NONE', ( #8916, #8840, #2214, #10774 ) ) ;
#6357 = CARTESIAN_POINT ( 'NONE',  ( 0.8082603264756339501, 0.8900000000000000133, -0.3819724973372010113 ) ) ;
#6358 = ORIENTED_EDGE ( 'NONE', *, *, #111, .T. ) ;
#6359 = FACE_OUTER_BOUND ( 'NONE', #336, .T. ) ;
#6360 = DIRECTION ( 'NONE',  ( 0.0000000000000000000, 0.0000000000000000000, -1.000000000000000000 ) ) ;
#6361 = CARTESIAN_POINT ( 'NONE',  ( 2.220000000000000195, -0.03000000000000000930, 1.875000000000000000 ) ) ;
#6362 =( NAMED_UNIT ( * ) PLANE_ANGLE_UNIT ( ) SI_UNIT ( $, .RADIAN. ) );
#6363 = DIRECTION ( 'NONE',  ( -1.000000000000000000, 0.0000000000000000000, 0.0000000000000000000 ) ) ;
#6364 = LINE ( 'NONE', #5472, #3364 ) ;
#6365 = DIRECTION ( 'NONE',  ( -0.0000000000000000000, -1.000000000000000000, -0.0000000000000000000 ) ) ;
#6366 = VERTEX_POINT ( 'NONE', #9073 ) ;
#6367 = EDGE_CURVE ( 'NONE', #4537, #7120, #2244, .T. ) ;
#6368 = B_SPLINE_CURVE_WITH_KNOTS ( 'NONE', 3,
 ( #1673, #11472, #907, #966 ),
 .UNSPECIFIED., .F., .F.,
 ( 4, 4 ),
 ( 0.0000000000000000000, 1.000000000000000000 ),
 .UNSPECIFIED. ) ;
#6369 = B_SPLINE_CURVE_WITH_KNOTS ( 'NONE', 3,
 ( #5141, #3475, #8784, #7110 ),
 .UNSPECIFIED., .F., .F.,
 ( 4, 4 ),
 ( 0.0000000000000000000, 1.000000000000000000 ),
 .UNSPECIFIED. ) ;
#6370 = ORIENTED_EDGE ( 'NONE', *, *, #4423, .T. ) ;
#6371 = ORIENTED_EDGE ( 'NONE', *, *, #8830, .F. ) ;
#6372 = ORIENTED_EDGE ( 'NONE', *, *, #2991, .F. ) ;
#6373 = EDGE_CURVE ( 'NONE', #8407, #209, #6368, .T. ) ;
#6374 = DIRECTION ( 'NONE',  ( 0.9939473651901002960, 0.0000000000000000000, 0.1098573403631150358 ) ) ;
#6375 = CARTESIAN_POINT ( 'NONE',  ( -2.500000000000000000, 0.0000000000000000000, -2.500000000000000000 ) ) ;
#6376 = CARTESIAN_POINT ( 'NONE',  ( -2.500223525886114739, 0.1000000000000000333, 1.375000000000000000 ) ) ;
#6377 = CARTESIAN_POINT ( 'NONE',  ( 0.7384994590145832483, 0.9000000000000002442, -0.3346112787017974655 ) ) ;
#6378 = FACE_OUTER_BOUND ( 'NONE', #7224, .T. ) ;
#6379 = FACE_OUTER_BOUND ( 'NONE', #1776, .T. ) ;
#6380 = CARTESIAN_POINT ( 'NONE',  ( 2.220000000000000195, -0.03000000000000000583, 0.1250000000000000000 ) ) ;
#6381 = DIRECTION ( 'NONE',  ( -0.0000000000000000000, -1.000000000000000000, -0.0000000000000000000 ) ) ;
#6382 = MECHANICAL_DESIGN_GEOMETRIC_PRESENTATION_REPRESENTATION (  '', ( #882 ), #2010 ) ;
#6383 = VECTOR ( 'NONE', #6846, 1000.000000000000000 ) ;
#6384 = ORIENTED_EDGE ( 'NONE', *, *, #6708, .F. ) ;
#6385 = ORIENTED_EDGE ( 'NONE', *, *, #10093, .F. ) ;
#6386 = VERTEX_POINT ( 'NONE', #18 ) ;
#6387 = B_SPLINE_CURVE_WITH_KNOTS ( 'NONE', 3,
 ( #891, #10725, #2543, #9829 ),
 .UNSPECIFIED., .F., .F.,
 ( 4, 4 ),
 ( 0.0000000000000000000, 1.000000000000000000 ),
 .UNSPECIFIED. ) ;
#6388 = DIRECTION ( 'NONE',  ( 1.000000000000000000, -0.0000000000000000000, 0.0000000000000000000 ) ) ;
#6389 = ADVANCED_FACE ( 'NONE', ( #2687 ), #9125, .T. ) ;
#6390 = FACE_OUTER_BOUND ( 'NONE', #3137, .T. ) ;
#6391 = LINE ( 'NONE', #9858, #4867 ) ;
#6392 = EDGE_CURVE ( 'NONE', #3643, #10, #4471, .T. ) ;
#6393 = VERTEX_POINT ( 'NONE', #3581 ) ;
#6394 = CARTESIAN_POINT ( 'NONE',  ( 1.745000000000000329, 0.1000000000000000056, 2.220000000000000195 ) ) ;
#6395 = CARTESIAN_POINT ( 'NONE',  ( 0.7083333333333333703, 0.1000000000000000056, -2.500105095651770082 ) ) ;
#6396 = AXIS2_PLACEMENT_3D ( 'NONE', #7817, #5979, #9613 ) ;
#6397 = CARTESIAN_POINT ( 'NONE',  ( 2.100000000000000533, -0.03000000000000000930, -0.7135840734641029082 ) ) ;
#6398 = CARTESIAN_POINT ( 'NONE',  ( -0.8750000000000001110, 0.0000000000000000000, -2.500000000000000000 ) ) ;
#6399 = CARTESIAN_POINT ( 'NONE',  ( -1.125000000000000222, -0.03000000000000000930, 2.500105095651770082 ) ) ;
#6400 = AXIS2_PLACEMENT_3D ( 'NONE', #5374, #11686, #9964 ) ;
#6401 = VERTEX_POINT ( 'NONE', #7218 ) ;
#6402 = CARTESIAN_POINT ( 'NONE',  ( 1.914881435987410008, 0.8900000000000000133, 0.3083217570670889196 ) ) ;
#6403 = CARTESIAN_POINT ( 'NONE',  ( 2.220000000000000195, 0.0000000000000000000, -1.875000000000000000 ) ) ;
#6404 = EDGE_CURVE ( 'NONE', #8006, #6091, #3670, .T. ) ;
#6405 = VERTEX_POINT ( 'NONE', #2623 ) ;
#6406 = VERTEX_POINT ( 'NONE', #9018 ) ;
#6407 = PLANE ( 'NONE',  #3101 ) ;
#6408 = CARTESIAN_POINT ( 'NONE',  ( 1.914881435987410008, 0.8900000000000000133, 0.3083217570670889196 ) ) ;
#6409 = VECTOR ( 'NONE', #11394, 1000.000000000000000 ) ;
#6410 = CARTESIAN_POINT ( 'NONE',  ( 2.100000000000000089, -0.03000000000000000583, -1.254999999999999893 ) ) ;
#6411 = CARTESIAN_POINT ( 'NONE',  ( 1.760785161669040200, 0.8900000000000000133, -0.1187526057378810035 ) ) ;
#6412 = B_SPLINE_CURVE_WITH_KNOTS ( 'NONE', 3,
 ( #9394, #8201, #4842, #3685, #8139, #2159 ),
 .UNSPECIFIED., .F., .F.,
 ( 4, 2, 4 ),
 ( 0.0000000000000000000, 0.5000000000000000000, 1.000000000000000000 ),
 .UNSPECIFIED. ) ;
#6413 = LINE ( 'NONE', #9162, #940 ) ;
#6414 = ORIENTED_EDGE ( 'NONE', *, *, #7648, .T. ) ;
#6415 = EDGE_CURVE ( 'NONE', #8856, #6298, #10872, .T. ) ;
#6416 = B_SPLINE_CURVE_WITH_KNOTS ( 'NONE', 3,
 ( #3297, #6934, #6033, #9675 ),
 .UNSPECIFIED., .F., .F.,
 ( 4, 4 ),
 ( 0.0000000000000000000, 1.000000000000000000 ),
 .UNSPECIFIED. ) ;
#6417 = CARTESIAN_POINT ( 'NONE',  ( -1.133079610878080068, 0.8950000000000001288, -0.1530902940588999006 ) ) ;
#6418 = VECTOR ( 'NONE', #5893, 1000.000000000000000 ) ;
#6419 = SURFACE_SIDE_STYLE ('',( #6475 ) ) ;
#6420 = CARTESIAN_POINT ( 'NONE',  ( 1.206242467781529992, 0.8900000000000010125, -0.2609950194256709932 ) ) ;
#6421 = EDGE_CURVE ( 'NONE', #8183, #5079, #1832, .T. ) ;
#6422 = ORIENTED_EDGE ( 'NONE', *, *, #9330, .F. ) ;
#6423 = LINE ( 'NONE', #10970, #11303 ) ;
#6424 = LINE ( 'NONE', #6361, #4288 ) ;
#6425 = DIRECTION ( 'NONE',  ( 0.0000000000000000000, 0.0000000000000000000, 1.000000000000000000 ) ) ;
#6426 = ORIENTED_EDGE ( 'NONE', *, *, #9455, .T. ) ;
#6427 = LINE ( 'NONE', #10068, #9273 ) ;
#6428 = PRODUCT_DEFINITION_CONTEXT ( 'detailed design', #10845, 'design' ) ;
#6429 = CARTESIAN_POINT ( 'NONE',  ( 2.100000000000000089, 0.0000000000000000000, -1.248333333333333517 ) ) ;
#6430 = ORIENTED_EDGE ( 'NONE', *, *, #10959, .F. ) ;
#6431 = AXIS2_PLACEMENT_3D ( 'NONE', #8802, #8862, #6164 ) ;
#6432 = PLANE ( 'NONE',  #3512 ) ;
#6433 = ORIENTED_EDGE ( 'NONE', *, *, #329, .F. ) ;
#6434 = ORIENTED_EDGE ( 'NONE', *, *, #3661, .T. ) ;
#6435 = B_SPLINE_CURVE_WITH_KNOTS ( 'NONE', 3,
 ( #1417, #10530, #5032, #3305 ),
 .UNSPECIFIED., .F., .F.,
 ( 4, 4 ),
 ( 0.0000000000000000000, 1.000000000000000000 ),
 .UNSPECIFIED. ) ;
#6436 = VERTEX_POINT ( 'NONE', #200 ) ;
#6437 = CYLINDRICAL_SURFACE ( 'NONE', #4282, 0.1199999999999998845 ) ;
#6438 = DIRECTION ( 'NONE',  ( 0.0000000000000000000, -1.000000000000000000, 0.0000000000000000000 ) ) ;
#6439 = CARTESIAN_POINT ( 'NONE',  ( 0.6250000000000000000, 0.1000000000000000056, -2.500105095651770082 ) ) ;
#6440 = CARTESIAN_POINT ( 'NONE',  ( 0.7901001352144521039, 0.9000000000000001332, 0.3181377795513041784 ) ) ;
#6441 = B_SPLINE_CURVE_WITH_KNOTS ( 'NONE', 3,
 ( #814, #8121, #1702, #9933 ),
 .UNSPECIFIED., .F., .F.,
 ( 4, 4 ),
 ( 0.0000000000000000000, 1.000000000000000000 ),
 .UNSPECIFIED. ) ;
#6442 = DIRECTION ( 'NONE',  ( 0.0000000000000000000, 0.0000000000000000000, -1.000000000000000000 ) ) ;
#6443 = DIRECTION ( 'NONE',  ( 0.8298818375918347590, 0.0000000000000000000, -0.5579391863233839066 ) ) ;
#6444 = VERTEX_POINT ( 'NONE', #3815 ) ;
#6445 = CARTESIAN_POINT ( 'NONE',  ( 0.3749999999999999445, 0.0000000000000000000, -2.188584073464102442 ) ) ;
#6446 = CARTESIAN_POINT ( 'NONE',  ( -1.669582122333699958, 0.9000000000000001332, 0.3284672642466620052 ) ) ;
#6447 = EDGE_CURVE ( 'NONE', #7665, #3149, #7453, .T. ) ;
#6448 = VERTEX_POINT ( 'NONE', #375 ) ;
#6449 = ORIENTED_EDGE ( 'NONE', *, *, #3646, .T. ) ;
#6450 = DIRECTION ( 'NONE',  ( -0.0000000000000000000, 1.000000000000000000, -0.0000000000000000000 ) ) ;
#6451 = CARTESIAN_POINT ( 'NONE',  ( 0.2483333333333340165, 0.0000000000000000000, -2.100000000000000089 ) ) ;
#6452 = ORIENTED_EDGE ( 'NONE', *, *, #238, .F. ) ;
#6453 = PLANE ( 'NONE',  #11777 ) ;
#6454 = CARTESIAN_POINT ( 'NONE',  ( 1.790900912554659996, 0.9000000000000001332, -0.2421347249779509936 ) ) ;
#6455 = CARTESIAN_POINT ( 'NONE',  ( 1.537827266784729918, 0.9000000000000001332, 0.3083217570670889751 ) ) ;
#6456 = VECTOR ( 'NONE', #10456, 1000.000000000000000 ) ;
#6457 = MECHANICAL_DESIGN_GEOMETRIC_PRESENTATION_REPRESENTATION (  '', ( #2264 ), #8347 ) ;
#6458 = FACE_OUTER_BOUND ( 'NONE', #1432, .T. ) ;
#6459 = B_SPLINE_CURVE_WITH_KNOTS ( 'NONE', 3,
 ( #3902, #8368, #2051, #5688, #9334, #7542, #11184, #6651, #10291, #4081, #2287, #5934, #4313, #7711, #2392, #1410, #9800, #3416, #1461, #628, #11525, #9561, #7761, #1624, #2511, #5259, #6935, #9617, #3239, #10577, #6034, #11413, #7932, #11581 ),
 .UNSPECIFIED., .F., .F.,
 ( 4, 2, 2, 1, 1, 2, 2, 2, 2, 2, 2, 2, 2, 2, 2, 2, 2, 4 ),
 ( -1.000000000000000000, -0.9375000000000003331, -0.8750000000000006661, -0.8125000000000011102, -0.7812500000000012212, -0.7656250000000013323, -0.7500000000000013323, -0.6875000000000011102, -0.6250000000000011102, -0.5625000000000008882, -0.5000000000000007772, -0.4375000000000008882, -0.4062500000000007772, -0.3750000000000007772, -0.2500000000000005551, -0.1875000000000003331, -0.1250000000000002220, -0.0000000000000000000 ),
 .UNSPECIFIED. ) ;
#6460 = PLANE ( 'NONE',  #2262 ) ;
#6461 = EDGE_CURVE ( 'NONE', #6950, #9881, #7394, .T. ) ;
#6462 = EDGE_LOOP ( 'NONE', ( #1271, #11617, #9055, #7971 ) ) ;
#6463 = AXIS2_PLACEMENT_3D ( 'NONE', #8237, #7409, #2986 ) ;
#6464 = CARTESIAN_POINT ( 'NONE',  ( 2.100000000000000533, -0.03000000000000000930, -1.213584073464102131 ) ) ;
#6465 = CARTESIAN_POINT ( 'NONE',  ( 2.100000000000000089, 0.0000000000000000000, -1.755000000000000115 ) ) ;
#6466 = ORIENTED_EDGE ( 'NONE', *, *, #11753, .T. ) ;
#6467 = ORIENTED_EDGE ( 'NONE', *, *, #5680, .T. ) ;
#6468 = CARTESIAN_POINT ( 'NONE',  ( -2.500447051772229923, 0.1000000000000000056, -1.625000000000000222 ) ) ;
#6469 = SURFACE_STYLE_FILL_AREA ( #9218 ) ;
#6470 = VECTOR ( 'NONE', #1093, 1000.000000000000000 ) ;
#6471 = VECTOR ( 'NONE', #470, 1000.000000000000000 ) ;
#6472 =( GEOMETRIC_REPRESENTATION_CONTEXT ( 3 ) GLOBAL_UNCERTAINTY_ASSIGNED_CONTEXT ( ( #8097 ) ) GLOBAL_UNIT_ASSIGNED_CONTEXT ( ( #178, #3794, #10244 ) ) REPRESENTATION_CONTEXT ( 'NONE', 'WORKASPACE' ) );
#6473 = EDGE_CURVE ( 'NONE', #1443, #5653, #10637, .T. ) ;
#6474 = CARTESIAN_POINT ( 'NONE',  ( -2.500223525886114739, 0.1000000000000000333, 1.625000000000000222 ) ) ;
#6475 = SURFACE_STYLE_FILL_AREA ( #9224 ) ;
#6476 = LINE ( 'NONE', #4567, #9447 ) ;
#6477 = ORIENTED_EDGE ( 'NONE', *, *, #11169, .T. ) ;
#6478 = AXIS2_PLACEMENT_3D ( 'NONE', #3033, #6738, #6563 ) ;
#6479 = CARTESIAN_POINT ( 'NONE',  ( -2.100000000000000089, -0.03000000000000000930, 1.745000000000000329 ) ) ;
#6480 = DIRECTION ( 'NONE',  ( -1.000000000000000000, 0.0000000000000000000, -0.0000000000000000000 ) ) ;
#6481 = CARTESIAN_POINT ( 'NONE',  ( 0.6250000000000000000, 0.0000000000000000000, 2.220000000000000195 ) ) ;
#6482 = SURFACE_SIDE_STYLE ('',( #7202 ) ) ;
#6483 = ORIENTED_EDGE ( 'NONE', *, *, #1265, .F. ) ;
#6484 = FACE_OUTER_BOUND ( 'NONE', #8889, .T. ) ;
#6485 = EDGE_CURVE ( 'NONE', #8872, #6436, #11100, .T. ) ;
#6486 = CARTESIAN_POINT ( 'NONE',  ( 0.1250000000000000000, 0.1000000000000000056, -2.500105095651770082 ) ) ;
#6487 = VERTEX_POINT ( 'NONE', #5780 ) ;
#6488 = EDGE_CURVE ( 'NONE', #7094, #2882, #8501, .T. ) ;
#6489 = B_SPLINE_CURVE_WITH_KNOTS ( 'NONE', 3,
 ( #10625, #6137, #5134, #9912 ),
 .UNSPECIFIED., .F., .F.,
 ( 4, 4 ),
 ( 0.0000000000000000000, 1.000000000000000000 ),
 .UNSPECIFIED. ) ;
#6490 = FACE_OUTER_BOUND ( 'NONE', #8837, .T. ) ;
#6491 = ORIENTED_EDGE ( 'NONE', *, *, #2633, .T. ) ;
#6492 = DIRECTION ( 'NONE',  ( 0.0000000000000000000, 0.0000000000000000000, -1.000000000000000000 ) ) ;
#6493 = EDGE_LOOP ( 'NONE', ( #6649, #7262, #278, #5721, #3878, #11163 ) ) ;
#6494 = B_SPLINE_CURVE_WITH_KNOTS ( 'NONE', 3,
 ( #7674, #10362, #11272, #7839 ),
 .UNSPECIFIED., .F., .F.,
 ( 4, 4 ),
 ( 0.0000000000000000000, 1.000000000000000000 ),
 .UNSPECIFIED. ) ;
#6495 = ORIENTED_EDGE ( 'NONE', *, *, #3796, .F. ) ;
#6496 = DIRECTION ( 'NONE',  ( 1.000000000000000000, 0.0000000000000000000, -0.0000000000000000000 ) ) ;
#6497 = CARTESIAN_POINT ( 'NONE',  ( 1.125000000000000222, 0.0000000000000000000, 2.220000000000000195 ) ) ;
#6498 =( NAMED_UNIT ( * ) PLANE_ANGLE_UNIT ( ) SI_UNIT ( $, .RADIAN. ) );
#6499 = EDGE_CURVE ( 'NONE', #1287, #3882, #7634, .T. ) ;
#6500 = CARTESIAN_POINT ( 'NONE',  ( 2.188584073464102886, 0.0000000000000000000, -1.875000000000000222 ) ) ;
#6501 = CARTESIAN_POINT ( 'NONE',  ( 0.5356958449205090345, 0.9000000000000002442, 0.1217293629194721588 ) ) ;
#6502 = ADVANCED_FACE ( 'NONE', ( #8461 ), #6684, .F. ) ;
#6503 = CARTESIAN_POINT ( 'NONE',  ( -1.565765448930310333, 0.8900000000000000133, 0.2340626297995880012 ) ) ;
#6504 = CARTESIAN_POINT ( 'NONE',  ( -0.1250000000000000000, 0.0000000000000000000, -2.406666666666666732 ) ) ;
#6505 = EDGE_LOOP ( 'NONE', ( #10284, #441, #1593, #5544 ) ) ;
#6506 = CARTESIAN_POINT ( 'NONE',  ( 2.100000000000000089, -0.03000000000000000583, 0.2450000000000010780 ) ) ;
#6507 = CARTESIAN_POINT ( 'NONE',  ( 1.375000000000000000, -0.03000000000000000930, -2.500105095651770082 ) ) ;
#6508 = ORIENTED_EDGE ( 'NONE', *, *, #1322, .F. ) ;
#6509 = EDGE_LOOP ( 'NONE', ( #5179, #6452, #9748, #6385 ) ) ;
#6510 = FACE_OUTER_BOUND ( 'NONE', #7388, .T. ) ;
#6511 = VERTEX_POINT ( 'NONE', #8524 ) ;
#6512 = CARTESIAN_POINT ( 'NONE',  ( 1.625000000000000222, 0.1000000000000000194, 2.500052547825884819 ) ) ;
#6513 = CARTESIAN_POINT ( 'NONE',  ( 1.875000000000000000, 0.1000000000000000056, -2.500105095651770082 ) ) ;
#6514 = CARTESIAN_POINT ( 'NONE',  ( 1.750000000000000000, -0.03000000000000000236, -1.750000000000000000 ) ) ;
#6515 = DIRECTION ( 'NONE',  ( 0.0000000000000000000, -1.000000000000000000, 0.0000000000000000000 ) ) ;
#6516 = CARTESIAN_POINT ( 'NONE',  ( 0.3178021097195469769, 0.8900000000000000133, 0.1484768015626250215 ) ) ;
#6517 = B_SPLINE_CURVE_WITH_KNOTS ( 'NONE', 3,
 ( #3197, #10484, #6836, #2301 ),
 .UNSPECIFIED., .F., .F.,
 ( 4, 4 ),
 ( 0.0000000000000000000, 1.000000000000000000 ),
 .UNSPECIFIED. ) ;
#6518 = B_SPLINE_CURVE_WITH_KNOTS ( 'NONE', 3,
 ( #6279, #2578, #5331, #7053, #6215, #7240 ),
 .UNSPECIFIED., .F., .F.,
 ( 4, 2, 4 ),
 ( 0.0000000000000000000, 0.5000000000000000000, 1.000000000000000000 ),
 .UNSPECIFIED. ) ;
#6519 = CARTESIAN_POINT ( 'NONE',  ( -1.905622319219270278, 0.8900000000000000133, 0.1693082821311220065 ) ) ;
#6520 = CARTESIAN_POINT ( 'NONE',  ( -0.6250000000000000000, 0.0000000000000000000, -2.220000000000000195 ) ) ;
#6521 = ORIENTED_EDGE ( 'NONE', *, *, #678, .T. ) ;
#6522 = CARTESIAN_POINT ( 'NONE',  ( -0.2549999999999990052, 0.0000000000000000000, -2.100000000000000089 ) ) ;
#6523 = MECHANICAL_DESIGN_GEOMETRIC_PRESENTATION_REPRESENTATION (  '', ( #9179 ), #6125 ) ;
#6524 = CARTESIAN_POINT ( 'NONE',  ( 0.6250000000000001110, 0.1000000000000000194, -2.500052547825884819 ) ) ;
#6525 = UNCERTAINTY_MEASURE_WITH_UNIT (LENGTH_MEASURE( 1.000000000000000082E-05 ), #4803, 'distance_accuracy_value', 'NONE');
#6526 = B_SPLINE_CURVE_WITH_KNOTS ( 'NONE', 3,
 ( #8877, #1723, #9002, #833 ),
 .UNSPECIFIED., .F., .F.,
 ( 4, 4 ),
 ( 0.0000000000000000000, 1.000000000000000000 ),
 .UNSPECIFIED. ) ;
#6527 = CARTESIAN_POINT ( 'NONE',  ( 1.625000000000000222, 0.06666666666666669350, -2.500105095651770082 ) ) ;
#6528 = VECTOR ( 'NONE', #1653, 1000.000000000000000 ) ;
#6529 = SURFACE_SIDE_STYLE ('',( #230 ) ) ;
#6530 = ORIENTED_EDGE ( 'NONE', *, *, #7897, .T. ) ;
#6531 = ORIENTED_EDGE ( 'NONE', *, *, #1608, .F. ) ;
#6532 = CARTESIAN_POINT ( 'NONE',  ( -1.139044309599930083, 0.8900000000000000133, 0.1310849950463950087 ) ) ;
#6533 = CARTESIAN_POINT ( 'NONE',  ( -1.125000000000000222, 0.0000000000000000000, 2.500000000000000000 ) ) ;
#6534 = ADVANCED_FACE ( 'NONE', ( #2803 ), #3326, .T. ) ;
#6535 = CARTESIAN_POINT ( 'NONE',  ( 1.458333333333333481, 0.0000000000000000000, -2.500000000000000000 ) ) ;
#6536 = CARTESIAN_POINT ( 'NONE',  ( 1.745000000000000329, 0.1000000000000000056, 2.100000000000000089 ) ) ;
#6537 = CARTESIAN_POINT ( 'NONE',  ( 0.3750000000000000000, 0.0000000000000000000, 2.500000000000000000 ) ) ;
#6538 = CARTESIAN_POINT ( 'NONE',  ( 2.100000000000000089, 0.0000000000000000000, 0.7864159265358973139 ) ) ;
#6539 = SURFACE_STYLE_FILL_AREA ( #10183 ) ;
#6540 = VECTOR ( 'NONE', #4971, 1000.000000000000000 ) ;
#6541 = VERTEX_POINT ( 'NONE', #10500 ) ;
#6542 = CARTESIAN_POINT ( 'NONE',  ( -1.713584073464102131, 0.0000000000000000000, -2.100000000000000089 ) ) ;
#6543 = CARTESIAN_POINT ( 'NONE',  ( -1.846664523415020076, 0.8999999999999993561, 0.02303139907595989910 ) ) ;
#6544 = CARTESIAN_POINT ( 'NONE',  ( 2.500447051772229923, 0.1000000000000000056, -1.875000000000000000 ) ) ;
#6545 = VERTEX_POINT ( 'NONE', #3096 ) ;
#6546 =( NAMED_UNIT ( * ) PLANE_ANGLE_UNIT ( ) SI_UNIT ( $, .RADIAN. ) );
#6547 = LINE ( 'NONE', #2725, #4055 ) ;
#6548 = EDGE_CURVE ( 'NONE', #2415, #9615, #5798, .T. ) ;
#6549 = PRESENTATION_LAYER_ASSIGNMENT (  '', '', ( #1028 ) ) ;
#6550 = EDGE_CURVE ( 'NONE', #4537, #1104, #7741, .T. ) ;
#6551 = CARTESIAN_POINT ( 'NONE',  ( -1.378043711359130175, 0.8900000000000001243, -0.03388417220688030168 ) ) ;
#6552 = DIRECTION ( 'NONE',  ( 0.0000000000000000000, 1.000000000000000000, 0.0000000000000000000 ) ) ;
#6553 = ORIENTED_EDGE ( 'NONE', *, *, #10528, .F. ) ;
#6554 = CARTESIAN_POINT ( 'NONE',  ( 1.625000000000000222, 0.0000000000000000000, 2.406666666666666732 ) ) ;
#6555 = DIRECTION ( 'NONE',  ( -0.0000000000000000000, -1.000000000000000000, -0.0000000000000000000 ) ) ;
#6556 = VERTEX_POINT ( 'NONE', #7794 ) ;
#6557 = DIRECTION ( 'NONE',  ( 0.0000000000000000000, 0.0000000000000000000, -1.000000000000000000 ) ) ;
#6558 = ORIENTED_EDGE ( 'NONE', *, *, #5191, .T. ) ;
#6559 = VERTEX_POINT ( 'NONE', #6964 ) ;
#6560 = SURFACE_STYLE_USAGE ( .BOTH. , #3698 ) ;
#6561 = PLANE ( 'NONE',  #5898 ) ;
#6562 = CARTESIAN_POINT ( 'NONE',  ( -1.650649060507320298, 0.9000000000000001332, -0.1404764682104099882 ) ) ;
#6563 = DIRECTION ( 'NONE',  ( 0.0000000000000000000, 0.0000000000000000000, -1.000000000000000000 ) ) ;
#6564 = CARTESIAN_POINT ( 'NONE',  ( 1.790900912554659996, 0.9000000000000001332, -0.2421347249779509936 ) ) ;
#6565 = STYLED_ITEM ( 'NONE', ( #3850 ), #3680 ) ;
#6566 = UNCERTAINTY_MEASURE_WITH_UNIT (LENGTH_MEASURE( 1.000000000000000082E-05 ), #10212, 'distance_accuracy_value', 'NONE');
#6567 = PLANE ( 'NONE',  #11089 ) ;
#6568 = CARTESIAN_POINT ( 'NONE',  ( -2.157361600948406011, -0.03000000000000000930, -1.862067228433177846 ) ) ;
#6569 = ORIENTED_EDGE ( 'NONE', *, *, #7171, .T. ) ;
#6570 = B_SPLINE_CURVE_WITH_KNOTS ( 'NONE', 3,
 ( #9053, #11021, #9884, #7375 ),
 .UNSPECIFIED., .F., .F.,
 ( 4, 4 ),
 ( 0.0000000000000000000, 1.000000000000000000 ),
 .UNSPECIFIED. ) ;
#6571 = CARTESIAN_POINT ( 'NONE',  ( 2.220000000000000195, -0.03000000000000000583, 1.125000000000000222 ) ) ;
#6572 = ORIENTED_EDGE ( 'NONE', *, *, #11317, .T. ) ;
#6573 = ORIENTED_EDGE ( 'NONE', *, *, #7353, .T. ) ;
#6574 = EDGE_CURVE ( 'NONE', #11377, #7840, #975, .T. ) ;
#6575 = MECHANICAL_DESIGN_GEOMETRIC_PRESENTATION_REPRESENTATION (  '', ( #9609 ), #4468 ) ;
#6576 = CARTESIAN_POINT ( 'NONE',  ( -2.100000000000000089, -0.03000000000000000930, 1.786415926535898091 ) ) ;
#6577 = CARTESIAN_POINT ( 'NONE',  ( -2.406666666666666732, 0.0000000000000000000, 0.1250000000000000000 ) ) ;
#6578 = CARTESIAN_POINT ( 'NONE',  ( -0.03174059687929790124, 0.8900000000000000133, 0.2333369731352570031 ) ) ;
#6579 = LINE ( 'NONE', #10219, #1161 ) ;
#6580 = CARTESIAN_POINT ( 'NONE',  ( -0.6250000000000000000, 0.0000000000000000000, 2.220000000000000195 ) ) ;
#6581 = FILL_AREA_STYLE_COLOUR ( '', #6147 ) ;
#6582 = CARTESIAN_POINT ( 'NONE',  ( 2.112932771566822687, -0.03000000000000001277, -0.6823616009484068101 ) ) ;
#6583 = ORIENTED_EDGE ( 'NONE', *, *, #3086, .F. ) ;
#6584 = MECHANICAL_DESIGN_GEOMETRIC_PRESENTATION_REPRESENTATION (  '', ( #6763 ), #5427 ) ;
#6585 = COLOUR_RGB ( '',1.000000000000000000, 1.000000000000000000, 1.000000000000000000 ) ;
#6586 = FACE_OUTER_BOUND ( 'NONE', #10952, .T. ) ;
#6587 = ORIENTED_EDGE ( 'NONE', *, *, #10791, .F. ) ;
#6588 = CARTESIAN_POINT ( 'NONE',  ( 2.157361600948406011, -0.03000000000000000930, -1.137932771566822376 ) ) ;
#6589 = VECTOR ( 'NONE', #8044, 1000.000000000000000 ) ;
#6590 = CARTESIAN_POINT ( 'NONE',  ( -1.125000000000000222, -0.03000000000000000930, 2.500105095651770082 ) ) ;
#6591 = EDGE_CURVE ( 'NONE', #4992, #4594, #6067, .T. ) ;
#6592 = ORIENTED_EDGE ( 'NONE', *, *, #5624, .T. ) ;
#6593 = SURFACE_SIDE_STYLE ('',( #7363 ) ) ;
#6594 =( NAMED_UNIT ( * ) SI_UNIT ( $, .STERADIAN. ) SOLID_ANGLE_UNIT ( ) );
#6595 = CARTESIAN_POINT ( 'NONE',  ( -1.375000000000000000, 0.03333333333333334675, -2.500105095651770082 ) ) ;
#6596 = CARTESIAN_POINT ( 'NONE',  ( 1.875000000000000000, 0.0000000000000000000, -2.500000000000000000 ) ) ;
#6597 = DIRECTION ( 'NONE',  ( 0.0000000000000000000, -1.000000000000000000, -0.0000000000000000000 ) ) ;
#6598 = CARTESIAN_POINT ( 'NONE',  ( 2.220000000000000195, 0.1000000000000000056, -1.375000000000000000 ) ) ;
#6599 = FACE_OUTER_BOUND ( 'NONE', #1288, .T. ) ;
#6600 = VERTEX_POINT ( 'NONE', #6912 ) ;
#6601 = EDGE_CURVE ( 'NONE', #11266, #11550, #2369, .T. ) ;
#6602 = CARTESIAN_POINT ( 'NONE',  ( 2.100000000000000089, 0.0000000000000000000, 1.751666666666666483 ) ) ;
#6603 = VERTEX_POINT ( 'NONE', #9651 ) ;
#6604 = DIRECTION ( 'NONE',  ( -1.000000000000000000, 0.0000000000000000000, -0.0000000000000000000 ) ) ;
#6605 = PRESENTATION_STYLE_ASSIGNMENT (( #7493 ) ) ;
#6606 = CARTESIAN_POINT ( 'NONE',  ( 2.220000000000000195, 0.0000000000000000000, -0.3750000000000000000 ) ) ;
#6607 = CARTESIAN_POINT ( 'NONE',  ( 1.625000000000000222, 0.0000000000000000000, 2.500000000000000000 ) ) ;
#6608 = EDGE_LOOP ( 'NONE', ( #3272, #11579, #5557, #3004 ) ) ;
#6609 = EDGE_CURVE ( 'NONE', #11693, #5078, #2676, .T. ) ;
#6610 = DIRECTION ( 'NONE',  ( 0.0000000000000000000, 0.0000000000000000000, 1.000000000000000000 ) ) ;
#6611 = ORIENTED_EDGE ( 'NONE', *, *, #8962, .T. ) ;
#6612 = CARTESIAN_POINT ( 'NONE',  ( 0.3154900787141289853, 0.8900000000000000133, 0.03479771567938359789 ) ) ;
#6613 = ORIENTED_EDGE ( 'NONE', *, *, #8985, .T. ) ;
#6614 = VERTEX_POINT ( 'NONE', #658 ) ;
#6615 = CARTESIAN_POINT ( 'NONE',  ( -0.7550000000000000044, 0.1000000000000000056, -2.220000000000000195 ) ) ;
#6616 = CARTESIAN_POINT ( 'NONE',  ( 2.500000000000000000, 0.9000000000000001332, 1.125000000000000222 ) ) ;
#6617 = DIRECTION ( 'NONE',  ( 1.000000000000000000, -0.0000000000000000000, 0.0000000000000000000 ) ) ;
#6618 = VECTOR ( 'NONE', #8063, 1000.000000000000000 ) ;
#6619 = CARTESIAN_POINT ( 'NONE',  ( 0.6132989648979391140, 0.8999999999999998002, -0.2630111705044270165 ) ) ;
#6620 = CARTESIAN_POINT ( 'NONE',  ( -0.3620672284331773461, -0.0000000000000000000, -2.157361600948405567 ) ) ;
#6621 = CARTESIAN_POINT ( 'NONE',  ( -2.220000000000000195, -0.03000000000000000583, -1.875000000000000000 ) ) ;
#6622 = ORIENTED_EDGE ( 'NONE', *, *, #538, .F. ) ;
#6623 = CARTESIAN_POINT ( 'NONE',  ( -1.946804083456310064, 0.9000000000000001332, 0.02976371085323930091 ) ) ;
#6624 = ORIENTED_EDGE ( 'NONE', *, *, #2822, .F. ) ;
#6625 = EDGE_CURVE ( 'NONE', #3951, #3072, #11285, .T. ) ;
#6626 = AXIS2_PLACEMENT_3D ( 'NONE', #10744, #2563, #6202 ) ;
#6627 = ORIENTED_EDGE ( 'NONE', *, *, #4378, .T. ) ;
#6628 = DIRECTION ( 'NONE',  ( 0.0000000000000000000, -0.0000000000000000000, -1.000000000000000000 ) ) ;
#6629 = ORIENTED_EDGE ( 'NONE', *, *, #4906, .F. ) ;
#6630 =( NAMED_UNIT ( * ) SI_UNIT ( $, .STERADIAN. ) SOLID_ANGLE_UNIT ( ) );
#6631 = CARTESIAN_POINT ( 'NONE',  ( 0.7450000000000009948, -0.03000000000000000583, -2.100000000000000089 ) ) ;
#6632 = B_SPLINE_CURVE_WITH_KNOTS ( 'NONE', 3,
 ( #5105, #8804, #4268, #6898, #596, #7782 ),
 .UNSPECIFIED., .F., .F.,
 ( 4, 2, 4 ),
 ( 0.0000000000000000000, 0.5000000000000000000, 1.000000000000000000 ),
 .UNSPECIFIED. ) ;
#6633 = DIRECTION ( 'NONE',  ( -1.000000000000000000, 0.0000000000000000000, -1.247439894533389989E-15 ) ) ;
#6634 = CARTESIAN_POINT ( 'NONE',  ( -1.875000000000000000, 0.0000000000000000000, -2.500000000000000000 ) ) ;
#6635 = CARTESIAN_POINT ( 'NONE',  ( 1.375000000000000000, 0.1000000000000000056, 2.220000000000000195 ) ) ;
#6636 = CARTESIAN_POINT ( 'NONE',  ( -2.188584073464102886, -0.03000000000000000930, 1.125000000000000666 ) ) ;
#6637 = LINE ( 'NONE', #2152, #2230 ) ;
#6638 = ADVANCED_FACE ( 'NONE', ( #11734 ), #5418, .F. ) ;
#6639 = DIRECTION ( 'NONE',  ( 0.0000000000000000000, 1.000000000000000000, -0.0000000000000000000 ) ) ;
#6640 = COLOUR_RGB ( '',1.000000000000000000, 1.000000000000000000, 1.000000000000000000 ) ;
#6641 = EDGE_CURVE ( 'NONE', #4145, #4828, #9111, .T. ) ;
#6642 = UNCERTAINTY_MEASURE_WITH_UNIT (LENGTH_MEASURE( 1.000000000000000082E-05 ), #8387, 'distance_accuracy_value', 'NONE');
#6643 = EDGE_LOOP ( 'NONE', ( #4762, #9486, #4666, #9212, #11624, #6038 ) ) ;
#6644 = ORIENTED_EDGE ( 'NONE', *, *, #3970, .F. ) ;
#6645 = DIRECTION ( 'NONE',  ( 0.0000000000000000000, 0.0000000000000000000, -1.000000000000000000 ) ) ;
#6646 = PLANE ( 'NONE',  #3349 ) ;
#6647 = B_SPLINE_CURVE_WITH_KNOTS ( 'NONE', 3,
 ( #996, #1998, #2776, #7367, #4670, #10118 ),
 .UNSPECIFIED., .F., .F.,
 ( 4, 2, 4 ),
 ( 0.0000000000000000000, 0.5000000000000000000, 1.000000000000000000 ),
 .UNSPECIFIED. ) ;
#6648 = AXIS2_PLACEMENT_3D ( 'NONE', #10775, #6168, #8992 ) ;
#6649 = ORIENTED_EDGE ( 'NONE', *, *, #506, .F. ) ;
#6650 = CARTESIAN_POINT ( 'NONE',  ( 2.100000000000000089, 0.0000000000000000000, 0.7549999999999990052 ) ) ;
#6651 = CARTESIAN_POINT ( 'NONE',  ( 1.049963547632896788, 0.8900000000000002354, -0.2460528646144091169 ) ) ;
#6652 = VECTOR ( 'NONE', #5118, 1000.000000000000000 ) ;
#6653 = CARTESIAN_POINT ( 'NONE',  ( -1.148204682958599898, 0.8999999999999989120, -0.2279954129338659929 ) ) ;
#6654 = FILL_AREA_STYLE_COLOUR ( '', #4944 ) ;
#6655 = EDGE_CURVE ( 'NONE', #7665, #3615, #7087, .T. ) ;
#6656 = CARTESIAN_POINT ( 'NONE',  ( 2.100000000000000089, 0.0000000000000000000, -0.2549999999999990052 ) ) ;
#6657 = EDGE_CURVE ( 'NONE', #666, #1641, #1116, .T. ) ;
#6658 = STYLED_ITEM ( 'NONE', ( #3171 ), #11098 ) ;
#6659 = MECHANICAL_DESIGN_GEOMETRIC_PRESENTATION_REPRESENTATION (  '', ( #8554 ), #2449 ) ;
#6660 = EDGE_LOOP ( 'NONE', ( #6572, #4269, #3358, #9841, #4579, #11555, #8710, #10747, #10494, #8541, #4483, #2994, #5258 ) ) ;
#6661 = FACE_BOUND ( 'NONE', #3037, .T. ) ;
#6662 = CARTESIAN_POINT ( 'NONE',  ( 2.100000000000000089, 0.0000000000000000000, 1.755000000000000115 ) ) ;
#6663 = ORIENTED_EDGE ( 'NONE', *, *, #2456, .T. ) ;
#6664 = SURFACE_STYLE_FILL_AREA ( #3799 ) ;
#6665 = CARTESIAN_POINT ( 'NONE',  ( -2.500000000000000000, 0.9000000000000001332, -1.625000000000000222 ) ) ;
#6666 = DIRECTION ( 'NONE',  ( 0.0000000000000000000, 0.0000000000000000000, -1.000000000000000000 ) ) ;
#6667 = CARTESIAN_POINT ( 'NONE',  ( 0.2450000000000010225, -0.03000000000000000930, -2.100000000000000089 ) ) ;
#6668 = ORIENTED_EDGE ( 'NONE', *, *, #4238, .T. ) ;
#6669 = AXIS2_PLACEMENT_3D ( 'NONE', #489, #11289, #2141 ) ;
#6670 = CARTESIAN_POINT ( 'NONE',  ( 1.120825563073010178, 0.8999999999999990230, 0.2727081394639729872 ) ) ;
#6671 = PLANE ( 'NONE',  #623 ) ;
#6672 = EDGE_LOOP ( 'NONE', ( #2098, #1936, #7716, #6119 ) ) ;
#6673 = VECTOR ( 'NONE', #8494, 1000.000000000000000 ) ;
#6674 = CARTESIAN_POINT ( 'NONE',  ( -0.2549999999999992273, 0.0000000000000000000, 2.100000000000000089 ) ) ;
#6675 = EDGE_LOOP ( 'NONE', ( #323, #4336, #8130 ) ) ;
#6676 = VECTOR ( 'NONE', #11521, 1000.000000000000000 ) ;
#6677 = LINE ( 'NONE', #6612, #11342 ) ;
#6678 = B_SPLINE_CURVE_WITH_KNOTS ( 'NONE', 3,
 ( #4034, #5883, #7667, #2400 ),
 .UNSPECIFIED., .F., .F.,
 ( 4, 4 ),
 ( 0.0000000000000000000, 1.000000000000000000 ),
 .UNSPECIFIED. ) ;
#6679 = ORIENTED_EDGE ( 'NONE', *, *, #10342, .F. ) ;
#6680 = LINE ( 'NONE', #8277, #11153 ) ;
#6681 = CARTESIAN_POINT ( 'NONE',  ( -2.406666666666666732, 0.0000000000000000000, 0.6250000000000000000 ) ) ;
#6682 = DIRECTION ( 'NONE',  ( 0.0000000000000000000, 0.0000000000000000000, 1.000000000000000000 ) ) ;
#6683 = MECHANICAL_DESIGN_GEOMETRIC_PRESENTATION_REPRESENTATION (  '', ( #11235 ), #2654 ) ;
#6684 = PLANE ( 'NONE',  #5835 ) ;
#6685 = EDGE_CURVE ( 'NONE', #8582, #11223, #8078, .T. ) ;
#6686 = UNCERTAINTY_MEASURE_WITH_UNIT (LENGTH_MEASURE( 1.000000000000000082E-05 ), #3975, 'distance_accuracy_value', 'NONE');
#6687 = CARTESIAN_POINT ( 'NONE',  ( -0.7916666666666666297, 0.1000000000000000056, 2.500105095651770082 ) ) ;
#6688 = ORIENTED_EDGE ( 'NONE', *, *, #10033, .T. ) ;
#6689 = FACE_OUTER_BOUND ( 'NONE', #8385, .T. ) ;
#6690 = ORIENTED_EDGE ( 'NONE', *, *, #440, .T. ) ;
#6691 = LINE ( 'NONE', #2265, #9423 ) ;
#6692 = SURFACE_STYLE_USAGE ( .BOTH. , #327 ) ;
#6693 = CARTESIAN_POINT ( 'NONE',  ( -0.7549999999999990052, 0.1000000000000000056, -2.100000000000000089 ) ) ;
#6694 = CARTESIAN_POINT ( 'NONE',  ( 1.265581375123139951, 0.8900000000000000133, 0.3083217570670889751 ) ) ;
#6695 = EDGE_CURVE ( 'NONE', #2398, #1790, #7269, .T. ) ;
#6696 = EDGE_CURVE ( 'NONE', #10779, #9291, #9500, .T. ) ;
#6697 = B_SPLINE_CURVE_WITH_KNOTS ( 'NONE', 3,
 ( #1626, #10944, #8846, #8114, #9035, #687 ),
 .UNSPECIFIED., .F., .F.,
 ( 4, 2, 4 ),
 ( 0.0000000000000000000, 0.5000000000000000000, 1.000000000000000000 ),
 .UNSPECIFIED. ) ;
#6698 = CARTESIAN_POINT ( 'NONE',  ( -0.2281496047916529990, 0.9000000000000001332, 0.3083217570670889751 ) ) ;
#6699 = AXIS2_PLACEMENT_3D ( 'NONE', #9242, #317, #8525 ) ;
#6700 = ORIENTED_EDGE ( 'NONE', *, *, #2921, .F. ) ;
#6701 = ORIENTED_EDGE ( 'NONE', *, *, #7105, .F. ) ;
#6702 = DIRECTION ( 'NONE',  ( -0.0000000000000000000, -1.000000000000000000, -0.0000000000000000000 ) ) ;
#6703 = FILL_AREA_STYLE ('',( #3060 ) ) ;
#6704 = DIRECTION ( 'NONE',  ( 1.000000000000000000, 0.0000000000000000000, -0.0000000000000000000 ) ) ;
#6705 = ORIENTED_EDGE ( 'NONE', *, *, #4978, .T. ) ;
#6706 =( GEOMETRIC_REPRESENTATION_CONTEXT ( 3 ) GLOBAL_UNCERTAINTY_ASSIGNED_CONTEXT ( ( #6953 ) ) GLOBAL_UNIT_ASSIGNED_CONTEXT ( ( #7255, #1826, #11718 ) ) REPRESENTATION_CONTEXT ( 'NONE', 'WORKASPACE' ) );
#6707 = CARTESIAN_POINT ( 'NONE',  ( 0.6250000000000001110, 0.1000000000000000194, 2.500052547825884819 ) ) ;
#6708 = EDGE_CURVE ( 'NONE', #6436, #5746, #2514, .T. ) ;
#6709 = CARTESIAN_POINT ( 'NONE',  ( -0.3176383990515933009, -0.03000000000000000930, -2.112932771566821799 ) ) ;
#6710 = CARTESIAN_POINT ( 'NONE',  ( 0.01512489307809719574, 0.9000000000000001332, 0.03479771567938359789 ) ) ;
#6711 = PRESENTATION_STYLE_ASSIGNMENT (( #5581 ) ) ;
#6712 = ORIENTED_EDGE ( 'NONE', *, *, #6591, .T. ) ;
#6713 = COLOUR_RGB ( '',1.000000000000000000, 1.000000000000000000, 1.000000000000000000 ) ;
#6714 = DIRECTION ( 'NONE',  ( 0.5579391863233839066, 0.0000000000000000000, 0.8298818375918347590 ) ) ;
#6715 = ADVANCED_FACE ( 'NONE', ( #895 ), #6244, .F. ) ;
#6716 = CARTESIAN_POINT ( 'NONE',  ( 1.719285493790500219, 0.8900000000000004574, -0.2378877532266260031 ) ) ;
#6717 = LINE ( 'NONE', #8565, #10398 ) ;
#6718 = ORIENTED_EDGE ( 'NONE', *, *, #7353, .F. ) ;
#6719 = LINE ( 'NONE', #11267, #1012 ) ;
#6720 = DIRECTION ( 'NONE',  ( 0.0000000000000000000, -1.000000000000000000, 0.0000000000000000000 ) ) ;
#6721 = CARTESIAN_POINT ( 'NONE',  ( 0.8750000000000000000, -0.03000000000000000930, -2.500105095651770082 ) ) ;
#6722 = EDGE_CURVE ( 'NONE', #9794, #11490, #6364, .T. ) ;
#6723 = DIRECTION ( 'NONE',  ( 0.0000000000000000000, 1.000000000000000000, 0.0000000000000000000 ) ) ;
#6724 = CARTESIAN_POINT ( 'NONE',  ( 2.220000000000000195, 0.0000000000000000000, -0.1250000000000000000 ) ) ;
#6725 = VERTEX_POINT ( 'NONE', #10859 ) ;
#6726 = SHAPE_DEFINITION_REPRESENTATION ( #5159, #3068 ) ;
#6727 = VECTOR ( 'NONE', #638, 1000.000000000000000 ) ;
#6728 = CARTESIAN_POINT ( 'NONE',  ( 2.083333333333333481, 0.0000000000000000000, 2.500000000000000000 ) ) ;
#6729 = UNCERTAINTY_MEASURE_WITH_UNIT (LENGTH_MEASURE( 1.000000000000000082E-05 ), #11233, 'distance_accuracy_value', 'NONE');
#6730 = CARTESIAN_POINT ( 'NONE',  ( -1.354625563403949906, 0.8950000000000000178, 0.01392127015290760099 ) ) ;
#6731 = VERTEX_POINT ( 'NONE', #7018 ) ;
#6732 = LINE ( 'NONE', #5283, #492 ) ;
#6733 = EDGE_LOOP ( 'NONE', ( #11645, #8111 ) ) ;
#6734 = EDGE_CURVE ( 'NONE', #297, #4413, #133, .T. ) ;
#6735 = B_SPLINE_CURVE_WITH_KNOTS ( 'NONE', 3,
 ( #1468, #9570, #3127, #6098, #1579, #8679 ),
 .UNSPECIFIED., .F., .F.,
 ( 4, 2, 4 ),
 ( 0.0000000000000000000, 0.5000000000000000000, 1.000000000000000000 ),
 .UNSPECIFIED. ) ;
#6736 = CARTESIAN_POINT ( 'NONE',  ( 0.1250000000000000000, 0.1000000000000000056, -2.500105095651770082 ) ) ;
#6737 = CARTESIAN_POINT ( 'NONE',  ( 1.125000000000000222, 0.1000000000000000056, -2.500105095651770082 ) ) ;
#6738 = DIRECTION ( 'NONE',  ( 0.0000000000000000000, -1.000000000000000000, 0.0000000000000000000 ) ) ;
#6739 = CARTESIAN_POINT ( 'NONE',  ( -2.100000000000000089, 0.1000000000000000056, 1.245000000000000329 ) ) ;
#6740 = LINE ( 'NONE', #7742, #959 ) ;
#6741 = EDGE_LOOP ( 'NONE', ( #5193, #8707, #8683, #1318 ) ) ;
#6742 = B_SPLINE_CURVE_WITH_KNOTS ( 'NONE', 3,
 ( #457, #8552, #4080, #2162, #573, #2221 ),
 .UNSPECIFIED., .F., .F.,
 ( 4, 2, 4 ),
 ( 0.0000000000000000000, 0.5000000000000000000, 1.000000000000000000 ),
 .UNSPECIFIED. ) ;
#6743 = ORIENTED_EDGE ( 'NONE', *, *, #5974, .F. ) ;
#6744 = ORIENTED_EDGE ( 'NONE', *, *, #9703, .T. ) ;
#6745 = ADVANCED_FACE ( 'NONE', ( #10672 ), #1599, .T. ) ;
#6746 = DIRECTION ( 'NONE',  ( 1.000000000000000000, 0.0000000000000000000, -0.0000000000000000000 ) ) ;
#6747 = ORIENTED_EDGE ( 'NONE', *, *, #4558, .F. ) ;
#6748 =( NAMED_UNIT ( * ) SI_UNIT ( $, .STERADIAN. ) SOLID_ANGLE_UNIT ( ) );
#6749 = CARTESIAN_POINT ( 'NONE',  ( -2.220000000000000195, 0.0000000000000000000, -1.375000000000000000 ) ) ;
#6750 = VECTOR ( 'NONE', #7624, 1000.000000000000000 ) ;
#6751 = DIRECTION ( 'NONE',  ( 0.0000000000000000000, 1.000000000000000000, 0.0000000000000000000 ) ) ;
#6752 = CARTESIAN_POINT ( 'NONE',  ( 2.500223525886114739, 0.1000000000000000194, 1.375000000000000000 ) ) ;
#6753 = PLANE ( 'NONE',  #8166 ) ;
#6754 = CARTESIAN_POINT ( 'NONE',  ( -1.875000000000000000, 0.0000000000000000000, -2.500000000000000000 ) ) ;
#6755 = ORIENTED_EDGE ( 'NONE', *, *, #11736, .F. ) ;
#6756 = EDGE_CURVE ( 'NONE', #6614, #8990, #9614, .T. ) ;
#6757 = EDGE_CURVE ( 'NONE', #6193, #5091, #10922, .T. ) ;
#6758 = EDGE_LOOP ( 'NONE', ( #8027, #8324, #7814, #8067, #8455, #3883 ) ) ;
#6759 = FACE_OUTER_BOUND ( 'NONE', #2826, .T. ) ;
#6760 = DIRECTION ( 'NONE',  ( 1.000000000000000000, 0.0000000000000000000, -0.0000000000000000000 ) ) ;
#6761 = ORIENTED_EDGE ( 'NONE', *, *, #10136, .F. ) ;
#6762 = CARTESIAN_POINT ( 'NONE',  ( -1.682361600948406810, -0.0000000000000000000, 2.112932771566823131 ) ) ;
#6763 = STYLED_ITEM ( 'NONE', ( #3463 ), #5439 ) ;
#6764 = CARTESIAN_POINT ( 'NONE',  ( -2.500000000000000000, 0.9000000000000001332, -0.8749999999999998890 ) ) ;
#6765 = AXIS2_PLACEMENT_3D ( 'NONE', #8947, #10797, #9655 ) ;
#6766 = CARTESIAN_POINT ( 'NONE',  ( -1.133079610878080068, 0.8950000000000001288, -0.1530902940588999006 ) ) ;
#6767 = CARTESIAN_POINT ( 'NONE',  ( 2.220000000000000195, 0.0000000000000000000, 0.6250000000000000000 ) ) ;
#6768 = COLOUR_RGB ( '',1.000000000000000000, 1.000000000000000000, 1.000000000000000000 ) ;
#6769 = VERTEX_POINT ( 'NONE', #2011 ) ;
#6770 = AXIS2_PLACEMENT_3D ( 'NONE', #10234, #3778, #4720 ) ;
#6771 = EDGE_CURVE ( 'NONE', #854, #1668, #6427, .T. ) ;
#6772 = CARTESIAN_POINT ( 'NONE',  ( -2.499999999999999556, 0.0000000000000000000, 1.875000000000000000 ) ) ;
#6773 = LINE ( 'NONE', #11318, #400 ) ;
#6774 = LINE ( 'NONE', #6544, #11166 ) ;
#6775 = ORIENTED_EDGE ( 'NONE', *, *, #8082, .T. ) ;
#6776 = SURFACE_SIDE_STYLE ('',( #589 ) ) ;
#6777 = DIRECTION ( 'NONE',  ( 1.000000000000000000, 0.0000000000000000000, -0.0000000000000000000 ) ) ;
#6778 = CARTESIAN_POINT ( 'NONE',  ( 0.8750000000000001110, 0.0000000000000000000, -2.500000000000000000 ) ) ;
#6779 = FACE_OUTER_BOUND ( 'NONE', #10986, .T. ) ;
#6780 = CARTESIAN_POINT ( 'NONE',  ( -1.862067228433177846, -0.0000000000000000000, -2.157361600948406011 ) ) ;
#6781 = CARTESIAN_POINT ( 'NONE',  ( 0.6789106508382921623, 0.9000000000000001332, -0.2161456805470310660 ) ) ;
#6782 = EDGE_LOOP ( 'NONE', ( #8151, #9905, #7927, #7075, #11451, #8772 ) ) ;
#6783 = MECHANICAL_DESIGN_GEOMETRIC_PRESENTATION_REPRESENTATION (  '', ( #11730 ), #8294 ) ;
#6784 = CARTESIAN_POINT ( 'NONE',  ( 1.317638399051593634, -0.0000000000000000000, 2.112932771566823131 ) ) ;
#6785 = MECHANICAL_DESIGN_GEOMETRIC_PRESENTATION_REPRESENTATION (  '', ( #2787 ), #6178 ) ;
#6786 = DIRECTION ( 'NONE',  ( -1.000000000000000000, 0.0000000000000000000, -0.0000000000000000000 ) ) ;
#6787 = VERTEX_POINT ( 'NONE', #9231 ) ;
#6788 = ADVANCED_FACE ( 'NONE', ( #66 ), #9353, .T. ) ;
#6789 = EDGE_CURVE ( 'NONE', #3408, #9870, #8390, .T. ) ;
#6790 = LINE ( 'NONE', #6730, #9413 ) ;
#6791 = ORIENTED_EDGE ( 'NONE', *, *, #1402, .F. ) ;
#6792 = B_SPLINE_CURVE_WITH_KNOTS ( 'NONE', 3,
 ( #5534, #7380, #9407, #2123, #4858, #2009 ),
 .UNSPECIFIED., .F., .F.,
 ( 4, 1, 1, 4 ),
 ( 0.0000000000000000000, 0.0001427190706703244645, 0.0002854381413406489290, 0.0005708762826812978581 ),
 .UNSPECIFIED. ) ;
#6793 = VERTEX_POINT ( 'NONE', #11085 ) ;
#6794 = ORIENTED_EDGE ( 'NONE', *, *, #6929, .F. ) ;
#6795 = DIRECTION ( 'NONE',  ( 0.0000000000000000000, 0.0000000000000000000, -1.000000000000000000 ) ) ;
#6796 = B_SPLINE_CURVE_WITH_KNOTS ( 'NONE', 3,
 ( #4972, #8615, #4082, #3241 ),
 .UNSPECIFIED., .F., .F.,
 ( 4, 4 ),
 ( 0.0000000000000000000, 1.000000000000000000 ),
 .UNSPECIFIED. ) ;
#6797 = CARTESIAN_POINT ( 'NONE',  ( 0.1250000000000000555, 0.0000000000000000000, 2.500000000000000000 ) ) ;
#6798 = DIRECTION ( 'NONE',  ( 0.0000000000000000000, 0.0000000000000000000, -1.000000000000000000 ) ) ;
#6799 = SURFACE_STYLE_FILL_AREA ( #3155 ) ;
#6800 = DIRECTION ( 'NONE',  ( -0.3162277660168391069, 0.0000000000000000000, 0.9486832980505133239 ) ) ;
#6801 = EDGE_LOOP ( 'NONE', ( #8046, #4824 ) ) ;
#6802 = DIRECTION ( 'NONE',  ( 0.0000000000000000000, -0.0000000000000000000, -1.000000000000000000 ) ) ;
#6803 = ORIENTED_EDGE ( 'NONE', *, *, #5833, .F. ) ;
#6804 = ADVANCED_FACE ( 'NONE', ( #6484 ), #10134, .T. ) ;
#6805 = ORIENTED_EDGE ( 'NONE', *, *, #5007, .F. ) ;
#6806 = CARTESIAN_POINT ( 'NONE',  ( -0.03174059687929790124, 0.8900000000000000133, 0.2333369731352570031 ) ) ;
#6807 = VECTOR ( 'NONE', #5634, 1000.000000000000114 ) ;
#6808 = CARTESIAN_POINT ( 'NONE',  ( -1.055112477585320008, 0.8900000000000000133, -0.1633154918677859890 ) ) ;
#6809 = FILL_AREA_STYLE ('',( #3946 ) ) ;
#6810 = CARTESIAN_POINT ( 'NONE',  ( 2.100000000000000089, 0.1000000000000000056, -0.7549999999999990052 ) ) ;
#6811 = CARTESIAN_POINT ( 'NONE',  ( -2.220000000000000195, 0.1000000000000000056, -1.875000000000000000 ) ) ;
#6812 = CARTESIAN_POINT ( 'NONE',  ( -2.157361600948406011, -0.0000000000000000000, -1.637932771566822598 ) ) ;
#6813 = EDGE_CURVE ( 'NONE', #156, #8326, #7211, .T. ) ;
#6814 = COLOUR_RGB ( '',1.000000000000000000, 1.000000000000000000, 1.000000000000000000 ) ;
#6815 = B_SPLINE_CURVE_WITH_KNOTS ( 'NONE', 3,
 ( #5484, #7918, #2494, #6255 ),
 .UNSPECIFIED., .F., .F.,
 ( 4, 4 ),
 ( 0.0000000000000000000, 1.000000000000000000 ),
 .UNSPECIFIED. ) ;
#6816 = ORIENTED_EDGE ( 'NONE', *, *, #4807, .F. ) ;
#6817 = COLOUR_RGB ( '',1.000000000000000000, 1.000000000000000000, 1.000000000000000000 ) ;
#6818 = CARTESIAN_POINT ( 'NONE',  ( -0.2450000000000004396, 0.0000000000000000000, -2.100000000000000089 ) ) ;
#6819 = CARTESIAN_POINT ( 'NONE',  ( -1.218715642527500087, 0.9000000000000001332, 0.03948426467512310134 ) ) ;
#6820 = VERTEX_POINT ( 'NONE', #8448 ) ;
#6821 = CARTESIAN_POINT ( 'NONE',  ( -2.157361600948406011, -0.0000000000000000000, 1.862067228433177846 ) ) ;
#6822 = FACE_OUTER_BOUND ( 'NONE', #8580, .T. ) ;
#6823 = AXIS2_PLACEMENT_3D ( 'NONE', #4970, #9450, #9616 ) ;
#6824 = LINE ( 'NONE', #9621, #916 ) ;
#6825 = EDGE_CURVE ( 'NONE', #4869, #5023, #9925, .T. ) ;
#6826 = CARTESIAN_POINT ( 'NONE',  ( -0.5664332323023040239, 0.8900000000000000133, -0.1948431851118520020 ) ) ;
#6827 = ORIENTED_EDGE ( 'NONE', *, *, #8608, .F. ) ;
#6828 = CARTESIAN_POINT ( 'NONE',  ( -0.6478087648646909669, 0.8900000000000000133, 0.3083217570670889751 ) ) ;
#6829 = VECTOR ( 'NONE', #6552, 1000.000000000000000 ) ;
#6830 = CARTESIAN_POINT ( 'NONE',  ( 1.713584073464102131, -0.03000000000000000930, -2.100000000000000089 ) ) ;
#6831 = PLANE ( 'NONE',  #2193 ) ;
#6832 = ORIENTED_EDGE ( 'NONE', *, *, #10556, .F. ) ;
#6833 = DIRECTION ( 'NONE',  ( 0.0000000000000000000, 0.0000000000000000000, 1.000000000000000000 ) ) ;
#6834 = LINE ( 'NONE', #5823, #7666 ) ;
#6835 = CARTESIAN_POINT ( 'NONE',  ( 2.188584073464102886, -0.03000000000000000930, 1.875000000000000000 ) ) ;
#6836 = CARTESIAN_POINT ( 'NONE',  ( 0.7142038572796304274, 0.8900000000000000133, -0.1874084023351656469 ) ) ;
#6837 = ORIENTED_EDGE ( 'NONE', *, *, #10755, .T. ) ;
#6838 = CYLINDRICAL_SURFACE ( 'NONE', #7182, 0.1199999999999998845 ) ;
#6839 = EDGE_CURVE ( 'NONE', #5079, #8183, #9768, .T. ) ;
#6840 = PRESENTATION_LAYER_ASSIGNMENT (  '', '', ( #193 ) ) ;
#6841 = B_SPLINE_CURVE_WITH_KNOTS ( 'NONE', 3,
 ( #37, #2513, #3657, #7297, #1690, #9087 ),
 .UNSPECIFIED., .F., .F.,
 ( 4, 2, 4 ),
 ( 0.0000000000000000000, 0.5000000000000000000, 1.000000000000000000 ),
 .UNSPECIFIED. ) ;
#6842 = UNCERTAINTY_MEASURE_WITH_UNIT (LENGTH_MEASURE( 1.000000000000000082E-05 ), #10896, 'distance_accuracy_value', 'NONE');
#6843 = VECTOR ( 'NONE', #244, 1000.000000000000000 ) ;
#6844 = FACE_OUTER_BOUND ( 'NONE', #1688, .T. ) ;
#6845 = VERTEX_POINT ( 'NONE', #3138 ) ;
#6846 = DIRECTION ( 'NONE',  ( 1.000000000000000000, 0.0000000000000000000, -0.0000000000000000000 ) ) ;
#6847 = VERTEX_POINT ( 'NONE', #421 ) ;
#6848 = PRESENTATION_LAYER_ASSIGNMENT (  '', '', ( #11612 ) ) ;
#6849 = AXIS2_PLACEMENT_3D ( 'NONE', #5448, #8907, #3480 ) ;
#6850 = ORIENTED_EDGE ( 'NONE', *, *, #8284, .F. ) ;
#6851 = EDGE_CURVE ( 'NONE', #6559, #8136, #11326, .T. ) ;
#6852 = FACE_OUTER_BOUND ( 'NONE', #1554, .T. ) ;
#6853 = FACE_OUTER_BOUND ( 'NONE', #7972, .T. ) ;
#6854 = PLANE ( 'NONE',  #6253 ) ;
#6855 =( NAMED_UNIT ( * ) SI_UNIT ( $, .STERADIAN. ) SOLID_ANGLE_UNIT ( ) );
#6856 = CARTESIAN_POINT ( 'NONE',  ( 1.265581375123139951, 0.8900000000000000133, 0.3083217570670889751 ) ) ;
#6857 = CARTESIAN_POINT ( 'NONE',  ( 1.286415926535898091, -0.03000000000000000930, -2.100000000000000533 ) ) ;
#6858 = FACE_OUTER_BOUND ( 'NONE', #3140, .T. ) ;
#6859 = EDGE_CURVE ( 'NONE', #10719, #3682, #6494, .T. ) ;
#6860 = VECTOR ( 'NONE', #11600, 1000.000000000000000 ) ;
#6861 = ORIENTED_EDGE ( 'NONE', *, *, #3218, .T. ) ;
#6862 = AXIS2_PLACEMENT_3D ( 'NONE', #5230, #11500, #8702 ) ;
#6863 = SURFACE_STYLE_FILL_AREA ( #3273 ) ;
#6864 = VECTOR ( 'NONE', #20, 1000.000000000000000 ) ;
#6865 = CARTESIAN_POINT ( 'NONE',  ( 0.2550000000000000044, 0.1000000000000000056, 2.220000000000000195 ) ) ;
#6866 = EDGE_CURVE ( 'NONE', #764, #2220, #4774, .T. ) ;
#6867 = SURFACE_STYLE_USAGE ( .BOTH. , #4294 ) ;
#6868 = LINE ( 'NONE', #2148, #9668 ) ;
#6869 = EDGE_CURVE ( 'NONE', #1019, #3682, #9058, .T. ) ;
#6870 = CARTESIAN_POINT ( 'NONE',  ( -0.6478087648646909669, 0.8900000000000000133, 0.3083217570670889751 ) ) ;
#6871 = CARTESIAN_POINT ( 'NONE',  ( 0.8203592205278840144, 0.8900000000000000133, -0.2165717304557349954 ) ) ;
#6872 = EDGE_CURVE ( 'NONE', #8827, #482, #2182, .T. ) ;
#6873 = SURFACE_STYLE_USAGE ( .BOTH. , #393 ) ;
#6874 = CARTESIAN_POINT ( 'NONE',  ( 2.220000000000000195, -0.03000000000000000583, -1.875000000000000000 ) ) ;
#6875 = ORIENTED_EDGE ( 'NONE', *, *, #2517, .T. ) ;
#6876 = CARTESIAN_POINT ( 'NONE',  ( 2.500223525886114739, 0.1000000000000000194, -1.375000000000000000 ) ) ;
#6877 = DIRECTION ( 'NONE',  ( 0.3874596177320698276, 0.0000000000000000000, -0.9218866766728535111 ) ) ;
#6878 = VERTEX_POINT ( 'NONE', #8633 ) ;
#6879 = FACE_OUTER_BOUND ( 'NONE', #4665, .T. ) ;
#6880 = CARTESIAN_POINT ( 'NONE',  ( -2.188584073464102886, 0.0000000000000000000, 1.875000000000000222 ) ) ;
#6881 = DIRECTION ( 'NONE',  ( -1.000000000000000000, 0.0000000000000000000, 0.0000000000000000000 ) ) ;
#6882 = B_SPLINE_CURVE_WITH_KNOTS ( 'NONE', 3,
 ( #10462, #9738, #4139, #6821, #6880, #5085 ),
 .UNSPECIFIED., .F., .F.,
 ( 4, 2, 4 ),
 ( 0.0000000000000000000, 0.5000000000000000000, 1.000000000000000000 ),
 .UNSPECIFIED. ) ;
#6883 = SURFACE_STYLE_USAGE ( .BOTH. , #7603 ) ;
#6884 = PRESENTATION_LAYER_ASSIGNMENT (  '', '', ( #241 ) ) ;
#6885 = CARTESIAN_POINT ( 'NONE',  ( 2.112932771566822687, -0.0000000000000000000, 0.6823616009484068101 ) ) ;
#6886 = ORIENTED_EDGE ( 'NONE', *, *, #6625, .F. ) ;
#6887 = CARTESIAN_POINT ( 'NONE',  ( 1.245000000000000329, -0.03000000000000000583, -2.100000000000000089 ) ) ;
#6888 = CARTESIAN_POINT ( 'NONE',  ( -2.220000000000000195, -0.03000000000000000930, -1.625000000000000222 ) ) ;
#6889 = EDGE_CURVE ( 'NONE', #4145, #7981, #6948, .T. ) ;
#6890 = VECTOR ( 'NONE', #6365, 1000.000000000000000 ) ;
#6891 = SURFACE_SIDE_STYLE ('',( #3361 ) ) ;
#6892 = ORIENTED_EDGE ( 'NONE', *, *, #4794, .T. ) ;
#6893 = CARTESIAN_POINT ( 'NONE',  ( 0.1250000000000000000, 0.1000000000000000056, -2.500105095651770082 ) ) ;
#6894 = CARTESIAN_POINT ( 'NONE',  ( 1.745313572323379914, 0.9000000000000001332, -0.3316052058057050167 ) ) ;
#6895 = LINE ( 'NONE', #10537, #7040 ) ;
#6896 = ORIENTED_EDGE ( 'NONE', *, *, #9343, .T. ) ;
#6897 = DIRECTION ( 'NONE',  ( 0.0000000000000000000, 0.0000000000000000000, 1.000000000000000000 ) ) ;
#6898 = CARTESIAN_POINT ( 'NONE',  ( -1.317638399051593412, -0.03000000000000000930, -2.112932771566822687 ) ) ;
#6899 = ORIENTED_EDGE ( 'NONE', *, *, #664, .F. ) ;
#6900 = AXIS2_PLACEMENT_3D ( 'NONE', #6486, #9290, #3742 ) ;
#6901 = CARTESIAN_POINT ( 'NONE',  ( 2.220000000000000195, 0.0000000000000000000, 1.875000000000000000 ) ) ;
#6902 = EDGE_CURVE ( 'NONE', #7502, #572, #9356, .T. ) ;
#6903 = SURFACE_STYLE_USAGE ( .BOTH. , #1591 ) ;
#6904 = ADVANCED_FACE ( 'NONE', ( #1313 ), #6838, .T. ) ;
#6905 = ORIENTED_EDGE ( 'NONE', *, *, #4733, .F. ) ;
#6906 = ORIENTED_EDGE ( 'NONE', *, *, #6373, .F. ) ;
#6907 = VECTOR ( 'NONE', #10161, 1000.000000000000000 ) ;
#6908 = CARTESIAN_POINT ( 'NONE',  ( 2.313333333333333464, 0.0000000000000000000, -0.6250000000000000000 ) ) ;
#6909 = CARTESIAN_POINT ( 'NONE',  ( -0.7449999999999999956, 0.1000000000000000056, -2.220000000000000195 ) ) ;
#6910 = CARTESIAN_POINT ( 'NONE',  ( -2.500447051772229923, -0.03000000000000000930, -1.875000000000000000 ) ) ;
#6911 = CARTESIAN_POINT ( 'NONE',  ( -0.7450000000000005507, 0.0000000000000000000, 2.100000000000000089 ) ) ;
#6912 = CARTESIAN_POINT ( 'NONE',  ( 1.436427388513239478, 0.8900000000000000133, -0.3316052058057045171 ) ) ;
#6913 = PLANE ( 'NONE',  #9174 ) ;
#6914 = ORIENTED_EDGE ( 'NONE', *, *, #11680, .F. ) ;
#6915 = DIRECTION ( 'NONE',  ( 0.0000000000000000000, 0.0000000000000000000, 1.000000000000000000 ) ) ;
#6916 = COLOUR_RGB ( '',0.2000000000000000111, 0.2000000000000000111, 0.2000000000000000111 ) ;
#6917 = ORIENTED_EDGE ( 'NONE', *, *, #3091, .T. ) ;
#6918 = CARTESIAN_POINT ( 'NONE',  ( -0.7450000000000009948, -0.03000000000000000930, -2.100000000000000089 ) ) ;
#6919 = EDGE_CURVE ( 'NONE', #473, #3575, #5104, .T. ) ;
#6920 = CARTESIAN_POINT ( 'NONE',  ( 1.125000000000000222, 0.06666666666666669350, 2.500000000000000000 ) ) ;
#6921 = LINE ( 'NONE', #4242, #4550 ) ;
#6922 = CARTESIAN_POINT ( 'NONE',  ( -0.7450000000000006617, -0.03000000000000000583, -2.100000000000000089 ) ) ;
#6923 = CARTESIAN_POINT ( 'NONE',  ( -0.2864159265358970918, -0.03000000000000000930, -2.100000000000000089 ) ) ;
#6924 = EDGE_LOOP ( 'NONE', ( #10796, #9389, #8650, #1540 ) ) ;
#6925 = SURFACE_STYLE_FILL_AREA ( #7983 ) ;
#6926 = CARTESIAN_POINT ( 'NONE',  ( 2.100000000000000089, 0.0000000000000000000, -0.7549999999999990052 ) ) ;
#6927 = EDGE_CURVE ( 'NONE', #7981, #8407, #7619, .T. ) ;
#6928 = VERTEX_POINT ( 'NONE', #1479 ) ;
#6929 = EDGE_CURVE ( 'NONE', #1287, #2192, #9531, .T. ) ;
#6930 = ORIENTED_EDGE ( 'NONE', *, *, #7885, .T. ) ;
#6931 = CARTESIAN_POINT ( 'NONE',  ( -2.112932771566823131, -0.0000000000000000000, -1.182361600948406366 ) ) ;
#6932 = DIRECTION ( 'NONE',  ( -0.0000000000000000000, -1.000000000000000000, -0.0000000000000000000 ) ) ;
#6933 = ORIENTED_EDGE ( 'NONE', *, *, #11399, .T. ) ;
#6934 = CARTESIAN_POINT ( 'NONE',  ( -2.313333333333333464, 0.0000000000000000000, -1.625000000000000222 ) ) ;
#6935 = CARTESIAN_POINT ( 'NONE',  ( 0.6149143978971286506, 0.8900000000000001243, 0.2555006461984730692 ) ) ;
#6936 = CARTESIAN_POINT ( 'NONE',  ( 2.500000000000000000, 0.9000000000000001332, -1.875000000000000000 ) ) ;
#6937 = LINE ( 'NONE', #2644, #2610 ) ;
#6938 = CARTESIAN_POINT ( 'NONE',  ( 2.220000000000000195, -0.03000000000000000583, 0.3750000000000000000 ) ) ;
#6939 = ORIENTED_EDGE ( 'NONE', *, *, #4449, .F. ) ;
#6940 = ADVANCED_FACE ( 'NONE', ( #4103 ), #7727, .T. ) ;
#6941 = CARTESIAN_POINT ( 'NONE',  ( 1.750000000000000222, 0.0000000000000000000, -1.750000000000000222 ) ) ;
#6942 = CARTESIAN_POINT ( 'NONE',  ( -1.125000000000000222, 0.0000000000000000000, -2.220000000000000195 ) ) ;
#6943 = CARTESIAN_POINT ( 'NONE',  ( -2.100000000000000089, 0.0000000000000000000, -0.2450000000000010225 ) ) ;
#6944 = CARTESIAN_POINT ( 'NONE',  ( -0.7449999999999999956, -0.03000000000000000236, 2.220000000000000195 ) ) ;
#6945 = CARTESIAN_POINT ( 'NONE',  ( 1.125000000000000222, 0.1000000000000000194, -2.500052547825884819 ) ) ;
#6946 = CARTESIAN_POINT ( 'NONE',  ( -2.112932771566822687, -0.0000000000000000000, 1.682361600948406588 ) ) ;
#6947 = ORIENTED_EDGE ( 'NONE', *, *, #11560, .F. ) ;
#6948 = LINE ( 'NONE', #5829, #3752 ) ;
#6949 =( NAMED_UNIT ( * ) PLANE_ANGLE_UNIT ( ) SI_UNIT ( $, .RADIAN. ) );
#6950 = VERTEX_POINT ( 'NONE', #5999 ) ;
#6951 = EDGE_CURVE ( 'NONE', #5079, #6731, #1865, .T. ) ;
#6952 =( GEOMETRIC_REPRESENTATION_CONTEXT ( 3 ) GLOBAL_UNCERTAINTY_ASSIGNED_CONTEXT ( ( #6281 ) ) GLOBAL_UNIT_ASSIGNED_CONTEXT ( ( #8930, #648, #10548 ) ) REPRESENTATION_CONTEXT ( 'NONE', 'WORKASPACE' ) );
#6953 = UNCERTAINTY_MEASURE_WITH_UNIT (LENGTH_MEASURE( 1.000000000000000082E-05 ), #7255, 'distance_accuracy_value', 'NONE');
#6954 = LINE ( 'NONE', #3376, #1428 ) ;
#6955 = ORIENTED_EDGE ( 'NONE', *, *, #2823, .F. ) ;
#6956 = DIRECTION ( 'NONE',  ( 0.0000000000000000000, 0.0000000000000000000, 1.000000000000000000 ) ) ;
#6957 = ORIENTED_EDGE ( 'NONE', *, *, #5624, .F. ) ;
#6958 = STYLED_ITEM ( 'NONE', ( #1419 ), #4630 ) ;
#6959 = B_SPLINE_CURVE_WITH_KNOTS ( 'NONE', 3,
 ( #988, #6464, #2824, #6588, #4662, #4719 ),
 .UNSPECIFIED., .F., .F.,
 ( 4, 2, 4 ),
 ( 0.0000000000000000000, 0.5000000000000000000, 1.000000000000000000 ),
 .UNSPECIFIED. ) ;
#6960 = CARTESIAN_POINT ( 'NONE',  ( -1.875000000000000000, 0.1000000000000000056, 2.500105095651770082 ) ) ;
#6961 = CARTESIAN_POINT ( 'NONE',  ( 1.375000000000000000, 0.0000000000000000000, 2.220000000000000195 ) ) ;
#6962 = CARTESIAN_POINT ( 'NONE',  ( -2.220000000000000195, -0.03000000000000000930, 1.625000000000000222 ) ) ;
#6963 = DIRECTION ( 'NONE',  ( 1.000000000000000000, -0.0000000000000000000, 0.0000000000000000000 ) ) ;
#6964 = CARTESIAN_POINT ( 'NONE',  ( -0.7450000000000006617, -0.03000000000000000583, -2.100000000000000089 ) ) ;
#6965 = DIRECTION ( 'NONE',  ( 0.0000000000000000000, 1.000000000000000000, 0.0000000000000000000 ) ) ;
#6966 = ORIENTED_EDGE ( 'NONE', *, *, #11105, .F. ) ;
#6967 = EDGE_CURVE ( 'NONE', #9078, #10679, #8637, .T. ) ;
#6968 = B_SPLINE_SURFACE_WITH_KNOTS ( 'NONE', 3, 1, ( 
 ( #10989, #2808 ),
 ( #7458, #3759 ),
 ( #4699, #6446 ),
 ( #4645, #261 ),
 ( #5494, #144 ),
 ( #3881, #6623 ),
 ( #10090, #2028 ),
 ( #3645, #2748 ),
 ( #8344, #4761 ),
 ( #10155, #7399 ) ),
 .UNSPECIFIED., .F., .F., .F.,
 ( 4, 1, 1, 1, 1, 1, 1, 4 ),
 ( 2, 2 ),
 ( 0.0000000000000000000, 0.2500000000000000000, 0.3750000000000000000, 0.5000000000000000000, 0.6250000000000000000, 0.7500000000000000000, 0.8750000000000000000, 1.000000000000000000 ),
 ( 0.0000000000000000000, 1.000000000000000000 ),
 .UNSPECIFIED. ) ;
#6969 = CARTESIAN_POINT ( 'NONE',  ( 0.6397158791221559948, 0.8999999999999999112, -0.1806358873683099886 ) ) ;
#6970 = ORIENTED_EDGE ( 'NONE', *, *, #9673, .T. ) ;
#6971 = CARTESIAN_POINT ( 'NONE',  ( 1.375000000000000000, 0.06666666666666669350, 2.500105095651770082 ) ) ;
#6972 = VERTEX_POINT ( 'NONE', #2467 ) ;
#6973 = DIRECTION ( 'NONE',  ( 1.000000000000000000, 0.0000000000000000000, -0.0000000000000000000 ) ) ;
#6974 = CARTESIAN_POINT ( 'NONE',  ( 2.500447051772229923, 0.1000000000000000056, -1.125000000000000222 ) ) ;
#6975 = CARTESIAN_POINT ( 'NONE',  ( -1.253377731761790015, 0.9000000000000001332, 0.03370724980274200644 ) ) ;
#6976 = DIRECTION ( 'NONE',  ( 1.000000000000000000, 0.0000000000000000000, -0.0000000000000000000 ) ) ;
#6977 = CARTESIAN_POINT ( 'NONE',  ( 2.220000000000000195, -0.03000000000000000930, 1.375000000000000000 ) ) ;
#6978 = FACE_OUTER_BOUND ( 'NONE', #8399, .T. ) ;
#6979 = ADVANCED_FACE ( 'NONE', ( #4381 ), #6228, .T. ) ;
#6980 = FILL_AREA_STYLE_COLOUR ( '', #6070 ) ;
#6981 = ORIENTED_EDGE ( 'NONE', *, *, #11017, .T. ) ;
#6982 = ORIENTED_EDGE ( 'NONE', *, *, #168, .T. ) ;
#6983 = ORIENTED_EDGE ( 'NONE', *, *, #11243, .F. ) ;
#6984 = CARTESIAN_POINT ( 'NONE',  ( 0.7449999999999999956, -0.03000000000000000236, -2.220000000000000195 ) ) ;
#6985 = CARTESIAN_POINT ( 'NONE',  ( -0.5608945834891579940, 0.9000000000000001332, -0.3316052058057050167 ) ) ;
#6986 = EDGE_LOOP ( 'NONE', ( #5378, #7546, #8844, #2750 ) ) ;
#6987 = DIRECTION ( 'NONE',  ( 0.0000000000000000000, 0.0000000000000000000, -1.000000000000000000 ) ) ;
#6988 = CARTESIAN_POINT ( 'NONE',  ( -2.500223525886114739, 0.1000000000000000333, 0.6250000000000000000 ) ) ;
#6989 = EDGE_CURVE ( 'NONE', #1304, #87, #878, .T. ) ;
#6990 = VECTOR ( 'NONE', #1109, 1000.000000000000000 ) ;
#6991 = CARTESIAN_POINT ( 'NONE',  ( -2.500447051772229923, 0.1000000000000000056, -0.3750000000000000000 ) ) ;
#6992 = CARTESIAN_POINT ( 'NONE',  ( 2.188584073464102442, 0.0000000000000000000, 0.6250000000000000000 ) ) ;
#6993 = ORIENTED_EDGE ( 'NONE', *, *, #9513, .T. ) ;
#6994 = CARTESIAN_POINT ( 'NONE',  ( 2.100000000000000089, 0.0000000000000000000, 1.254999999999999893 ) ) ;
#6995 = DIRECTION ( 'NONE',  ( 0.0000000000000000000, -0.0000000000000000000, -1.000000000000000000 ) ) ;
#6996 = ORIENTED_EDGE ( 'NONE', *, *, #4871, .F. ) ;
#6997 = CARTESIAN_POINT ( 'NONE',  ( 1.591083505372680618, 0.9000000000000001332, 0.2312067235917393826 ) ) ;
#6998 = VECTOR ( 'NONE', #4736, 1000.000000000000000 ) ;
#6999 = EDGE_CURVE ( 'NONE', #10936, #3149, #826, .T. ) ;
#7000 = CARTESIAN_POINT ( 'NONE',  ( -1.291990212338550048, 0.8900000000000000133, -0.009368253881658159671 ) ) ;
#7001 = B_SPLINE_CURVE_WITH_KNOTS ( 'NONE', 3,
 ( #4437, #10895, #2713, #2459, #5209, #8058 ),
 .UNSPECIFIED., .F., .F.,
 ( 4, 2, 4 ),
 ( 0.0000000000000000000, 0.5000000000000000000, 1.000000000000000000 ),
 .UNSPECIFIED. ) ;
#7002 = CARTESIAN_POINT ( 'NONE',  ( 2.157361600948406455, -0.03000000000000001277, 1.637932771566822820 ) ) ;
#7003 = VERTEX_POINT ( 'NONE', #9693 ) ;
#7004 = CARTESIAN_POINT ( 'NONE',  ( -1.055112477585320008, 0.8900000000000000133, -0.1633154918677859890 ) ) ;
#7005 = EDGE_LOOP ( 'NONE', ( #3810, #6107, #1190, #2853 ) ) ;
#7006 = EDGE_CURVE ( 'NONE', #8941, #9708, #821, .T. ) ;
#7007 = VECTOR ( 'NONE', #3949, 1000.000000000000000 ) ;
#7008 = CARTESIAN_POINT ( 'NONE',  ( -0.1250000000000000000, 0.1000000000000000056, 2.500105095651770082 ) ) ;
#7009 = ORIENTED_EDGE ( 'NONE', *, *, #123, .T. ) ;
#7010 = ORIENTED_EDGE ( 'NONE', *, *, #3661, .F. ) ;
#7011 = CARTESIAN_POINT ( 'NONE',  ( 0.4936025846935260253, 0.9000000000000001332, -0.1496145997844580411 ) ) ;
#7012 = CARTESIAN_POINT ( 'NONE',  ( 2.157361600948406011, -0.03000000000000000930, -1.637932771566822598 ) ) ;
#7013 = EDGE_CURVE ( 'NONE', #9532, #11331, #9753, .T. ) ;
#7014 = VECTOR ( 'NONE', #5254, 1000.000000000000000 ) ;
#7015 = CARTESIAN_POINT ( 'NONE',  ( -1.125000000000000222, 0.0000000000000000000, 2.313333333333333464 ) ) ;
#7016 = COLOUR_RGB ( '',1.000000000000000000, 1.000000000000000000, 1.000000000000000000 ) ;
#7017 = CARTESIAN_POINT ( 'NONE',  ( -2.100000000000000089, 0.0000000000000000000, 1.254999999999999893 ) ) ;
#7018 = CARTESIAN_POINT ( 'NONE',  ( 0.5050822880872269938, 0.9000000000000001332, -0.3222321078142260653 ) ) ;
#7019 = CARTESIAN_POINT ( 'NONE',  ( 1.375000000000000000, -0.03000000000000000583, -2.220000000000000195 ) ) ;
#7020 = EDGE_CURVE ( 'NONE', #8827, #3381, #4498, .T. ) ;
#7021 = VECTOR ( 'NONE', #2315, 1000.000000000000000 ) ;
#7022 = CARTESIAN_POINT ( 'NONE',  ( -1.041666666666666963, 0.0000000000000000000, 2.500000000000000000 ) ) ;
#7023 = AXIS2_PLACEMENT_3D ( 'NONE', #8301, #2042, #7414 ) ;
#7024 = ORIENTED_EDGE ( 'NONE', *, *, #8352, .F. ) ;
#7025 = MECHANICAL_DESIGN_GEOMETRIC_PRESENTATION_REPRESENTATION (  '', ( #392 ), #3417 ) ;
#7026 = CARTESIAN_POINT ( 'NONE',  ( -2.100000000000000089, 0.0000000000000000000, -1.755000000000000115 ) ) ;
#7027 = ORIENTED_EDGE ( 'NONE', *, *, #4091, .F. ) ;
#7028 = EDGE_LOOP ( 'NONE', ( #10902, #6993, #10383, #1993 ) ) ;
#7029 = SURFACE_SIDE_STYLE ('',( #3461 ) ) ;
#7030 = EDGE_CURVE ( 'NONE', #5438, #2978, #10770, .T. ) ;
#7031 = FILL_AREA_STYLE ('',( #9015 ) ) ;
#7032 = CARTESIAN_POINT ( 'NONE',  ( -1.196084899097560106, 0.9000000000000001332, 0.2608682412935129924 ) ) ;
#7033 = CARTESIAN_POINT ( 'NONE',  ( 2.112932771566822687, -0.0000000000000000000, 1.817638399051593634 ) ) ;
#7034 = CARTESIAN_POINT ( 'NONE',  ( -2.188584073464102442, -0.03000000000000000930, -0.8750000000000000000 ) ) ;
#7035 = MECHANICAL_DESIGN_GEOMETRIC_PRESENTATION_REPRESENTATION (  '', ( #3997 ), #10470 ) ;
#7036 = VECTOR ( 'NONE', #6099, 1000.000000000000000 ) ;
#7037 = LINE ( 'NONE', #5310, #5668 ) ;
#7038 = DIRECTION ( 'NONE',  ( -1.000000000000000000, 0.0000000000000000000, 0.0000000000000000000 ) ) ;
#7039 = ORIENTED_EDGE ( 'NONE', *, *, #4964, .F. ) ;
#7040 = VECTOR ( 'NONE', #8800, 1000.000000000000000 ) ;
#7041 = ORIENTED_EDGE ( 'NONE', *, *, #5055, .F. ) ;
#7042 = VECTOR ( 'NONE', #5844, 1000.000000000000000 ) ;
#7043 =( GEOMETRIC_REPRESENTATION_CONTEXT ( 3 ) GLOBAL_UNCERTAINTY_ASSIGNED_CONTEXT ( ( #9911 ) ) GLOBAL_UNIT_ASSIGNED_CONTEXT ( ( #11057, #10937, #7465 ) ) REPRESENTATION_CONTEXT ( 'NONE', 'WORKASPACE' ) );
#7044 = EDGE_CURVE ( 'NONE', #913, #7095, #1249, .T. ) ;
#7045 = DIRECTION ( 'NONE',  ( 0.0000000000000000000, 0.0000000000000000000, -1.000000000000000000 ) ) ;
#7046 = LINE ( 'NONE', #11467, #10222 ) ;
#7047 = EDGE_CURVE ( 'NONE', #1870, #7642, #5217, .T. ) ;
#7048 = ORIENTED_EDGE ( 'NONE', *, *, #2, .F. ) ;
#7049 = LINE ( 'NONE', #11523, #11401 ) ;
#7050 = DIRECTION ( 'NONE',  ( 0.0000000000000000000, 1.000000000000000000, 0.0000000000000000000 ) ) ;
#7051 = PLANE ( 'NONE',  #9517 ) ;
#7052 = CARTESIAN_POINT ( 'NONE',  ( 0.3998479606374399919, 0.8900000000000000133, 0.3083217570670889751 ) ) ;
#7053 = CARTESIAN_POINT ( 'NONE',  ( -2.157361600948405567, -0.0000000000000000000, 0.3620672284331773461 ) ) ;
#7054 = B_SPLINE_CURVE_WITH_KNOTS ( 'NONE', 3,
 ( #3328, #2484, #3215, #10442, #6013, #5233 ),
 .UNSPECIFIED., .F., .F.,
 ( 4, 2, 4 ),
 ( 0.0000000000000000000, 0.5000000000000000000, 1.000000000000000000 ),
 .UNSPECIFIED. ) ;
#7055 = ORIENTED_EDGE ( 'NONE', *, *, #8438, .T. ) ;
#7056 = CARTESIAN_POINT ( 'NONE',  ( 0.1250000000000000000, 0.0000000000000000000, -2.220000000000000195 ) ) ;
#7057 = CARTESIAN_POINT ( 'NONE',  ( -1.317638399051593634, -0.0000000000000000000, -2.112932771566823131 ) ) ;
#7058 = CARTESIAN_POINT ( 'NONE',  ( -0.8749999999999998890, 0.1000000000000000194, 2.500052547825884819 ) ) ;
#7059 = EDGE_CURVE ( 'NONE', #5744, #5832, #10900, .T. ) ;
#7060 = VERTEX_POINT ( 'NONE', #6108 ) ;
#7061 = DIRECTION ( 'NONE',  ( 0.0000000000000000000, 0.0000000000000000000, 1.000000000000000000 ) ) ;
#7062 = CYLINDRICAL_SURFACE ( 'NONE', #7296, 0.1199999999999999956 ) ;
#7063 = CARTESIAN_POINT ( 'NONE',  ( -1.539442046517550011, 0.8900000000000000133, -0.2901890142345550094 ) ) ;
#7064 = DIRECTION ( 'NONE',  ( 0.0000000000000000000, 0.0000000000000000000, 1.000000000000000000 ) ) ;
#7065 = LINE ( 'NONE', #5160, #7427 ) ;
#7066 = ORIENTED_EDGE ( 'NONE', *, *, #6234, .T. ) ;
#7067 = CARTESIAN_POINT ( 'NONE',  ( -2.220000000000000195, 0.1000000000000000056, 0.3750000000000000000 ) ) ;
#7068 = DIRECTION ( 'NONE',  ( -1.000000000000000000, 0.0000000000000000000, -0.0000000000000000000 ) ) ;
#7069 = ORIENTED_EDGE ( 'NONE', *, *, #2427, .T. ) ;
#7070 = FACE_OUTER_BOUND ( 'NONE', #11301, .T. ) ;
#7071 = ADVANCED_FACE ( 'NONE', ( #10710 ), #2529, .F. ) ;
#7072 = VERTEX_POINT ( 'NONE', #9815 ) ;
#7073 = EDGE_CURVE ( 'NONE', #6091, #4996, #1642, .T. ) ;
#7074 = CARTESIAN_POINT ( 'NONE',  ( -2.220000000000000195, 0.1000000000000000056, 0.2449999999999999956 ) ) ;
#7075 = ORIENTED_EDGE ( 'NONE', *, *, #1789, .F. ) ;
#7076 = LINE ( 'NONE', #8754, #11526 ) ;
#7077 = EDGE_CURVE ( 'NONE', #248, #1086, #11543, .T. ) ;
#7078 = VERTEX_POINT ( 'NONE', #109 ) ;
#7079 = CARTESIAN_POINT ( 'NONE',  ( 1.120825563073010178, 0.8900000000000000133, 0.2727081394639729872 ) ) ;
#7080 = CARTESIAN_POINT ( 'NONE',  ( -1.875000000000000000, -0.03000000000000000930, 2.500105095651770082 ) ) ;
#7081 = B_SPLINE_CURVE_WITH_KNOTS ( 'NONE', 3,
 ( #6050, #9691, #1371, #4214 ),
 .UNSPECIFIED., .F., .F.,
 ( 4, 4 ),
 ( 0.0000000000000000000, 1.000000000000000000 ),
 .UNSPECIFIED. ) ;
#7082 = ORIENTED_EDGE ( 'NONE', *, *, #7592, .F. ) ;
#7083 = B_SPLINE_CURVE_WITH_KNOTS ( 'NONE', 3,
 ( #9927, #1816, #8050, #5262, #1629, #752 ),
 .UNSPECIFIED., .F., .F.,
 ( 4, 2, 4 ),
 ( 0.0000000000000000000, 0.5000000000000000000, 1.000000000000000000 ),
 .UNSPECIFIED. ) ;
#7084 = FACE_OUTER_BOUND ( 'NONE', #4566, .T. ) ;
#7085 = CARTESIAN_POINT ( 'NONE',  ( 1.317638399051593412, -0.0000000000000000000, -2.112932771566822687 ) ) ;
#7086 = CARTESIAN_POINT ( 'NONE',  ( 2.220000000000000195, 0.1000000000000000056, 0.1250000000000000000 ) ) ;
#7087 = LINE ( 'NONE', #9060, #4505 ) ;
#7088 = CARTESIAN_POINT ( 'NONE',  ( -2.500447051772229923, 0.1000000000000000056, 1.625000000000000222 ) ) ;
#7089 = ORIENTED_EDGE ( 'NONE', *, *, #6392, .T. ) ;
#7090 = B_SPLINE_CURVE_WITH_KNOTS ( 'NONE', 3,
 ( #2288, #285, #8672, #3904 ),
 .UNSPECIFIED., .F., .F.,
 ( 4, 4 ),
 ( 0.0000000000000000000, 1.000000000000000000 ),
 .UNSPECIFIED. ) ;
#7091 = DIRECTION ( 'NONE',  ( 0.0000000000000000000, -0.0000000000000000000, -1.000000000000000000 ) ) ;
#7092 = DIRECTION ( 'NONE',  ( 0.0000000000000000000, 0.0000000000000000000, -1.000000000000000000 ) ) ;
#7093 = EDGE_CURVE ( 'NONE', #4806, #3806, #10202, .T. ) ;
#7094 = VERTEX_POINT ( 'NONE', #10054 ) ;
#7095 = VERTEX_POINT ( 'NONE', #6537 ) ;
#7096 = PRESENTATION_STYLE_ASSIGNMENT (( #10681 ) ) ;
#7097 = CARTESIAN_POINT ( 'NONE',  ( -1.636670602965730081, 0.8900000000000000133, 0.1161732482417699996 ) ) ;
#7098 = CARTESIAN_POINT ( 'NONE',  ( 2.100000000000000089, -0.03000000000000000930, -0.2864159265358970918 ) ) ;
#7099 = LINE ( 'NONE', #11688, #2694 ) ;
#7100 =( LENGTH_UNIT ( ) NAMED_UNIT ( * ) SI_UNIT ( .MILLI., .METRE. ) );
#7101 = VERTEX_POINT ( 'NONE', #234 ) ;
#7102 = CARTESIAN_POINT ( 'NONE',  ( 1.682361600948406810, -0.0000000000000000000, -2.112932771566823131 ) ) ;
#7103 = VECTOR ( 'NONE', #4438, 1000.000000000000000 ) ;
#7104 = PRESENTATION_STYLE_ASSIGNMENT (( #6083 ) ) ;
#7105 = EDGE_CURVE ( 'NONE', #4221, #8227, #9160, .T. ) ;
#7106 = VERTEX_POINT ( 'NONE', #4617 ) ;
#7107 = ORIENTED_EDGE ( 'NONE', *, *, #11312, .T. ) ;
#7108 = ORIENTED_EDGE ( 'NONE', *, *, #6989, .T. ) ;
#7109 = B_SPLINE_CURVE_WITH_KNOTS ( 'NONE', 3,
 ( #3411, #6271, #11760, #7166 ),
 .UNSPECIFIED., .F., .F.,
 ( 4, 4 ),
 ( 0.0000000000000000000, 1.000000000000000000 ),
 .UNSPECIFIED. ) ;
#7110 = CARTESIAN_POINT ( 'NONE',  ( 0.5050822880872269938, 0.8900000000000000133, -0.3222321078142260653 ) ) ;
#7111 = CARTESIAN_POINT ( 'NONE',  ( 2.500447051772229923, 0.1000000000000000056, 1.625000000000000222 ) ) ;
#7112 = CARTESIAN_POINT ( 'NONE',  ( -0.7916666666666666297, 0.1000000000000000056, -2.500105095651770082 ) ) ;
#7113 = PRESENTATION_STYLE_ASSIGNMENT (( #2641 ) ) ;
#7114 = B_SPLINE_CURVE_WITH_KNOTS ( 'NONE', 3,
 ( #4954, #6975, #11457, #10622, #2436, #7032, #9604, #3167 ),
 .UNSPECIFIED., .F., .F.,
 ( 4, 1, 1, 1, 1, 4 ),
 ( 0.0000000000000000000, 6.810387197147372640E-05, 0.0001362077439429474528, 0.0002724154878858949056, 0.0004086232318288423584, 0.0005448309757717898112 ),
 .UNSPECIFIED. ) ;
#7115 = CARTESIAN_POINT ( 'NONE',  ( -2.500223525886114739, 0.1000000000000000333, 0.3749999999999995559 ) ) ;
#7116 = CARTESIAN_POINT ( 'NONE',  ( 2.100000000000000089, 0.1000000000000000056, 1.245000000000000329 ) ) ;
#7117 = CARTESIAN_POINT ( 'NONE',  ( 0.6250000000000000000, 0.0000000000000000000, -2.188584073464102442 ) ) ;
#7118 = EDGE_CURVE ( 'NONE', #3552, #5750, #1942, .T. ) ;
#7119 = EDGE_CURVE ( 'NONE', #8810, #5852, #3906, .T. ) ;
#7120 = VERTEX_POINT ( 'NONE', #11132 ) ;
#7121 = CARTESIAN_POINT ( 'NONE',  ( 1.745000000000000329, 0.1000000000000000056, -2.220000000000000195 ) ) ;
#7122 = CARTESIAN_POINT ( 'NONE',  ( -1.875000000000000000, 0.0000000000000000000, -2.500000000000000000 ) ) ;
#7123 = CYLINDRICAL_SURFACE ( 'NONE', #3539, 0.1200000000000000927 ) ;
#7124 = EDGE_LOOP ( 'NONE', ( #10738, #4053, #2596, #4870 ) ) ;
#7125 = LINE ( 'NONE', #5516, #7103 ) ;
#7126 = COLOUR_RGB ( '',1.000000000000000000, 1.000000000000000000, 1.000000000000000000 ) ;
#7127 = CARTESIAN_POINT ( 'NONE',  ( -1.815208675776879943, 0.8900000000000000133, 0.2566633326901030521 ) ) ;
#7128 = CARTESIAN_POINT ( 'NONE',  ( 2.112932771566823131, -0.0000000000000000000, -1.317638399051593634 ) ) ;
#7129 = DIRECTION ( 'NONE',  ( -0.0000000000000000000, 1.000000000000000000, -0.0000000000000000000 ) ) ;
#7130 = ORIENTED_EDGE ( 'NONE', *, *, #3212, .F. ) ;
#7131 = CARTESIAN_POINT ( 'NONE',  ( -1.062419830002419907, 0.8900000000000000133, -0.2394337462125190052 ) ) ;
#7132 = VERTEX_POINT ( 'NONE', #2890 ) ;
#7133 = DIRECTION ( 'NONE',  ( 0.0000000000000000000, 0.0000000000000000000, -1.000000000000000000 ) ) ;
#7134 = ORIENTED_EDGE ( 'NONE', *, *, #869, .T. ) ;
#7135 = ORIENTED_EDGE ( 'NONE', *, *, #2891, .F. ) ;
#7136 = CARTESIAN_POINT ( 'NONE',  ( -1.245000000000000329, 0.1000000000000000056, -2.100000000000000089 ) ) ;
#7137 = EDGE_LOOP ( 'NONE', ( #917, #8697, #5821, #4218, #2359 ) ) ;
#7138 = PLANE ( 'NONE',  #9190 ) ;
#7139 = CARTESIAN_POINT ( 'NONE',  ( -0.7549999999999993383, 0.0000000000000000000, 2.100000000000000089 ) ) ;
#7140 = CARTESIAN_POINT ( 'NONE',  ( 1.362067228433177624, -0.0000000000000000000, -2.157361600948406455 ) ) ;
#7141 = CARTESIAN_POINT ( 'NONE',  ( 1.875000000000000000, 0.1000000000000000056, 2.500105095651770082 ) ) ;
#7142 = CARTESIAN_POINT ( 'NONE',  ( -2.406666666666666732, 0.0000000000000000000, -0.6250000000000000000 ) ) ;
#7143 = EDGE_CURVE ( 'NONE', #5194, #7456, #6647, .T. ) ;
#7144 = AXIS2_PLACEMENT_3D ( 'NONE', #6314, #7328, #6492 ) ;
#7145 = EDGE_LOOP ( 'NONE', ( #2591, #11594, #10339, #712 ) ) ;
#7146 = ADVANCED_FACE ( 'NONE', ( #6350 ), #5579, .F. ) ;
#7147 = CARTESIAN_POINT ( 'NONE',  ( 1.875000000000000000, 0.0000000000000000000, 2.500000000000000000 ) ) ;
#7148 = DIRECTION ( 'NONE',  ( 1.000000000000000000, 0.0000000000000000000, -0.0000000000000000000 ) ) ;
#7149 = ORIENTED_EDGE ( 'NONE', *, *, #10232, .F. ) ;
#7150 = VECTOR ( 'NONE', #2583, 1000.000000000000000 ) ;
#7151 = DIRECTION ( 'NONE',  ( -0.0000000000000000000, -1.000000000000000000, -0.0000000000000000000 ) ) ;
#7152 = ORIENTED_EDGE ( 'NONE', *, *, #5989, .T. ) ;
#7153 = ORIENTED_EDGE ( 'NONE', *, *, #7746, .T. ) ;
#7154 = LINE ( 'NONE', #6974, #7580 ) ;
#7155 = CARTESIAN_POINT ( 'NONE',  ( -1.874999999999999778, 0.0000000000000000000, 2.188584073464102442 ) ) ;
#7156 =( NAMED_UNIT ( * ) SI_UNIT ( $, .STERADIAN. ) SOLID_ANGLE_UNIT ( ) );
#7157 = CARTESIAN_POINT ( 'NONE',  ( -1.245000000000000329, 0.1000000000000000056, -2.100000000000000089 ) ) ;
#7158 = LINE ( 'NONE', #2743, #1940 ) ;
#7159 = AXIS2_PLACEMENT_3D ( 'NONE', #5414, #4508, #1513 ) ;
#7160 = EDGE_CURVE ( 'NONE', #5225, #921, #3220, .T. ) ;
#7161 = CARTESIAN_POINT ( 'NONE',  ( 0.2549999999999997269, -0.03000000000000000583, 2.100000000000000089 ) ) ;
#7162 = ORIENTED_EDGE ( 'NONE', *, *, #796, .F. ) ;
#7163 = ORIENTED_EDGE ( 'NONE', *, *, #1168, .F. ) ;
#7164 = ORIENTED_EDGE ( 'NONE', *, *, #5637, .T. ) ;
#7165 = CARTESIAN_POINT ( 'NONE',  ( 2.500000000000000000, 0.0000000000000000000, 0.9583333333333333703 ) ) ;
#7166 = CARTESIAN_POINT ( 'NONE',  ( 1.750000000000000222, 0.0000000000000000000, -1.750000000000000222 ) ) ;
#7167 = CARTESIAN_POINT ( 'NONE',  ( -0.8749999999999998890, 0.1000000000000000194, -2.500052547825884819 ) ) ;
#7168 = ORIENTED_EDGE ( 'NONE', *, *, #3345, .F. ) ;
#7169 = CARTESIAN_POINT ( 'NONE',  ( 1.375000000000000000, 0.1000000000000000056, -2.220000000000000195 ) ) ;
#7170 = CARTESIAN_POINT ( 'NONE',  ( 2.112932771566821799, -0.0000000000000000000, -0.6823616009484065881 ) ) ;
#7171 = EDGE_CURVE ( 'NONE', #523, #11055, #8373, .T. ) ;
#7172 = CARTESIAN_POINT ( 'NONE',  ( -0.1250000000000000000, 0.0000000000000000000, -2.220000000000000195 ) ) ;
#7173 = CARTESIAN_POINT ( 'NONE',  ( 2.313333333333333464, 0.0000000000000000000, 0.8750000000000000000 ) ) ;
#7174 = B_SPLINE_CURVE_WITH_KNOTS ( 'NONE', 3,
 ( #574, #685, #8785, #4253, #10521, #10635 ),
 .UNSPECIFIED., .F., .F.,
 ( 4, 1, 1, 4 ),
 ( 0.0000000000000000000, 0.0001427190706703244645, 0.0002854381413406489290, 0.0005708762826812978581 ),
 .UNSPECIFIED. ) ;
#7175 = CARTESIAN_POINT ( 'NONE',  ( -1.745000000000000329, -0.03000000000000000583, -2.100000000000000089 ) ) ;
#7176 = ORIENTED_EDGE ( 'NONE', *, *, #6919, .F. ) ;
#7177 = LINE ( 'NONE', #1088, #4283 ) ;
#7178 = FILL_AREA_STYLE ('',( #7882 ) ) ;
#7179 = CARTESIAN_POINT ( 'NONE',  ( -1.817638399051593634, -0.03000000000000000930, -2.112932771566822687 ) ) ;
#7180 = ORIENTED_EDGE ( 'NONE', *, *, #8896, .T. ) ;
#7181 = CARTESIAN_POINT ( 'NONE',  ( -0.1250000000000000000, -0.03000000000000000583, -2.220000000000000195 ) ) ;
#7182 = AXIS2_PLACEMENT_3D ( 'NONE', #6052, #4925, #8691 ) ;
#7183 = CARTESIAN_POINT ( 'NONE',  ( 2.500000000000000000, 0.0000000000000000000, 2.500000000000000000 ) ) ;
#7184 = CARTESIAN_POINT ( 'NONE',  ( -1.209768594444730061, 0.9000000000000001332, -0.02953582053485869982 ) ) ;
#7185 = EDGE_CURVE ( 'NONE', #4037, #3103, #2054, .T. ) ;
#7186 = CARTESIAN_POINT ( 'NONE',  ( 2.220000000000000195, -0.03000000000000000583, -0.8750000000000000000 ) ) ;
#7187 = VERTEX_POINT ( 'NONE', #9993 ) ;
#7188 = DIRECTION ( 'NONE',  ( 0.0000000000000000000, 0.0000000000000000000, 1.000000000000000000 ) ) ;
#7189 = EDGE_LOOP ( 'NONE', ( #10325, #3157, #11359, #6221, #5480 ) ) ;
#7190 = CARTESIAN_POINT ( 'NONE',  ( -0.6250000000000000000, 0.1000000000000000056, -2.500105095651770082 ) ) ;
#7191 = MECHANICAL_DESIGN_GEOMETRIC_PRESENTATION_REPRESENTATION (  '', ( #11393 ), #8716 ) ;
#7192 = VERTEX_POINT ( 'NONE', #10957 ) ;
#7193 = SURFACE_STYLE_USAGE ( .BOTH. , #9999 ) ;
#7194 = VERTEX_POINT ( 'NONE', #1825 ) ;
#7195 = VECTOR ( 'NONE', #2557, 1000.000000000000000 ) ;
#7196 = CARTESIAN_POINT ( 'NONE',  ( 0.2450000000000010225, 0.0000000000000000000, -2.100000000000000089 ) ) ;
#7197 = ORIENTED_EDGE ( 'NONE', *, *, #6269, .F. ) ;
#7198 = CARTESIAN_POINT ( 'NONE',  ( 2.500447051772229923, 0.1000000000000000056, -0.2916666666666666852 ) ) ;
#7199 = LINE ( 'NONE', #10852, #9755 ) ;
#7200 = EDGE_CURVE ( 'NONE', #2206, #3053, #8192, .T. ) ;
#7201 = ADVANCED_FACE ( 'NONE', ( #10182 ), #1056, .T. ) ;
#7202 = SURFACE_STYLE_FILL_AREA ( #121 ) ;
#7203 = PLANE ( 'NONE',  #1718 ) ;
#7204 = CARTESIAN_POINT ( 'NONE',  ( -2.220000000000000195, 0.0000000000000000000, -0.6250000000000000000 ) ) ;
#7205 = EDGE_LOOP ( 'NONE', ( #7152, #9154, #7176, #842 ) ) ;
#7206 = VECTOR ( 'NONE', #3901, 1000.000000000000000 ) ;
#7207 = CARTESIAN_POINT ( 'NONE',  ( -2.220000000000000195, 0.0000000000000000000, 1.125000000000000222 ) ) ;
#7208 = VERTEX_POINT ( 'NONE', #2114 ) ;
#7209 = ADVANCED_FACE ( 'NONE', ( #460 ), #577, .F. ) ;
#7210 = ORIENTED_EDGE ( 'NONE', *, *, #4124, .T. ) ;
#7211 = B_SPLINE_CURVE_WITH_KNOTS ( 'NONE', 3,
 ( #9288, #10193, #10310, #246 ),
 .UNSPECIFIED., .F., .F.,
 ( 4, 4 ),
 ( 0.0000000000000000000, 1.000000000000000000 ),
 .UNSPECIFIED. ) ;
#7212 = VECTOR ( 'NONE', #11217, 1000.000000000000000 ) ;
#7213 = ORIENTED_EDGE ( 'NONE', *, *, #6328, .F. ) ;
#7214 = FACE_OUTER_BOUND ( 'NONE', #4651, .T. ) ;
#7215 = CARTESIAN_POINT ( 'NONE',  ( -2.500223525886114739, 0.1000000000000000194, -1.874999999999999778 ) ) ;
#7216 = FACE_OUTER_BOUND ( 'NONE', #10990, .T. ) ;
#7217 = DIRECTION ( 'NONE',  ( -0.0000000000000000000, -1.000000000000000000, 0.0000000000000000000 ) ) ;
#7218 = CARTESIAN_POINT ( 'NONE',  ( 0.1250000000000000000, -0.03000000000000000930, -2.500105095651770082 ) ) ;
#7219 = PRESENTATION_STYLE_ASSIGNMENT (( #1676 ) ) ;
#7220 = CARTESIAN_POINT ( 'NONE',  ( 2.100000000000000089, 0.0000000000000000000, 0.2549999999999990052 ) ) ;
#7221 = FACE_OUTER_BOUND ( 'NONE', #6356, .T. ) ;
#7222 = ORIENTED_EDGE ( 'NONE', *, *, #228, .F. ) ;
#7223 = EDGE_CURVE ( 'NONE', #8187, #6793, #10760, .T. ) ;
#7224 = EDGE_LOOP ( 'NONE', ( #10605, #1979, #4175, #4646 ) ) ;
#7225 = EDGE_CURVE ( 'NONE', #10048, #4597, #6824, .T. ) ;
#7226 = VECTOR ( 'NONE', #5959, 1000.000000000000000 ) ;
#7227 = ORIENTED_EDGE ( 'NONE', *, *, #1794, .F. ) ;
#7228 = LINE ( 'NONE', #8171, #8182 ) ;
#7229 = CARTESIAN_POINT ( 'NONE',  ( 1.375000000000000000, 0.0000000000000000000, 2.500000000000000000 ) ) ;
#7230 = LINE ( 'NONE', #9975, #5453 ) ;
#7231 = ADVANCED_FACE ( 'NONE', ( #8728 ), #10411, .T. ) ;
#7232 = VECTOR ( 'NONE', #6381, 1000.000000000000000 ) ;
#7233 = VERTEX_POINT ( 'NONE', #1464 ) ;
#7234 = DIRECTION ( 'NONE',  ( 0.0000000000000000000, 0.0000000000000000000, -1.000000000000000000 ) ) ;
#7235 = CARTESIAN_POINT ( 'NONE',  ( 0.8749999999999998890, 0.1000000000000000194, -2.500052547825884819 ) ) ;
#7236 = VECTOR ( 'NONE', #5033, 1000.000000000000000 ) ;
#7237 = DIRECTION ( 'NONE',  ( 0.0000000000000000000, 1.000000000000000000, 0.0000000000000000000 ) ) ;
#7238 = LINE ( 'NONE', #10887, #3190 ) ;
#7239 = AXIS2_PLACEMENT_3D ( 'NONE', #7310, #10956, #2775 ) ;
#7240 = CARTESIAN_POINT ( 'NONE',  ( -2.220000000000000195, 0.0000000000000000000, 0.3750000000000000000 ) ) ;
#7241 = AXIS2_PLACEMENT_3D ( 'NONE', #1326, #9302, #7689 ) ;
#7242 = PRESENTATION_LAYER_ASSIGNMENT (  '', '', ( #11228 ) ) ;
#7243 = B_SPLINE_CURVE_WITH_KNOTS ( 'NONE', 3,
 ( #8457, #1078, #197, #7451 ),
 .UNSPECIFIED., .F., .F.,
 ( 4, 4 ),
 ( 0.0000000000000000000, 1.000000000000000000 ),
 .UNSPECIFIED. ) ;
#7244 = PLANE ( 'NONE',  #1711 ) ;
#7245 = CARTESIAN_POINT ( 'NONE',  ( -0.8750000000000000000, 0.06666666666666666574, 2.500105095651770082 ) ) ;
#7246 = VERTEX_POINT ( 'NONE', #10347 ) ;
#7247 = ADVANCED_FACE ( 'NONE', ( #8495 ), #5936, .F. ) ;
#7248 = VECTOR ( 'NONE', #7861, 1000.000000000000000 ) ;
#7249 = FILL_AREA_STYLE ('',( #3609 ) ) ;
#7250 = SURFACE_STYLE_USAGE ( .BOTH. , #8984 ) ;
#7251 = DIRECTION ( 'NONE',  ( 0.0000000000000000000, -1.000000000000000000, 0.0000000000000000000 ) ) ;
#7252 = FACE_OUTER_BOUND ( 'NONE', #8215, .T. ) ;
#7253 = LINE ( 'NONE', #3368, #3420 ) ;
#7254 = DIRECTION ( 'NONE',  ( 1.000000000000000000, 0.0000000000000000000, -0.0000000000000000000 ) ) ;
#7255 =( LENGTH_UNIT ( ) NAMED_UNIT ( * ) SI_UNIT ( .MILLI., .METRE. ) );
#7256 = ORIENTED_EDGE ( 'NONE', *, *, #3632, .F. ) ;
#7257 = CARTESIAN_POINT ( 'NONE',  ( 2.220000000000000195, -0.03000000000000000930, 0.1250000000000000000 ) ) ;
#7258 = ORIENTED_EDGE ( 'NONE', *, *, #10242, .F. ) ;
#7259 = FILL_AREA_STYLE_COLOUR ( '', #9225 ) ;
#7260 = VERTEX_POINT ( 'NONE', #6710 ) ;
#7261 = CARTESIAN_POINT ( 'NONE',  ( -0.8750000000000000000, 0.1000000000000000056, -2.500105095651770082 ) ) ;
#7262 = ORIENTED_EDGE ( 'NONE', *, *, #10612, .F. ) ;
#7263 = B_SPLINE_CURVE_WITH_KNOTS ( 'NONE', 3,
 ( #5685, #11794, #5804, #9448 ),
 .UNSPECIFIED., .F., .F.,
 ( 4, 4 ),
 ( 0.0000000000000000000, 1.000000000000000000 ),
 .UNSPECIFIED. ) ;
#7264 = DIRECTION ( 'NONE',  ( -0.0000000000000000000, -1.000000000000000000, -0.0000000000000000000 ) ) ;
#7265 = CARTESIAN_POINT ( 'NONE',  ( 0.1250000000000000555, 0.0000000000000000000, -2.500000000000000000 ) ) ;
#7266 = DIRECTION ( 'NONE',  ( 1.000000000000000000, -0.0000000000000000000, 0.0000000000000000000 ) ) ;
#7267 = CARTESIAN_POINT ( 'NONE',  ( 1.375000000000000444, 0.0000000000000000000, -2.188584073464102442 ) ) ;
#7268 = CARTESIAN_POINT ( 'NONE',  ( 1.750000000000000000, -0.03000000000000000236, -1.750000000000000000 ) ) ;
#7269 = LINE ( 'NONE', #8880, #906 ) ;
#7270 = CARTESIAN_POINT ( 'NONE',  ( -2.220000000000000195, 0.1000000000000000056, -1.375000000000000000 ) ) ;
#7271 = ORIENTED_EDGE ( 'NONE', *, *, #3500, .T. ) ;
#7272 = EDGE_CURVE ( 'NONE', #764, #6188, #1358, .T. ) ;
#7273 = EDGE_CURVE ( 'NONE', #4237, #10020, #7487, .T. ) ;
#7274 = VERTEX_POINT ( 'NONE', #1234 ) ;
#7275 = CARTESIAN_POINT ( 'NONE',  ( 0.6789106508382920513, 0.8900000000000000133, -0.2161456805470310383 ) ) ;
#7276 = ORIENTED_EDGE ( 'NONE', *, *, #3118, .T. ) ;
#7277 = VERTEX_POINT ( 'NONE', #11416 ) ;
#7278 = LINE ( 'NONE', #7097, #10302 ) ;
#7279 = PLANE ( 'NONE',  #10463 ) ;
#7280 = PLANE ( 'NONE',  #774 ) ;
#7281 = DIRECTION ( 'NONE',  ( 0.0000000000000000000, -1.000000000000000000, -0.0000000000000000000 ) ) ;
#7282 = UNCERTAINTY_MEASURE_WITH_UNIT (LENGTH_MEASURE( 1.000000000000000082E-05 ), #3131, 'distance_accuracy_value', 'NONE');
#7283 = SURFACE_STYLE_FILL_AREA ( #5375 ) ;
#7284 = CARTESIAN_POINT ( 'NONE',  ( -2.112932771566823131, -0.03000000000000001277, -1.817638399051593634 ) ) ;
#7285 = ORIENTED_EDGE ( 'NONE', *, *, #1919, .T. ) ;
#7286 = DIRECTION ( 'NONE',  ( 0.0000000000000000000, 1.000000000000000000, 0.0000000000000000000 ) ) ;
#7287 = CARTESIAN_POINT ( 'NONE',  ( 1.125000000000000222, 0.1000000000000000194, -2.500052547825884819 ) ) ;
#7288 = ADVANCED_FACE ( 'NONE', ( #5812 ), #9514, .T. ) ;
#7289 = ORIENTED_EDGE ( 'NONE', *, *, #1587, .F. ) ;
#7290 = ORIENTED_EDGE ( 'NONE', *, *, #7030, .F. ) ;
#7291 = FACE_OUTER_BOUND ( 'NONE', #5764, .T. ) ;
#7292 = CARTESIAN_POINT ( 'NONE',  ( -1.745000000000000329, -0.03000000000000000236, 2.100000000000000089 ) ) ;
#7293 = DIRECTION ( 'NONE',  ( -1.000000000000000000, -0.0000000000000000000, 0.0000000000000000000 ) ) ;
#7294 = ORIENTED_EDGE ( 'NONE', *, *, #8351, .F. ) ;
#7295 = DIRECTION ( 'NONE',  ( 0.0000000000000000000, -1.000000000000000000, 0.0000000000000000000 ) ) ;
#7296 = AXIS2_PLACEMENT_3D ( 'NONE', #9574, #1421, #11482 ) ;
#7297 = CARTESIAN_POINT ( 'NONE',  ( 0.1823616009484066991, -0.03000000000000000930, -2.112932771566821799 ) ) ;
#7298 = SURFACE_STYLE_USAGE ( .BOTH. , #3658 ) ;
#7299 = ADVANCED_FACE ( 'NONE', ( #2345 ), #3481, .F. ) ;
#7300 = CARTESIAN_POINT ( 'NONE',  ( -1.682361600948406810, -0.03000000000000001277, -2.112932771566823131 ) ) ;
#7301 = EDGE_CURVE ( 'NONE', #3929, #2261, #2515, .T. ) ;
#7302 = ORIENTED_EDGE ( 'NONE', *, *, #5455, .F. ) ;
#7303 = CARTESIAN_POINT ( 'NONE',  ( -0.8750000000000000000, -0.03000000000000000930, 2.500105095651770082 ) ) ;
#7304 = CARTESIAN_POINT ( 'NONE',  ( -2.100000000000000089, 0.0000000000000000000, -0.2549999999999990052 ) ) ;
#7305 = VERTEX_POINT ( 'NONE', #8909 ) ;
#7306 = ORIENTED_EDGE ( 'NONE', *, *, #1353, .T. ) ;
#7307 = CARTESIAN_POINT ( 'NONE',  ( -1.213584073464102353, -0.03000000000000000930, 2.100000000000000089 ) ) ;
#7308 = FACE_OUTER_BOUND ( 'NONE', #8453, .T. ) ;
#7309 = CARTESIAN_POINT ( 'NONE',  ( -0.03174059687929790124, 0.8900000000000000133, 0.3083217570670889751 ) ) ;
#7310 = CARTESIAN_POINT ( 'NONE',  ( 2.000000000000000000, 0.8900000000000000133, 2.000000000000000000 ) ) ;
#7311 = DIRECTION ( 'NONE',  ( 1.000000000000000000, -0.0000000000000000000, 0.0000000000000000000 ) ) ;
#7312 = STYLED_ITEM ( 'NONE', ( #9064 ), #3203 ) ;
#7313 = B_SPLINE_CURVE_WITH_KNOTS ( 'NONE', 3,
 ( #11474, #6094, #4428, #1692, #5329, #11703 ),
 .UNSPECIFIED., .F., .F.,
 ( 4, 2, 4 ),
 ( 0.0000000000000000000, 0.5000000000000000000, 1.000000000000000000 ),
 .UNSPECIFIED. ) ;
#7314 = CARTESIAN_POINT ( 'NONE',  ( 1.745313572323379914, 0.8900000000000000133, -0.3316052058057050167 ) ) ;
#7315 = EDGE_CURVE ( 'NONE', #8929, #1821, #9803, .T. ) ;
#7316 = FACE_OUTER_BOUND ( 'NONE', #7721, .T. ) ;
#7317 = ORIENTED_EDGE ( 'NONE', *, *, #641, .F. ) ;
#7318 = CARTESIAN_POINT ( 'NONE',  ( -1.539442046517550011, 0.8999999999999993561, -0.2901890142345550094 ) ) ;
#7319 = CARTESIAN_POINT ( 'NONE',  ( 0.6132989648979390029, 0.8899999999999999023, -0.2630111705044270165 ) ) ;
#7320 = ORIENTED_EDGE ( 'NONE', *, *, #2171, .F. ) ;
#7321 = CARTESIAN_POINT ( 'NONE',  ( -1.625000000000000222, 0.0000000000000000000, -2.500000000000000000 ) ) ;
#7322 = CARTESIAN_POINT ( 'NONE',  ( -2.220000000000000195, -0.03000000000000000583, -1.125000000000000222 ) ) ;
#7323 = CARTESIAN_POINT ( 'NONE',  ( -0.7450000000000004396, -0.03000000000000000583, 2.100000000000000089 ) ) ;
#7324 = CARTESIAN_POINT ( 'NONE',  ( 0.0000000000000000000, -0.03000000000000000236, 0.0000000000000000000 ) ) ;
#7325 = CARTESIAN_POINT ( 'NONE',  ( -1.650730249952940154, 0.8950000000000001288, -0.2566204218738730169 ) ) ;
#7326 = CARTESIAN_POINT ( 'NONE',  ( -1.125000000000000222, 0.0000000000000000000, -2.313333333333333464 ) ) ;
#7327 = ORIENTED_EDGE ( 'NONE', *, *, #8605, .F. ) ;
#7328 = DIRECTION ( 'NONE',  ( 0.0000000000000000000, -1.000000000000000000, 0.0000000000000000000 ) ) ;
#7329 = ORIENTED_EDGE ( 'NONE', *, *, #509, .F. ) ;
#7330 = EDGE_LOOP ( 'NONE', ( #4564, #2626, #7540, #364 ) ) ;
#7331 = VECTOR ( 'NONE', #11622, 1000.000000000000000 ) ;
#7332 = DIRECTION ( 'NONE',  ( 0.0000000000000000000, -1.000000000000000000, 0.0000000000000000000 ) ) ;
#7333 = FACE_OUTER_BOUND ( 'NONE', #11449, .T. ) ;
#7334 = SURFACE_SIDE_STYLE ('',( #1796 ) ) ;
#7335 =( NAMED_UNIT ( * ) PLANE_ANGLE_UNIT ( ) SI_UNIT ( $, .RADIAN. ) );
#7336 = DIRECTION ( 'NONE',  ( 0.0000000000000000000, 0.0000000000000000000, -1.000000000000000000 ) ) ;
#7337 = CARTESIAN_POINT ( 'NONE',  ( -2.100000000000000533, -0.03000000000000000930, -1.786415926535897869 ) ) ;
#7338 = EDGE_CURVE ( 'NONE', #7362, #11063, #3520, .T. ) ;
#7339 = ORIENTED_EDGE ( 'NONE', *, *, #1627, .T. ) ;
#7340 = VECTOR ( 'NONE', #1895, 1000.000000000000000 ) ;
#7341 = VECTOR ( 'NONE', #59, 1000.000000000000000 ) ;
#7342 = VERTEX_POINT ( 'NONE', #5261 ) ;
#7343 = ORIENTED_EDGE ( 'NONE', *, *, #7315, .F. ) ;
#7344 = ORIENTED_EDGE ( 'NONE', *, *, #9116, .T. ) ;
#7345 = CARTESIAN_POINT ( 'NONE',  ( 2.100000000000000089, 0.1000000000000000056, 0.7450000000000009948 ) ) ;
#7346 = CARTESIAN_POINT ( 'NONE',  ( -2.500447051772229923, 0.1000000000000000056, 1.125000000000000222 ) ) ;
#7347 = ORIENTED_EDGE ( 'NONE', *, *, #10714, .F. ) ;
#7348 = CYLINDRICAL_SURFACE ( 'NONE', #934, 0.1199999999999998845 ) ;
#7349 = COLOUR_RGB ( '',1.000000000000000000, 1.000000000000000000, 1.000000000000000000 ) ;
#7350 =( LENGTH_UNIT ( ) NAMED_UNIT ( * ) SI_UNIT ( .MILLI., .METRE. ) );
#7351 = VECTOR ( 'NONE', #9869, 1000.000000000000000 ) ;
#7352 = DIRECTION ( 'NONE',  ( -0.0000000000000000000, 1.000000000000000000, 0.0000000000000000000 ) ) ;
#7353 = EDGE_CURVE ( 'NONE', #572, #4924, #4891, .T. ) ;
#7354 = CARTESIAN_POINT ( 'NONE',  ( 0.8776419171591689494, 0.8900000000000000133, -0.4602141534518610078 ) ) ;
#7355 = CARTESIAN_POINT ( 'NONE',  ( 2.100000000000000089, 0.1000000000000000056, 1.754999999999999893 ) ) ;
#7356 = UNCERTAINTY_MEASURE_WITH_UNIT (LENGTH_MEASURE( 1.000000000000000082E-05 ), #4060, 'distance_accuracy_value', 'NONE');
#7357 = COLOUR_RGB ( '',1.000000000000000000, 1.000000000000000000, 1.000000000000000000 ) ;
#7358 = EDGE_LOOP ( 'NONE', ( #8518, #11036, #8626, #7802 ) ) ;
#7359 = EDGE_CURVE ( 'NONE', #9395, #9904, #4475, .T. ) ;
#7360 = CARTESIAN_POINT ( 'NONE',  ( -1.375000000000000000, 0.1000000000000000056, -2.500105095651770082 ) ) ;
#7361 = ORIENTED_EDGE ( 'NONE', *, *, #9497, .T. ) ;
#7362 = VERTEX_POINT ( 'NONE', #2577 ) ;
#7363 = SURFACE_STYLE_FILL_AREA ( #5631 ) ;
#7364 = CARTESIAN_POINT ( 'NONE',  ( -2.313333333333333464, 0.0000000000000000000, -0.3750000000000000000 ) ) ;
#7365 = DIRECTION ( 'NONE',  ( 1.000000000000000000, -0.0000000000000000000, 0.0000000000000000000 ) ) ;
#7366 = ADVANCED_FACE ( 'NONE', ( #1756 ), #9739, .F. ) ;
#7367 = CARTESIAN_POINT ( 'NONE',  ( -0.8620672284331770685, -0.0000000000000000000, -2.157361600948405567 ) ) ;
#7368 = B_SPLINE_CURVE_WITH_KNOTS ( 'NONE', 3,
 ( #8131, #6353, #9049, #3497 ),
 .UNSPECIFIED., .F., .F.,
 ( 4, 4 ),
 ( 0.0000000000000000000, 1.000000000000000000 ),
 .UNSPECIFIED. ) ;
#7369 = FILL_AREA_STYLE ('',( #8312 ) ) ;
#7370 = DIRECTION ( 'NONE',  ( 0.0000000000000000000, -1.000000000000000000, 0.0000000000000000000 ) ) ;
#7371 = EDGE_LOOP ( 'NONE', ( #8342, #10461, #9178, #7681 ) ) ;
#7372 = CARTESIAN_POINT ( 'NONE',  ( -2.100000000000000089, -0.03000000000000000583, 1.754999999999999893 ) ) ;
#7373 = AXIS2_PLACEMENT_3D ( 'NONE', #5519, #3787, #7429 ) ;
#7374 = EDGE_CURVE ( 'NONE', #4000, #9114, #10754, .T. ) ;
#7375 = CARTESIAN_POINT ( 'NONE',  ( -2.500223525886114739, 0.1000000000000000194, -1.375000000000000000 ) ) ;
#7376 = ORIENTED_EDGE ( 'NONE', *, *, #7093, .T. ) ;
#7377 = DIRECTION ( 'NONE',  ( 0.0000000000000000000, 0.0000000000000000000, -1.000000000000000000 ) ) ;
#7378 =( NAMED_UNIT ( * ) SI_UNIT ( $, .STERADIAN. ) SOLID_ANGLE_UNIT ( ) );
#7379 = EDGE_CURVE ( 'NONE', #11280, #10060, #10638, .T. ) ;
#7380 = CARTESIAN_POINT ( 'NONE',  ( 1.770969632319310039, 0.9000000000000010214, -0.1624096040365370086 ) ) ;
#7381 = ORIENTED_EDGE ( 'NONE', *, *, #8549, .T. ) ;
#7382 = DIRECTION ( 'NONE',  ( 0.0000000000000000000, 0.0000000000000000000, -1.000000000000000000 ) ) ;
#7383 = ORIENTED_EDGE ( 'NONE', *, *, #1679, .T. ) ;
#7384 = VECTOR ( 'NONE', #3601, 1000.000000000000000 ) ;
#7385 = VECTOR ( 'NONE', #10477, 1000.000000000000000 ) ;
#7386 = CARTESIAN_POINT ( 'NONE',  ( -2.500000000000000000, 0.0000000000000000000, 1.041666666666666963 ) ) ;
#7387 = VERTEX_POINT ( 'NONE', #2450 ) ;
#7388 = EDGE_LOOP ( 'NONE', ( #9944, #10372, #8583, #8693 ) ) ;
#7389 = ORIENTED_EDGE ( 'NONE', *, *, #1744, .T. ) ;
#7390 = FACE_OUTER_BOUND ( 'NONE', #1229, .T. ) ;
#7391 = EDGE_CURVE ( 'NONE', #2479, #7705, #7313, .T. ) ;
#7392 = CARTESIAN_POINT ( 'NONE',  ( 1.125000000000000222, 0.0000000000000000000, 2.313333333333333464 ) ) ;
#7393 = CARTESIAN_POINT ( 'NONE',  ( -0.2916666666666666852, 0.1000000000000000056, 2.500105095651770082 ) ) ;
#7394 = LINE ( 'NONE', #2024, #9082 ) ;
#7395 = UNCERTAINTY_MEASURE_WITH_UNIT (LENGTH_MEASURE( 1.000000000000000082E-05 ), #10535, 'distance_accuracy_value', 'NONE');
#7396 = FACE_OUTER_BOUND ( 'NONE', #9050, .T. ) ;
#7397 = ORIENTED_EDGE ( 'NONE', *, *, #3353, .F. ) ;
#7398 = CARTESIAN_POINT ( 'NONE',  ( 2.100000000000000089, 0.0000000000000000000, 0.2450000000000010225 ) ) ;
#7399 = CARTESIAN_POINT ( 'NONE',  ( -1.650730249952940154, 0.9000000000000001332, -0.2566204218738730169 ) ) ;
#7400 = ORIENTED_EDGE ( 'NONE', *, *, #1045, .F. ) ;
#7401 = VECTOR ( 'NONE', #11580, 1000.000000000000000 ) ;
#7402 = EDGE_CURVE ( 'NONE', #3381, #2039, #8005, .T. ) ;
#7403 = VERTEX_POINT ( 'NONE', #4314 ) ;
#7404 = CARTESIAN_POINT ( 'NONE',  ( -2.500000000000000000, 0.9000000000000001332, -2.500000000000000000 ) ) ;
#7405 = LINE ( 'NONE', #919, #3624 ) ;
#7406 = EDGE_LOOP ( 'NONE', ( #10141, #11651, #9916, #974, #1644 ) ) ;
#7407 = CARTESIAN_POINT ( 'NONE',  ( 2.500223525886114739, 0.1000000000000000194, 0.6250000000000001110 ) ) ;
#7408 = DIRECTION ( 'NONE',  ( 0.3874596177320698276, 0.0000000000000000000, -0.9218866766728535111 ) ) ;
#7409 = DIRECTION ( 'NONE',  ( 1.000000000000000000, -0.0000000000000000000, 0.0000000000000000000 ) ) ;
#7410 = ORIENTED_EDGE ( 'NONE', *, *, #4049, .T. ) ;
#7411 = AXIS2_PLACEMENT_3D ( 'NONE', #3056, #1222, #11065 ) ;
#7412 = PRESENTATION_LAYER_ASSIGNMENT (  '', '', ( #2264 ) ) ;
#7413 = CARTESIAN_POINT ( 'NONE',  ( -1.625000000000000222, -0.03000000000000000583, 2.220000000000000195 ) ) ;
#7414 = DIRECTION ( 'NONE',  ( 0.0000000000000000000, 0.0000000000000000000, 1.000000000000000000 ) ) ;
#7415 = ORIENTED_EDGE ( 'NONE', *, *, #5890, .T. ) ;
#7416 = EDGE_CURVE ( 'NONE', #1380, #10020, #6937, .T. ) ;
#7417 = ADVANCED_FACE ( 'NONE', ( #6277 ), #9926, .T. ) ;
#7418 = MECHANICAL_DESIGN_GEOMETRIC_PRESENTATION_REPRESENTATION (  '', ( #11420 ), #5706 ) ;
#7419 = VECTOR ( 'NONE', #11103, 1000.000000000000000 ) ;
#7420 = CARTESIAN_POINT ( 'NONE',  ( 1.125000000000000222, 0.1000000000000000194, 2.500052547825884819 ) ) ;
#7421 = CARTESIAN_POINT ( 'NONE',  ( 1.125000000000000222, 0.0000000000000000000, 2.220000000000000195 ) ) ;
#7422 = ORIENTED_EDGE ( 'NONE', *, *, #5046, .T. ) ;
#7423 = ORIENTED_EDGE ( 'NONE', *, *, #654, .F. ) ;
#7424 = PLANE ( 'NONE',  #176 ) ;
#7425 = CARTESIAN_POINT ( 'NONE',  ( -0.3749999999999999445, 0.1000000000000000194, -2.500052547825884819 ) ) ;
#7426 = CARTESIAN_POINT ( 'NONE',  ( 1.790900912554659996, 0.8900000000000000133, -0.2421347249779509936 ) ) ;
#7427 = VECTOR ( 'NONE', #10708, 1000.000000000000000 ) ;
#7428 = CARTESIAN_POINT ( 'NONE',  ( -2.220000000000000195, 0.1000000000000000056, -0.6250000000000000000 ) ) ;
#7429 = DIRECTION ( 'NONE',  ( 0.0000000000000000000, 0.0000000000000000000, -1.000000000000000000 ) ) ;
#7430 = DIRECTION ( 'NONE',  ( 1.000000000000000000, -0.0000000000000000000, 0.0000000000000000000 ) ) ;
#7431 = SURFACE_SIDE_STYLE ('',( #3789 ) ) ;
#7432 = AXIS2_PLACEMENT_3D ( 'NONE', #1470, #9684, #351 ) ;
#7433 = ORIENTED_EDGE ( 'NONE', *, *, #5546, .F. ) ;
#7434 = ADVANCED_FACE ( 'NONE', ( #4488 ), #10581, .F. ) ;
#7435 = DIRECTION ( 'NONE',  ( -1.000000000000000000, -0.0000000000000000000, 0.0000000000000000000 ) ) ;
#7436 = ORIENTED_EDGE ( 'NONE', *, *, #796, .T. ) ;
#7437 = PLANE ( 'NONE',  #8718 ) ;
#7438 = CARTESIAN_POINT ( 'NONE',  ( -1.139044309599930083, 0.9000000000000001332, 0.1310849950463950087 ) ) ;
#7439 = LINE ( 'NONE', #3918, #7340 ) ;
#7440 = CARTESIAN_POINT ( 'NONE',  ( -0.6249999999999998890, -0.03000000000000000930, 2.188584073464102442 ) ) ;
#7441 = DIRECTION ( 'NONE',  ( -1.000000000000000000, 0.0000000000000000000, -0.0000000000000000000 ) ) ;
#7442 = DIRECTION ( 'NONE',  ( -0.0000000000000000000, -1.000000000000000000, 0.0000000000000000000 ) ) ;
#7443 = CARTESIAN_POINT ( 'NONE',  ( -2.100000000000000089, -0.03000000000000000583, -1.245000000000000329 ) ) ;
#7444 = ORIENTED_EDGE ( 'NONE', *, *, #3005, .T. ) ;
#7445 = EDGE_CURVE ( 'NONE', #473, #7060, #3419, .T. ) ;
#7446 = EDGE_CURVE ( 'NONE', #1497, #6444, #3908, .T. ) ;
#7447 = DIRECTION ( 'NONE',  ( 1.000000000000000000, 0.0000000000000000000, -0.0000000000000000000 ) ) ;
#7448 = ORIENTED_EDGE ( 'NONE', *, *, #1522, .T. ) ;
#7449 = ORIENTED_EDGE ( 'NONE', *, *, #6072, .T. ) ;
#7450 = CARTESIAN_POINT ( 'NONE',  ( 0.3750000000000000000, -0.03000000000000000583, -2.220000000000000195 ) ) ;
#7451 = CARTESIAN_POINT ( 'NONE',  ( 2.500223525886114739, 0.1000000000000000194, 0.8750000000000000000 ) ) ;
#7452 = CARTESIAN_POINT ( 'NONE',  ( -1.578553151628609985, 0.8900000000000000133, -0.2121918246879440084 ) ) ;
#7453 = LINE ( 'NONE', #9367, #2785 ) ;
#7454 = CARTESIAN_POINT ( 'NONE',  ( 0.8750000000000000000, 0.06666666666666666574, -2.500105095651770082 ) ) ;
#7455 = DIRECTION ( 'NONE',  ( -0.0000000000000000000, -1.000000000000000000, -0.0000000000000000000 ) ) ;
#7456 = VERTEX_POINT ( 'NONE', #2762 ) ;
#7457 = B_SPLINE_CURVE_WITH_KNOTS ( 'NONE', 3,
 ( #7811, #9787, #7102, #1616, #3468, #9848 ),
 .UNSPECIFIED., .F., .F.,
 ( 4, 2, 4 ),
 ( 0.0000000000000000000, 0.5000000000000000000, 1.000000000000000000 ),
 .UNSPECIFIED. ) ;
#7458 = CARTESIAN_POINT ( 'NONE',  ( -1.565765448930310333, 0.8900000000000000133, 0.2340626297995880012 ) ) ;
#7459 = ORIENTED_EDGE ( 'NONE', *, *, #2135, .F. ) ;
#7460 = ADVANCED_FACE ( 'NONE', ( #1875 ), #5505, .T. ) ;
#7461 = VERTEX_POINT ( 'NONE', #4656 ) ;
#7462 = MECHANICAL_DESIGN_GEOMETRIC_PRESENTATION_REPRESENTATION (  '', ( #241 ), #1748 ) ;
#7463 = DIRECTION ( 'NONE',  ( -1.000000000000000000, 0.0000000000000000000, -0.0000000000000000000 ) ) ;
#7464 = DIRECTION ( 'NONE',  ( 1.000000000000000000, 0.0000000000000000000, -0.0000000000000000000 ) ) ;
#7465 =( NAMED_UNIT ( * ) SI_UNIT ( $, .STERADIAN. ) SOLID_ANGLE_UNIT ( ) );
#7466 = ORIENTED_EDGE ( 'NONE', *, *, #8983, .T. ) ;
#7467 = CARTESIAN_POINT ( 'NONE',  ( -0.6250000000000000000, 0.0000000000000000000, 2.500000000000000000 ) ) ;
#7468 = DIRECTION ( 'NONE',  ( 0.9218866766728535111, -0.0000000000000000000, 0.3874596177320698276 ) ) ;
#7469 = DIRECTION ( 'NONE',  ( 0.0000000000000000000, 0.0000000000000000000, -1.000000000000000000 ) ) ;
#7470 = ORIENTED_EDGE ( 'NONE', *, *, #753, .T. ) ;
#7471 =( NAMED_UNIT ( * ) PLANE_ANGLE_UNIT ( ) SI_UNIT ( $, .RADIAN. ) );
#7472 = EDGE_CURVE ( 'NONE', #10850, #1521, #9260, .T. ) ;
#7473 = CARTESIAN_POINT ( 'NONE',  ( 2.100000000000000089, 0.0000000000000000000, 1.245000000000000329 ) ) ;
#7474 = UNCERTAINTY_MEASURE_WITH_UNIT (LENGTH_MEASURE( 1.000000000000000082E-05 ), #2332, 'distance_accuracy_value', 'NONE');
#7475 = EDGE_LOOP ( 'NONE', ( #7696, #10394, #4897, #7694 ) ) ;
#7476 = CARTESIAN_POINT ( 'NONE',  ( 0.8750000000000001110, 0.0000000000000000000, 2.500000000000000000 ) ) ;
#7477 = STYLED_ITEM ( 'NONE', ( #8474 ), #2118 ) ;
#7478 =( LENGTH_UNIT ( ) NAMED_UNIT ( * ) SI_UNIT ( .MILLI., .METRE. ) );
#7479 = ORIENTED_EDGE ( 'NONE', *, *, #6447, .F. ) ;
#7480 = LINE ( 'NONE', #5751, #11032 ) ;
#7481 = CARTESIAN_POINT ( 'NONE',  ( -0.3750000000000000000, 0.0000000000000000000, -2.500000000000000000 ) ) ;
#7482 = CARTESIAN_POINT ( 'NONE',  ( 1.374999999999999778, 0.1000000000000000194, 2.500052547825884819 ) ) ;
#7483 = CARTESIAN_POINT ( 'NONE',  ( 0.3154900787141289853, 0.9000000000000001332, 0.0000000000000000000 ) ) ;
#7484 = EDGE_CURVE ( 'NONE', #260, #5963, #4599, .T. ) ;
#7485 = CARTESIAN_POINT ( 'NONE',  ( 1.701506374892229889, 0.8900000000000000133, 0.08842112146053691946 ) ) ;
#7486 = EDGE_CURVE ( 'NONE', #10019, #7520, #3186, .T. ) ;
#7487 = B_SPLINE_CURVE_WITH_KNOTS ( 'NONE', 3,
 ( #5088, #3967, #4200, #7824 ),
 .UNSPECIFIED., .F., .F.,
 ( 4, 4 ),
 ( 0.0000000000000000000, 1.000000000000000000 ),
 .UNSPECIFIED. ) ;
#7488 = ORIENTED_EDGE ( 'NONE', *, *, #8313, .F. ) ;
#7489 = PLANE ( 'NONE',  #7704 ) ;
#7490 = CARTESIAN_POINT ( 'NONE',  ( -1.650649060507320298, 0.8999999999999993561, -0.1404764682104099882 ) ) ;
#7491 = DIRECTION ( 'NONE',  ( 1.000000000000000000, 0.0000000000000000000, -0.0000000000000000000 ) ) ;
#7492 = CARTESIAN_POINT ( 'NONE',  ( 2.500000000000000000, 0.0000000000000000000, 0.4583333333333326487 ) ) ;
#7493 = SURFACE_STYLE_USAGE ( .BOTH. , #63 ) ;
#7494 = CARTESIAN_POINT ( 'NONE',  ( -1.209768594444730061, 0.8950000000000001288, -0.02953582053485870329 ) ) ;
#7495 = DIRECTION ( 'NONE',  ( -0.0000000000000000000, -1.000000000000000000, 0.0000000000000000000 ) ) ;
#7496 = CARTESIAN_POINT ( 'NONE',  ( 0.7603257028750219915, 0.9000000000000001332, 0.3471854962616090501 ) ) ;
#7497 = CARTESIAN_POINT ( 'NONE',  ( -2.188584073464102442, -0.03000000000000000930, -1.125000000000000444 ) ) ;
#7498 = ADVANCED_FACE ( 'NONE', ( #6458 ), #3716, .F. ) ;
#7499 = CARTESIAN_POINT ( 'NONE',  ( 1.374999999999999778, 0.1000000000000000194, 2.500052547825884819 ) ) ;
#7500 = ORIENTED_EDGE ( 'NONE', *, *, #7720, .T. ) ;
#7501 = CARTESIAN_POINT ( 'NONE',  ( 2.220000000000000195, -0.03000000000000000930, 1.125000000000000222 ) ) ;
#7502 = VERTEX_POINT ( 'NONE', #8359 ) ;
#7503 = ORIENTED_EDGE ( 'NONE', *, *, #9150, .T. ) ;
#7504 = PLANE ( 'NONE',  #3715 ) ;
#7505 = CARTESIAN_POINT ( 'NONE',  ( -0.6478087648646909669, 0.8900000000000000133, -0.3316052058057050167 ) ) ;
#7506 = FACE_OUTER_BOUND ( 'NONE', #6733, .T. ) ;
#7507 = CARTESIAN_POINT ( 'NONE',  ( 2.406666666666666732, 0.0000000000000000000, 0.3750000000000000000 ) ) ;
#7508 = CARTESIAN_POINT ( 'NONE',  ( 0.6882557071991796116, 0.9000000000000001332, 0.3025131641083004252 ) ) ;
#7509 = MECHANICAL_DESIGN_GEOMETRIC_PRESENTATION_REPRESENTATION (  '', ( #6565 ), #1053 ) ;
#7510 = UNCERTAINTY_MEASURE_WITH_UNIT (LENGTH_MEASURE( 1.000000000000000082E-05 ), #2109, 'distance_accuracy_value', 'NONE');
#7511 = CARTESIAN_POINT ( 'NONE',  ( -2.500223525886114739, 0.1000000000000000333, 1.125000000000000222 ) ) ;
#7512 = CARTESIAN_POINT ( 'NONE',  ( -2.220000000000000195, -0.03000000000000000583, -0.6250000000000000000 ) ) ;
#7513 = EDGE_CURVE ( 'NONE', #1052, #8998, #8603, .T. ) ;
#7514 = VERTEX_POINT ( 'NONE', #2879 ) ;
#7515 = CARTESIAN_POINT ( 'NONE',  ( 1.125000000000000222, 0.0000000000000000000, -2.500000000000000000 ) ) ;
#7516 = ORIENTED_EDGE ( 'NONE', *, *, #10731, .F. ) ;
#7517 = ORIENTED_EDGE ( 'NONE', *, *, #1306, .F. ) ;
#7518 = AXIS2_PLACEMENT_3D ( 'NONE', #2647, #5335, #7463 ) ;
#7519 = CARTESIAN_POINT ( 'NONE',  ( 0.2450000000000008005, 0.0000000000000000000, 2.100000000000000089 ) ) ;
#7520 = VERTEX_POINT ( 'NONE', #6522 ) ;
#7521 = CARTESIAN_POINT ( 'NONE',  ( -2.220000000000000195, 0.1000000000000000056, 1.125000000000000222 ) ) ;
#7522 = CARTESIAN_POINT ( 'NONE',  ( -2.500000000000000000, 0.0000000000000000000, -1.375000000000000000 ) ) ;
#7523 = PLANE ( 'NONE',  #8226 ) ;
#7524 = ORIENTED_EDGE ( 'NONE', *, *, #2990, .T. ) ;
#7525 = CARTESIAN_POINT ( 'NONE',  ( 2.500223525886114739, 0.1000000000000000194, 1.125000000000000222 ) ) ;
#7526 = PRESENTATION_STYLE_ASSIGNMENT (( #3889 ) ) ;
#7527 = LINE ( 'NONE', #10106, #9324 ) ;
#7528 = EDGE_CURVE ( 'NONE', #3303, #9532, #10171, .T. ) ;
#7529 = ORIENTED_EDGE ( 'NONE', *, *, #7225, .T. ) ;
#7530 = VECTOR ( 'NONE', #9419, 1000.000000000000000 ) ;
#7531 =( NAMED_UNIT ( * ) PLANE_ANGLE_UNIT ( ) SI_UNIT ( $, .RADIAN. ) );
#7532 = AXIS2_PLACEMENT_3D ( 'NONE', #3944, #7577, #6628 ) ;
#7533 = CARTESIAN_POINT ( 'NONE',  ( -1.354625563403949906, 0.8899999999999999023, 0.01392127015290760099 ) ) ;
#7534 = B_SPLINE_CURVE_WITH_KNOTS ( 'NONE', 3,
 ( #10834, #8919, #7128, #9810, #4264, #3311 ),
 .UNSPECIFIED., .F., .F.,
 ( 4, 2, 4 ),
 ( 0.0000000000000000000, 0.5000000000000000000, 1.000000000000000000 ),
 .UNSPECIFIED. ) ;
#7535 = ORIENTED_EDGE ( 'NONE', *, *, #8155, .T. ) ;
#7536 = DIRECTION ( 'NONE',  ( 1.000000000000000000, 0.0000000000000000000, -0.0000000000000000000 ) ) ;
#7537 = EDGE_CURVE ( 'NONE', #3760, #2115, #7238, .T. ) ;
#7538 = COLOUR_RGB ( '',1.000000000000000000, 1.000000000000000000, 1.000000000000000000 ) ;
#7539 = LINE ( 'NONE', #2938, #9258 ) ;
#7540 = ORIENTED_EDGE ( 'NONE', *, *, #5663, .F. ) ;
#7541 = PRESENTATION_STYLE_ASSIGNMENT (( #5515 ) ) ;
#7542 = CARTESIAN_POINT ( 'NONE',  ( 0.9468359524723244380, 0.8900000000000004574, -0.3217402378621916914 ) ) ;
#7543 = CARTESIAN_POINT ( 'NONE',  ( 2.500447051772229923, -0.03000000000000000930, 1.875000000000000000 ) ) ;
#7544 = CARTESIAN_POINT ( 'NONE',  ( 2.220000000000000195, 0.1000000000000000056, 0.3750000000000000000 ) ) ;
#7545 = STYLED_ITEM ( 'NONE', ( #680 ), #5251 ) ;
#7546 = ORIENTED_EDGE ( 'NONE', *, *, #8608, .T. ) ;
#7547 = CARTESIAN_POINT ( 'NONE',  ( -1.625000000000000000, 0.0000000000000000000, -2.188584073464102442 ) ) ;
#7548 = DIRECTION ( 'NONE',  ( 0.0000000000000000000, -0.0000000000000000000, 1.000000000000000000 ) ) ;
#7549 = EDGE_CURVE ( 'NONE', #11055, #7342, #10583, .T. ) ;
#7550 = EDGE_CURVE ( 'NONE', #45, #6401, #6637, .T. ) ;
#7551 = EDGE_LOOP ( 'NONE', ( #5927, #6051, #213, #3574 ) ) ;
#7552 = CARTESIAN_POINT ( 'NONE',  ( 0.3998479606374399919, 0.8900000000000000133, 0.3083217570670889751 ) ) ;
#7553 = AXIS2_PLACEMENT_3D ( 'NONE', #9989, #8309, #233 ) ;
#7554 = LINE ( 'NONE', #9284, #2903 ) ;
#7555 = DIRECTION ( 'NONE',  ( 0.0000000000000000000, 1.000000000000000000, 0.0000000000000000000 ) ) ;
#7556 = CARTESIAN_POINT ( 'NONE',  ( -2.500000000000000000, 0.0000000000000000000, -0.1250000000000000555 ) ) ;
#7557 = CARTESIAN_POINT ( 'NONE',  ( 0.7999088249101118375, 0.9000000000000001332, -0.1552205436024178542 ) ) ;
#7558 = CARTESIAN_POINT ( 'NONE',  ( 0.1379327715668224597, -0.03000000000000000930, 2.157361600948406011 ) ) ;
#7559 = CARTESIAN_POINT ( 'NONE',  ( -2.100000000000000089, -0.03000000000000000930, -1.213584073464102353 ) ) ;
#7560 = VERTEX_POINT ( 'NONE', #1346 ) ;
#7561 = CARTESIAN_POINT ( 'NONE',  ( 2.500000000000000000, 0.9000000000000001332, -2.500000000000000000 ) ) ;
#7562 = ADVANCED_FACE ( 'NONE', ( #11302 ), #8480, .T. ) ;
#7563 = CARTESIAN_POINT ( 'NONE',  ( 2.500000000000000000, 0.0000000000000000000, -1.125000000000000222 ) ) ;
#7564 = ADVANCED_FACE ( 'NONE', ( #1221 ), #5797, .T. ) ;
#7565 = ORIENTED_EDGE ( 'NONE', *, *, #2360, .F. ) ;
#7566 = ORIENTED_EDGE ( 'NONE', *, *, #8578, .F. ) ;
#7567 = CARTESIAN_POINT ( 'NONE',  ( 2.500447051772229923, 0.1000000000000000056, -1.625000000000000222 ) ) ;
#7568 = CARTESIAN_POINT ( 'NONE',  ( 2.100000000000000089, 0.0000000000000000000, 1.245000000000000329 ) ) ;
#7569 = CARTESIAN_POINT ( 'NONE',  ( -1.815208675776879943, 0.8900000000000000133, 0.2566633326901030521 ) ) ;
#7570 = CARTESIAN_POINT ( 'NONE',  ( 1.119126993600601638, 0.9000000000000003553, -0.1127363267759895898 ) ) ;
#7571 = CARTESIAN_POINT ( 'NONE',  ( 2.500447051772229923, 0.1000000000000000056, -1.375000000000000000 ) ) ;
#7572 = CARTESIAN_POINT ( 'NONE',  ( -2.313333333333333464, 0.0000000000000000000, 1.625000000000000222 ) ) ;
#7573 = VERTEX_POINT ( 'NONE', #5016 ) ;
#7574 = ORIENTED_EDGE ( 'NONE', *, *, #6999, .F. ) ;
#7575 = MECHANICAL_DESIGN_GEOMETRIC_PRESENTATION_REPRESENTATION (  '', ( #5865 ), #5876 ) ;
#7576 = ORIENTED_EDGE ( 'NONE', *, *, #4029, .T. ) ;
#7577 = DIRECTION ( 'NONE',  ( 0.0000000000000000000, -1.000000000000000000, 0.0000000000000000000 ) ) ;
#7578 = ADVANCED_FACE ( 'NONE', ( #337 ), #9606, .T. ) ;
#7579 = VERTEX_POINT ( 'NONE', #501 ) ;
#7580 = VECTOR ( 'NONE', #5242, 1000.000000000000000 ) ;
#7581 = CARTESIAN_POINT ( 'NONE',  ( -1.125000000000000222, 0.06666666666666669350, -2.500000000000000000 ) ) ;
#7582 = B_SPLINE_CURVE_WITH_KNOTS ( 'NONE', 3,
 ( #3781, #3725, #1105, #105 ),
 .UNSPECIFIED., .F., .F.,
 ( 4, 4 ),
 ( 0.0000000000000000000, 1.000000000000000000 ),
 .UNSPECIFIED. ) ;
#7583 = DIRECTION ( 'NONE',  ( 0.0000000000000000000, 0.0000000000000000000, 1.000000000000000000 ) ) ;
#7584 = DIRECTION ( 'NONE',  ( -0.0000000000000000000, -1.000000000000000000, 0.0000000000000000000 ) ) ;
#7585 = CARTESIAN_POINT ( 'NONE',  ( 1.395526597277665815, 0.9000000000000001332, -0.2421347249779658706 ) ) ;
#7586 = SURFACE_SIDE_STYLE ('',( #4775 ) ) ;
#7587 = CARTESIAN_POINT ( 'NONE',  ( 2.112932771566823131, -0.0000000000000000000, 1.182361600948406366 ) ) ;
#7588 = ADVANCED_FACE ( 'NONE', ( #11242 ), #4836, .T. ) ;
#7589 = VECTOR ( 'NONE', #498, 1000.000000000000000 ) ;
#7590 = EDGE_CURVE ( 'NONE', #6401, #9227, #4355, .T. ) ;
#7591 = ORIENTED_EDGE ( 'NONE', *, *, #228, .T. ) ;
#7592 = EDGE_CURVE ( 'NONE', #10792, #4520, #7457, .T. ) ;
#7593 = ORIENTED_EDGE ( 'NONE', *, *, #3809, .F. ) ;
#7594 = CARTESIAN_POINT ( 'NONE',  ( -2.157361600948406011, -0.0000000000000000000, -1.137932771566822376 ) ) ;
#7595 = CARTESIAN_POINT ( 'NONE',  ( -1.875000000000000000, -0.03000000000000000930, 2.500105095651770082 ) ) ;
#7596 = AXIS2_PLACEMENT_3D ( 'NONE', #5697, #4911, #1944 ) ;
#7597 = EDGE_LOOP ( 'NONE', ( #10842, #2093, #1727, #11574 ) ) ;
#7598 = DIRECTION ( 'NONE',  ( 1.000000000000000000, 0.0000000000000000000, -0.0000000000000000000 ) ) ;
#7599 = DIRECTION ( 'NONE',  ( 0.0000000000000000000, 1.000000000000000000, 0.0000000000000000000 ) ) ;
#7600 = AXIS2_PLACEMENT_3D ( 'NONE', #3198, #10308, #5707 ) ;
#7601 = DIRECTION ( 'NONE',  ( -0.0000000000000000000, -1.000000000000000000, -0.0000000000000000000 ) ) ;
#7602 = PLANE ( 'NONE',  #4565 ) ;
#7603 = SURFACE_SIDE_STYLE ('',( #4028 ) ) ;
#7604 = CARTESIAN_POINT ( 'NONE',  ( -0.1250000000000000555, 0.1000000000000000194, 2.500052547825884819 ) ) ;
#7605 = PLANE ( 'NONE',  #8734 ) ;
#7606 = AXIS2_PLACEMENT_3D ( 'NONE', #10947, #2764, #4315 ) ;
#7607 = ADVANCED_FACE ( 'NONE', ( #10567 ), #8838, .T. ) ;
#7608 = FILL_AREA_STYLE_COLOUR ( '', #7126 ) ;
#7609 = CARTESIAN_POINT ( 'NONE',  ( -2.100000000000000089, -0.03000000000000000930, -1.254999999999999893 ) ) ;
#7610 = DIRECTION ( 'NONE',  ( 0.0000000000000000000, 1.000000000000000000, -0.0000000000000000000 ) ) ;
#7611 = EDGE_LOOP ( 'NONE', ( #2885, #1654, #5465 ) ) ;
#7612 = FACE_OUTER_BOUND ( 'NONE', #2127, .T. ) ;
#7613 = FACE_OUTER_BOUND ( 'NONE', #690, .T. ) ;
#7614 = DIRECTION ( 'NONE',  ( 0.0000000000000000000, -1.000000000000000000, 0.0000000000000000000 ) ) ;
#7615 = LINE ( 'NONE', #5948, #8566 ) ;
#7616 = ORIENTED_EDGE ( 'NONE', *, *, #10676, .F. ) ;
#7617 = VECTOR ( 'NONE', #5062, 1000.000000000000000 ) ;
#7618 = PRODUCT_CONTEXT ( 'NONE', #8157, 'mechanical' ) ;
#7619 = LINE ( 'NONE', #10488, #6418 ) ;
#7620 = CARTESIAN_POINT ( 'NONE',  ( 2.500000000000000000, 0.0000000000000000000, 2.500000000000000000 ) ) ;
#7621 = ORIENTED_EDGE ( 'NONE', *, *, #4160, .F. ) ;
#7622 = ADVANCED_FACE ( 'NONE', ( #8780 ), #11633, .T. ) ;
#7623 = VECTOR ( 'NONE', #1066, 1000.000000000000000 ) ;
#7624 = DIRECTION ( 'NONE',  ( 0.0000000000000000000, 0.0000000000000000000, -1.000000000000000000 ) ) ;
#7625 = VECTOR ( 'NONE', #1079, 1000.000000000000000 ) ;
#7626 = ORIENTED_EDGE ( 'NONE', *, *, #1794, .T. ) ;
#7627 = VECTOR ( 'NONE', #11759, 1000.000000000000000 ) ;
#7628 = CARTESIAN_POINT ( 'NONE',  ( 2.220000000000000195, -0.03000000000000000930, -1.375000000000000000 ) ) ;
#7629 = VERTEX_POINT ( 'NONE', #3403 ) ;
#7630 = EDGE_LOOP ( 'NONE', ( #2796, #700, #1291, #10693 ) ) ;
#7631 = CARTESIAN_POINT ( 'NONE',  ( -2.499999999999999556, 0.0000000000000000000, 1.375000000000000000 ) ) ;
#7632 = CARTESIAN_POINT ( 'NONE',  ( 1.125000000000000222, 0.0000000000000000000, -2.406666666666666732 ) ) ;
#7633 = CARTESIAN_POINT ( 'NONE',  ( 2.220000000000000195, 0.0000000000000000000, 0.3750000000000000000 ) ) ;
#7634 = LINE ( 'NONE', #9422, #4678 ) ;
#7635 = UNCERTAINTY_MEASURE_WITH_UNIT (LENGTH_MEASURE( 1.000000000000000082E-05 ), #318, 'distance_accuracy_value', 'NONE');
#7636 = CARTESIAN_POINT ( 'NONE',  ( 0.6250000000000000000, 0.0000000000000000000, 2.500000000000000000 ) ) ;
#7637 = CARTESIAN_POINT ( 'NONE',  ( -1.362067228433177846, -0.0000000000000000000, 2.157361600948406455 ) ) ;
#7638 = VERTEX_POINT ( 'NONE', #2439 ) ;
#7639 = B_SPLINE_CURVE_WITH_KNOTS ( 'NONE', 3,
 ( #1266, #7454, #3755, #9481 ),
 .UNSPECIFIED., .F., .F.,
 ( 4, 4 ),
 ( 0.0000000000000000000, 1.000000000000000000 ),
 .UNSPECIFIED. ) ;
#7640 = EDGE_CURVE ( 'NONE', #209, #6267, #1621, .T. ) ;
#7641 = CARTESIAN_POINT ( 'NONE',  ( 0.1379327715668224319, -0.0000000000000000000, 2.157361600948406455 ) ) ;
#7642 = VERTEX_POINT ( 'NONE', #6262 ) ;
#7643 = CARTESIAN_POINT ( 'NONE',  ( -1.375000000000000000, -0.03000000000000000583, 2.220000000000000195 ) ) ;
#7644 = FACE_OUTER_BOUND ( 'NONE', #10647, .T. ) ;
#7645 = CARTESIAN_POINT ( 'NONE',  ( -2.188584073464102886, 0.0000000000000000000, -1.625000000000000222 ) ) ;
#7646 = ORIENTED_EDGE ( 'NONE', *, *, #10731, .T. ) ;
#7647 =( LENGTH_UNIT ( ) NAMED_UNIT ( * ) SI_UNIT ( .MILLI., .METRE. ) );
#7648 = EDGE_CURVE ( 'NONE', #5852, #3956, #7037, .T. ) ;
#7649 = PLANE ( 'NONE',  #391 ) ;
#7650 = AXIS2_PLACEMENT_3D ( 'NONE', #4532, #3641, #5491 ) ;
#7651 = ORIENTED_EDGE ( 'NONE', *, *, #3402, .F. ) ;
#7652 = ORIENTED_EDGE ( 'NONE', *, *, #6550, .F. ) ;
#7653 = LINE ( 'NONE', #3958, #10270 ) ;
#7654 =( NAMED_UNIT ( * ) PLANE_ANGLE_UNIT ( ) SI_UNIT ( $, .RADIAN. ) );
#7655 = DIRECTION ( 'NONE',  ( 0.0000000000000000000, 1.000000000000000000, 0.0000000000000000000 ) ) ;
#7656 = ORIENTED_EDGE ( 'NONE', *, *, #10382, .F. ) ;
#7657 = DIRECTION ( 'NONE',  ( -0.0000000000000000000, -1.000000000000000000, -0.0000000000000000000 ) ) ;
#7658 = ADVANCED_FACE ( 'NONE', ( #6978 ), #6082, .T. ) ;
#7659 = VECTOR ( 'NONE', #5757, 1000.000000000000000 ) ;
#7660 = PLANE ( 'NONE',  #5253 ) ;
#7661 = CARTESIAN_POINT ( 'NONE',  ( -0.7483333333333337389, 0.0000000000000000000, -2.100000000000000089 ) ) ;
#7662 = ADVANCED_FACE ( 'NONE', ( #4188 ), #5189, .T. ) ;
#7663 = CARTESIAN_POINT ( 'NONE',  ( -0.6250000000000000000, 0.1000000000000000056, 2.500105095651770082 ) ) ;
#7664 = B_SPLINE_CURVE_WITH_KNOTS ( 'NONE', 3,
 ( #8610, #11305, #4898, #453 ),
 .UNSPECIFIED., .F., .F.,
 ( 4, 4 ),
 ( 0.0000000000000000000, 1.000000000000000000 ),
 .UNSPECIFIED. ) ;
#7665 = VERTEX_POINT ( 'NONE', #9188 ) ;
#7666 = VECTOR ( 'NONE', #3077, 1000.000000000000000 ) ;
#7667 = CARTESIAN_POINT ( 'NONE',  ( -1.375000000000000000, 0.0000000000000000000, -2.406666666666666732 ) ) ;
#7668 = LINE ( 'NONE', #3852, #5830 ) ;
#7669 = FACE_OUTER_BOUND ( 'NONE', #4328, .T. ) ;
#7670 = DIRECTION ( 'NONE',  ( 1.000000000000000000, 0.0000000000000000000, -0.0000000000000000000 ) ) ;
#7671 = PLANE ( 'NONE',  #11248 ) ;
#7672 = DIRECTION ( 'NONE',  ( 0.0000000000000000000, 0.0000000000000000000, -1.000000000000000000 ) ) ;
#7673 = ORIENTED_EDGE ( 'NONE', *, *, #5608, .T. ) ;
#7674 = CARTESIAN_POINT ( 'NONE',  ( 2.220000000000000195, 0.0000000000000000000, 1.625000000000000222 ) ) ;
#7675 = AXIS2_PLACEMENT_3D ( 'NONE', #2404, #7944, #2460 ) ;
#7676 = CARTESIAN_POINT ( 'NONE',  ( -0.6250000000000000000, 0.0000000000000000000, -2.406666666666666732 ) ) ;
#7677 = ORIENTED_EDGE ( 'NONE', *, *, #6869, .F. ) ;
#7678 = EDGE_CURVE ( 'NONE', #1038, #463, #9320, .T. ) ;
#7679 = UNCERTAINTY_MEASURE_WITH_UNIT (LENGTH_MEASURE( 1.000000000000000082E-05 ), #5463, 'distance_accuracy_value', 'NONE');
#7680 = DIRECTION ( 'NONE',  ( 0.0000000000000000000, -1.000000000000000000, 0.0000000000000000000 ) ) ;
#7681 = ORIENTED_EDGE ( 'NONE', *, *, #11706, .F. ) ;
#7682 = CARTESIAN_POINT ( 'NONE',  ( 0.7364273885132771591, 0.8900000000000000133, -0.2532120226042440247 ) ) ;
#7683 = ORIENTED_EDGE ( 'NONE', *, *, #33, .F. ) ;
#7684 = ORIENTED_EDGE ( 'NONE', *, *, #2350, .F. ) ;
#7685 = EDGE_CURVE ( 'NONE', #9615, #180, #5493, .T. ) ;
#7686 = CARTESIAN_POINT ( 'NONE',  ( -2.100000000000000089, 0.0000000000000000000, 0.2516666666666663166 ) ) ;
#7687 = CARTESIAN_POINT ( 'NONE',  ( -0.3176383990515939670, -0.03000000000000001277, 2.112932771566823131 ) ) ;
#7688 = CARTESIAN_POINT ( 'NONE',  ( -2.500000000000000000, 0.0000000000000000000, -0.5416666666666666297 ) ) ;
#7689 = DIRECTION ( 'NONE',  ( 0.0000000000000000000, -0.0000000000000000000, -1.000000000000000000 ) ) ;
#7690 = CARTESIAN_POINT ( 'NONE',  ( 2.220000000000000195, 0.1000000000000000056, -0.8750000000000000000 ) ) ;
#7691 = FILL_AREA_STYLE_COLOUR ( '', #4947 ) ;
#7692 = ORIENTED_EDGE ( 'NONE', *, *, #5129, .F. ) ;
#7693 =( NAMED_UNIT ( * ) PLANE_ANGLE_UNIT ( ) SI_UNIT ( $, .RADIAN. ) );
#7694 = ORIENTED_EDGE ( 'NONE', *, *, #4899, .F. ) ;
#7695 = CARTESIAN_POINT ( 'NONE',  ( 0.7906103738152266969, 0.9000000000000001332, -0.2240234066112962441 ) ) ;
#7696 = ORIENTED_EDGE ( 'NONE', *, *, #3484, .T. ) ;
#7697 =( LENGTH_UNIT ( ) NAMED_UNIT ( * ) SI_UNIT ( .MILLI., .METRE. ) );
#7698 = VECTOR ( 'NONE', #11609, 1000.000000000000000 ) ;
#7699 = CARTESIAN_POINT ( 'NONE',  ( -1.875000000000000000, 0.0000000000000000000, 2.500000000000000000 ) ) ;
#7700 = EDGE_CURVE ( 'NONE', #6556, #6144, #8164, .T. ) ;
#7701 = CARTESIAN_POINT ( 'NONE',  ( -1.625000000000000222, -0.03000000000000000930, 2.500105095651770082 ) ) ;
#7702 = DIRECTION ( 'NONE',  ( -0.0000000000000000000, -1.000000000000000000, -0.0000000000000000000 ) ) ;
#7703 = DIRECTION ( 'NONE',  ( 0.0000000000000000000, 0.0000000000000000000, 1.000000000000000000 ) ) ;
#7704 = AXIS2_PLACEMENT_3D ( 'NONE', #3006, #4852, #6714 ) ;
#7705 = VERTEX_POINT ( 'NONE', #9966 ) ;
#7706 = CARTESIAN_POINT ( 'NONE',  ( 2.500447051772229923, 0.1000000000000000056, -1.208333333333333481 ) ) ;
#7707 = CARTESIAN_POINT ( 'NONE',  ( -0.8750000000000001110, 0.0000000000000000000, 2.220000000000000195 ) ) ;
#7708 = CARTESIAN_POINT ( 'NONE',  ( 2.220000000000000195, 0.1000000000000000056, -0.2449999999999999956 ) ) ;
#7709 = EDGE_CURVE ( 'NONE', #9794, #903, #2863, .T. ) ;
#7710 = EDGE_LOOP ( 'NONE', ( #6700, #7565, #4839, #4250, #11278, #5840, #2181, #1334, #5933, #9206 ) ) ;
#7711 = CARTESIAN_POINT ( 'NONE',  ( 1.130753105435670758, 0.8900000000000002354, -0.02864585859410476859 ) ) ;
#7712 = CARTESIAN_POINT ( 'NONE',  ( 0.6250000000000000000, -0.03000000000000000583, 2.220000000000000195 ) ) ;
#7713 = PRESENTATION_STYLE_ASSIGNMENT (( #6883 ) ) ;
#7714 = DIRECTION ( 'NONE',  ( 0.0000000000000000000, 0.0000000000000000000, 1.000000000000000000 ) ) ;
#7715 = LINE ( 'NONE', #7877, #3026 ) ;
#7716 = ORIENTED_EDGE ( 'NONE', *, *, #11796, .T. ) ;
#7717 = EDGE_CURVE ( 'NONE', #5161, #8197, #9075, .T. ) ;
#7718 = LINE ( 'NONE', #9745, #1251 ) ;
#7719 = DIRECTION ( 'NONE',  ( 0.0000000000000000000, 1.000000000000000000, 0.0000000000000000000 ) ) ;
#7720 = EDGE_CURVE ( 'NONE', #4317, #11198, #5901, .T. ) ;
#7721 = EDGE_LOOP ( 'NONE', ( #293, #5853, #7048, #7626 ) ) ;
#7722 = CARTESIAN_POINT ( 'NONE',  ( -2.157361600948405123, -0.0000000000000000000, -0.8620672284331775126 ) ) ;
#7723 = CARTESIAN_POINT ( 'NONE',  ( -1.148204682958599898, 0.9000000000000001332, -0.2279954129338659929 ) ) ;
#7724 = CARTESIAN_POINT ( 'NONE',  ( 1.125000000000000222, -0.03000000000000000583, -2.220000000000000195 ) ) ;
#7725 = PLANE ( 'NONE',  #7600 ) ;
#7726 = ORIENTED_EDGE ( 'NONE', *, *, #7379, .T. ) ;
#7727 = CYLINDRICAL_SURFACE ( 'NONE', #8316, 0.1200000000000000927 ) ;
#7728 = VECTOR ( 'NONE', #5748, 1000.000000000000000 ) ;
#7729 = DIRECTION ( 'NONE',  ( -8.673617379884040402E-17, 0.0000000000000000000, -1.000000000000000000 ) ) ;
#7730 = VERTEX_POINT ( 'NONE', #9129 ) ;
#7731 = ADVANCED_FACE ( 'NONE', ( #2747 ), #2689, .T. ) ;
#7732 = DIRECTION ( 'NONE',  ( 0.0000000000000000000, 1.000000000000000000, 0.0000000000000000000 ) ) ;
#7733 = ORIENTED_EDGE ( 'NONE', *, *, #8647, .F. ) ;
#7734 = CARTESIAN_POINT ( 'NONE',  ( 1.047267970585380015, 0.9000000000000001332, 0.08925939097236600117 ) ) ;
#7735 = EDGE_CURVE ( 'NONE', #11210, #7003, #6311, .T. ) ;
#7736 = ORIENTED_EDGE ( 'NONE', *, *, #7374, .F. ) ;
#7737 = VERTEX_POINT ( 'NONE', #8224 ) ;
#7738 = CARTESIAN_POINT ( 'NONE',  ( -2.100000000000000089, 0.0000000000000000000, 0.2450000000000010225 ) ) ;
#7739 = CARTESIAN_POINT ( 'NONE',  ( -2.500000000000000000, 0.0000000000000000000, -0.6250000000000000000 ) ) ;
#7740 =( NAMED_UNIT ( * ) PLANE_ANGLE_UNIT ( ) SI_UNIT ( $, .RADIAN. ) );
#7741 = LINE ( 'NONE', #7690, #6409 ) ;
#7742 = CARTESIAN_POINT ( 'NONE',  ( -2.500447051772229923, 0.1000000000000000056, 0.6250000000000000000 ) ) ;
#7743 = VERTEX_POINT ( 'NONE', #4644 ) ;
#7744 = ORIENTED_EDGE ( 'NONE', *, *, #7549, .T. ) ;
#7745 = DIRECTION ( 'NONE',  ( 0.0000000000000000000, 0.0000000000000000000, -1.000000000000000000 ) ) ;
#7746 = EDGE_CURVE ( 'NONE', #7305, #10678, #5321, .T. ) ;
#7747 = CYLINDRICAL_SURFACE ( 'NONE', #5726, 0.1200000000000000927 ) ;
#7748 = CARTESIAN_POINT ( 'NONE',  ( 2.220000000000000195, 0.1000000000000000056, -0.1250000000000000000 ) ) ;
#7749 = DIRECTION ( 'NONE',  ( 0.0000000000000000000, 0.0000000000000000000, -1.000000000000000000 ) ) ;
#7750 = ORIENTED_EDGE ( 'NONE', *, *, #1498, .F. ) ;
#7751 = DIRECTION ( 'NONE',  ( -1.000000000000000000, 0.0000000000000000000, -0.0000000000000000000 ) ) ;
#7752 = STYLED_ITEM ( 'NONE', ( #5741 ), #7578 ) ;
#7753 = EDGE_CURVE ( 'NONE', #10020, #8432, #11719, .T. ) ;
#7754 = SHELL_BASED_SURFACE_MODEL ( 'NONE', ( #3422 ) );
#7755 = VERTEX_POINT ( 'NONE', #2599 ) ;
#7756 = AXIS2_PLACEMENT_3D ( 'NONE', #1950, #4467, #298 ) ;
#7757 = DIRECTION ( 'NONE',  ( 0.0000000000000000000, 1.000000000000000000, 0.0000000000000000000 ) ) ;
#7758 = CARTESIAN_POINT ( 'NONE',  ( -1.370530704624860041, 0.8900000000000000133, 0.08514221937134949791 ) ) ;
#7759 = ORIENTED_EDGE ( 'NONE', *, *, #8688, .T. ) ;
#7760 = CARTESIAN_POINT ( 'NONE',  ( -2.157361600948405567, -0.03000000000000000930, 0.1379327715668226262 ) ) ;
#7761 = CARTESIAN_POINT ( 'NONE',  ( 0.8546913029851844756, 0.8900000000000000133, 0.3184063502396323186 ) ) ;
#7762 = CARTESIAN_POINT ( 'NONE',  ( 0.6250000000000000000, -0.03000000000000000930, -2.500105095651770082 ) ) ;
#7763 = AXIS2_PLACEMENT_3D ( 'NONE', #8293, #4652, #35 ) ;
#7764 = DIRECTION ( 'NONE',  ( 0.0000000000000000000, 0.0000000000000000000, -1.000000000000000000 ) ) ;
#7765 = CARTESIAN_POINT ( 'NONE',  ( -2.100000000000000089, -0.03000000000000000583, 0.7450000000000009948 ) ) ;
#7766 = B_SPLINE_CURVE_WITH_KNOTS ( 'NONE', 3,
 ( #2260, #5915, #3513, #5235, #1550, #5181, #8825, #4287, #6969, #2552 ),
 .UNSPECIFIED., .F., .F.,
 ( 4, 1, 1, 1, 1, 1, 1, 4 ),
 ( 0.0000000000000000000, 0.2500000000000000000, 0.3750000000000000000, 0.5000000000000000000, 0.6250000000000000000, 0.7500000000000000000, 0.8750000000000000000, 1.000000000000000000 ),
 .UNSPECIFIED. ) ;
#7767 = ADVANCED_FACE ( 'NONE', ( #775 ), #6105, .T. ) ;
#7768 = EDGE_CURVE ( 'NONE', #7095, #8782, #5745, .T. ) ;
#7769 = EDGE_LOOP ( 'NONE', ( #10675, #4711, #5010, #6827 ) ) ;
#7770 = CARTESIAN_POINT ( 'NONE',  ( -1.745000000000000329, -0.03000000000000000236, 2.220000000000000195 ) ) ;
#7771 = CIRCLE ( 'NONE', #3406, 0.1499999999999999667 ) ;
#7772 = CARTESIAN_POINT ( 'NONE',  ( 1.745000000000000329, -0.03000000000000000583, -2.100000000000000089 ) ) ;
#7773 = CARTESIAN_POINT ( 'NONE',  ( -2.188584073464102442, 0.0000000000000000000, -1.875000000000000000 ) ) ;
#7774 = ORIENTED_EDGE ( 'NONE', *, *, #8822, .F. ) ;
#7775 = DIRECTION ( 'NONE',  ( 1.000000000000000000, 0.0000000000000000000, -0.0000000000000000000 ) ) ;
#7776 = CARTESIAN_POINT ( 'NONE',  ( 0.6250000000000000000, 0.0000000000000000000, -2.406666666666666732 ) ) ;
#7777 = SURFACE_SIDE_STYLE ('',( #528 ) ) ;
#7778 = CYLINDRICAL_SURFACE ( 'NONE', #128, 0.1200000000000000927 ) ;
#7779 = CARTESIAN_POINT ( 'NONE',  ( -0.2226109559785069414, 0.8900000000000000133, 0.1715597363732360436 ) ) ;
#7780 = VERTEX_POINT ( 'NONE', #10851 ) ;
#7781 = DIRECTION ( 'NONE',  ( 0.0000000000000000000, 1.000000000000000000, 0.0000000000000000000 ) ) ;
#7782 = CARTESIAN_POINT ( 'NONE',  ( -1.254999999999999893, -0.03000000000000000583, -2.100000000000000089 ) ) ;
#7783 = ORIENTED_EDGE ( 'NONE', *, *, #2311, .T. ) ;
#7784 = VECTOR ( 'NONE', #1146, 1000.000000000000000 ) ;
#7785 = MECHANICAL_DESIGN_GEOMETRIC_PRESENTATION_REPRESENTATION (  '', ( #6265 ), #575 ) ;
#7786 = EDGE_CURVE ( 'NONE', #4503, #10048, #7863, .T. ) ;
#7787 = CARTESIAN_POINT ( 'NONE',  ( 2.500223525886114739, 0.1000000000000000194, 1.125000000000000222 ) ) ;
#7788 = ORIENTED_EDGE ( 'NONE', *, *, #5567, .F. ) ;
#7789 = AXIS2_PLACEMENT_3D ( 'NONE', #1475, #7834, #1307 ) ;
#7790 = VECTOR ( 'NONE', #5336, 1000.000000000000000 ) ;
#7791 = ORIENTED_EDGE ( 'NONE', *, *, #8384, .T. ) ;
#7792 = DIRECTION ( 'NONE',  ( -1.000000000000000000, 0.0000000000000000000, -0.0000000000000000000 ) ) ;
#7793 = CARTESIAN_POINT ( 'NONE',  ( -2.100000000000000089, -0.03000000000000000583, -1.254999999999999893 ) ) ;
#7794 = CARTESIAN_POINT ( 'NONE',  ( 2.100000000000000089, 0.0000000000000000000, 0.2549999999999990052 ) ) ;
#7795 = CARTESIAN_POINT ( 'NONE',  ( -2.100000000000000089, -0.03000000000000000930, 0.2450000000000010225 ) ) ;
#7796 = AXIS2_PLACEMENT_3D ( 'NONE', #9159, #1055, #10053 ) ;
#7797 = ORIENTED_EDGE ( 'NONE', *, *, #782, .T. ) ;
#7798 = EDGE_CURVE ( 'NONE', #2170, #5161, #11729, .T. ) ;
#7799 = STYLED_ITEM ( 'NONE', ( #5060 ), #11724 ) ;
#7800 = PLANE ( 'NONE',  #5135 ) ;
#7801 = VECTOR ( 'NONE', #1351, 1000.000000000000000 ) ;
#7802 = ORIENTED_EDGE ( 'NONE', *, *, #10644, .T. ) ;
#7803 = LINE ( 'NONE', #9839, #8079 ) ;
#7804 = ORIENTED_EDGE ( 'NONE', *, *, #7301, .F. ) ;
#7805 = VECTOR ( 'NONE', #9783, 1000.000000000000000 ) ;
#7806 = CARTESIAN_POINT ( 'NONE',  ( -1.062419830002419907, 0.9000000000000001332, -0.2394337462125190052 ) ) ;
#7807 = CARTESIAN_POINT ( 'NONE',  ( 1.375000000000000000, 0.03333333333333333287, -2.500105095651770082 ) ) ;
#7808 = CARTESIAN_POINT ( 'NONE',  ( -2.500447051772229923, 0.1000000000000000056, -1.791666666666666741 ) ) ;
#7809 = CARTESIAN_POINT ( 'NONE',  ( -0.6250000000000000000, -0.03000000000000000930, 2.500105095651770082 ) ) ;
#7810 = CARTESIAN_POINT ( 'NONE',  ( -0.1823616009484060885, -0.03000000000000000930, 2.112932771566822687 ) ) ;
#7811 = CARTESIAN_POINT ( 'NONE',  ( 1.745000000000000551, 0.0000000000000000000, -2.100000000000000089 ) ) ;
#7812 = EDGE_CURVE ( 'NONE', #10224, #8134, #10391, .T. ) ;
#7813 = LINE ( 'NONE', #10512, #3 ) ;
#7814 = ORIENTED_EDGE ( 'NONE', *, *, #2081, .T. ) ;
#7815 = B_SPLINE_CURVE_WITH_KNOTS ( 'NONE', 3,
 ( #3711, #10692, #7808, #7215 ),
 .UNSPECIFIED., .F., .F.,
 ( 4, 4 ),
 ( 0.0000000000000000000, 1.000000000000000000 ),
 .UNSPECIFIED. ) ;
#7816 = CARTESIAN_POINT ( 'NONE',  ( -2.100000000000000089, 0.0000000000000000000, -1.245000000000000329 ) ) ;
#7817 = CARTESIAN_POINT ( 'NONE',  ( -2.220000000000000195, 0.1000000000000000056, 0.2550000000000000044 ) ) ;
#7818 = CARTESIAN_POINT ( 'NONE',  ( -2.220000000000000195, 0.1000000000000000056, -0.8750000000000000000 ) ) ;
#7819 = VERTEX_POINT ( 'NONE', #9434 ) ;
#7820 = LINE ( 'NONE', #1292, #8337 ) ;
#7821 = PLANE ( 'NONE',  #11116 ) ;
#7822 = EDGE_CURVE ( 'NONE', #5066, #10201, #1276, .T. ) ;
#7823 = DIRECTION ( 'NONE',  ( 0.0000000000000000000, 1.000000000000000000, 0.0000000000000000000 ) ) ;
#7824 = CARTESIAN_POINT ( 'NONE',  ( 2.220000000000000195, 0.0000000000000000000, -1.125000000000000222 ) ) ;
#7825 = VECTOR ( 'NONE', #139, 1000.000000000000000 ) ;
#7826 = DIRECTION ( 'NONE',  ( 0.0000000000000000000, 0.0000000000000000000, 1.000000000000000000 ) ) ;
#7827 = CARTESIAN_POINT ( 'NONE',  ( -1.147507322184299960, 0.8900000000000000133, 0.1848855750470370096 ) ) ;
#7828 = ORIENTED_EDGE ( 'NONE', *, *, #1268, .T. ) ;
#7829 = CARTESIAN_POINT ( 'NONE',  ( -1.748333333333333517, 0.0000000000000000000, -2.100000000000000089 ) ) ;
#7830 = CARTESIAN_POINT ( 'NONE',  ( -2.100000000000000089, 0.1000000000000000056, 0.2450000000000010225 ) ) ;
#7831 = VECTOR ( 'NONE', #10901, 1000.000000000000000 ) ;
#7832 = DIRECTION ( 'NONE',  ( 0.0000000000000000000, -0.0000000000000000000, 1.000000000000000000 ) ) ;
#7833 = FACE_OUTER_BOUND ( 'NONE', #8875, .T. ) ;
#7834 = DIRECTION ( 'NONE',  ( 0.0000000000000000000, -1.000000000000000000, 0.0000000000000000000 ) ) ;
#7835 = CARTESIAN_POINT ( 'NONE',  ( 1.745000000000000329, 0.1000000000000000056, -2.100000000000000089 ) ) ;
#7836 = EDGE_CURVE ( 'NONE', #1977, #7896, #6868, .T. ) ;
#7837 = CARTESIAN_POINT ( 'NONE',  ( 1.875000000000000000, 0.1000000000000000056, -2.220000000000000195 ) ) ;
#7838 = VERTEX_POINT ( 'NONE', #3165 ) ;
#7839 = CARTESIAN_POINT ( 'NONE',  ( 2.500000000000000000, 0.0000000000000000000, 1.625000000000000222 ) ) ;
#7840 = VERTEX_POINT ( 'NONE', #328 ) ;
#7841 = VECTOR ( 'NONE', #2478, 1000.000000000000000 ) ;
#7842 = B_SPLINE_CURVE_WITH_KNOTS ( 'NONE', 3,
 ( #11458, #9437, #1278, #8540 ),
 .UNSPECIFIED., .F., .F.,
 ( 4, 4 ),
 ( 0.0000000000000000000, 1.000000000000000000 ),
 .UNSPECIFIED. ) ;
#7843 = CARTESIAN_POINT ( 'NONE',  ( 2.406666666666666732, 0.0000000000000000000, 1.875000000000000000 ) ) ;
#7844 = CARTESIAN_POINT ( 'NONE',  ( -2.220000000000000195, -0.03000000000000000930, -0.1250000000000000000 ) ) ;
#7845 = CARTESIAN_POINT ( 'NONE',  ( 0.8082603264756339501, 0.9000000000000001332, -0.3819724973372010113 ) ) ;
#7846 = ORIENTED_EDGE ( 'NONE', *, *, #1566, .F. ) ;
#7847 = DIRECTION ( 'NONE',  ( 0.0000000000000000000, 0.0000000000000000000, -1.000000000000000000 ) ) ;
#7848 = EDGE_CURVE ( 'NONE', #2238, #10667, #11295, .T. ) ;
#7849 = CARTESIAN_POINT ( 'NONE',  ( -2.220000000000000195, -0.03000000000000000583, -1.375000000000000000 ) ) ;
#7850 = LINE ( 'NONE', #11674, #5301 ) ;
#7851 = CARTESIAN_POINT ( 'NONE',  ( -0.6250000000000000000, 0.0000000000000000000, 2.220000000000000195 ) ) ;
#7852 = CARTESIAN_POINT ( 'NONE',  ( -2.112932771566823131, -0.0000000000000000000, 1.317638399051593634 ) ) ;
#7853 = DIRECTION ( 'NONE',  ( -0.0000000000000000000, -1.000000000000000000, -0.0000000000000000000 ) ) ;
#7854 = CARTESIAN_POINT ( 'NONE',  ( 2.100000000000000089, -0.03000000000000000583, 1.754999999999999893 ) ) ;
#7855 = ORIENTED_EDGE ( 'NONE', *, *, #9261, .T. ) ;
#7856 = ADVANCED_FACE ( 'NONE', ( #4128 ), #9549, .T. ) ;
#7857 = FACE_OUTER_BOUND ( 'NONE', #9187, .T. ) ;
#7858 = ORIENTED_EDGE ( 'NONE', *, *, #4202, .T. ) ;
#7859 = CARTESIAN_POINT ( 'NONE',  ( 1.862067228433177846, -0.03000000000000000930, -2.157361600948406011 ) ) ;
#7860 = ADVANCED_FACE ( 'NONE', ( #3047 ), #2208, .F. ) ;
#7861 = DIRECTION ( 'NONE',  ( 0.0000000000000000000, 1.000000000000000000, 0.0000000000000000000 ) ) ;
#7862 = AXIS2_PLACEMENT_3D ( 'NONE', #4653, #7468, #7408 ) ;
#7863 = B_SPLINE_CURVE_WITH_KNOTS ( 'NONE', 3,
 ( #2418, #7198, #10721, #2539 ),
 .UNSPECIFIED., .F., .F.,
 ( 4, 4 ),
 ( 0.0000000000000000000, 1.000000000000000000 ),
 .UNSPECIFIED. ) ;
#7864 = DIRECTION ( 'NONE',  ( 0.0000000000000000000, 0.0000000000000000000, 1.000000000000000000 ) ) ;
#7865 = CARTESIAN_POINT ( 'NONE',  ( 2.100000000000000089, 0.1000000000000000056, 0.2549999999999990052 ) ) ;
#7866 = EDGE_LOOP ( 'NONE', ( #11397, #10433, #6875, #11720, #1752, #3245, #7066 ) ) ;
#7867 = EDGE_CURVE ( 'NONE', #1443, #10000, #6194, .T. ) ;
#7868 = AXIS2_PLACEMENT_3D ( 'NONE', #7008, #5220, #709 ) ;
#7869 = CARTESIAN_POINT ( 'NONE',  ( -0.2226109559785069969, 0.8900000000000000133, 0.1715597363732359881 ) ) ;
#7870 = CARTESIAN_POINT ( 'NONE',  ( -1.196084899097560106, 0.9000000000000001332, 0.2608682412935129924 ) ) ;
#7871 = EDGE_CURVE ( 'NONE', #2388, #2335, #11683, .T. ) ;
#7872 = ORIENTED_EDGE ( 'NONE', *, *, #10807, .F. ) ;
#7873 = LINE ( 'NONE', #7169, #3007 ) ;
#7874 = LINE ( 'NONE', #2343, #9967 ) ;
#7875 = DIRECTION ( 'NONE',  ( -0.0000000000000000000, 1.000000000000000000, 0.0000000000000000000 ) ) ;
#7876 = VECTOR ( 'NONE', #4108, 1000.000000000000000 ) ;
#7877 = CARTESIAN_POINT ( 'NONE',  ( -1.754999999999999893, 0.1000000000000000056, -2.100000000000000089 ) ) ;
#7878 = EDGE_LOOP ( 'NONE', ( #8534, #11068, #7222, #7383, #3010, #1945 ) ) ;
#7879 = EDGE_CURVE ( 'NONE', #10355, #9937, #9565, .T. ) ;
#7880 = PLANE ( 'NONE',  #7518 ) ;
#7881 = AXIS2_PLACEMENT_3D ( 'NONE', #6615, #7332, #5654 ) ;
#7882 = FILL_AREA_STYLE_COLOUR ( '', #3999 ) ;
#7883 = AXIS2_PLACEMENT_3D ( 'NONE', #7940, #11590, #9195 ) ;
#7884 = ORIENTED_EDGE ( 'NONE', *, *, #96, .F. ) ;
#7885 = EDGE_CURVE ( 'NONE', #5852, #1521, #772, .T. ) ;
#7886 = CARTESIAN_POINT ( 'NONE',  ( 1.719285493790500219, 0.9000000000000001332, -0.2378877532266260031 ) ) ;
#7887 = PLANE ( 'NONE',  #10724 ) ;
#7888 = B_SPLINE_CURVE_WITH_KNOTS ( 'NONE', 3,
 ( #5562, #214, #3826, #6512 ),
 .UNSPECIFIED., .F., .F.,
 ( 4, 4 ),
 ( 0.0000000000000000000, 1.000000000000000000 ),
 .UNSPECIFIED. ) ;
#7889 = CARTESIAN_POINT ( 'NONE',  ( -1.785319895140109914, 0.8900000000000000133, -0.02812016593027890157 ) ) ;
#7890 = LINE ( 'NONE', #8859, #5451 ) ;
#7891 = ORIENTED_EDGE ( 'NONE', *, *, #10177, .F. ) ;
#7892 = DIRECTION ( 'NONE',  ( 0.0000000000000000000, 1.000000000000000000, 0.0000000000000000000 ) ) ;
#7893 = CARTESIAN_POINT ( 'NONE',  ( -2.500000000000000000, 0.9000000000000001332, -2.500000000000000000 ) ) ;
#7894 = ORIENTED_EDGE ( 'NONE', *, *, #1566, .T. ) ;
#7895 = PRESENTATION_LAYER_ASSIGNMENT (  '', '', ( #882 ) ) ;
#7896 = VERTEX_POINT ( 'NONE', #11566 ) ;
#7897 = EDGE_CURVE ( 'NONE', #2675, #87, #7154, .T. ) ;
#7898 = LINE ( 'NONE', #5168, #7698 ) ;
#7899 = ORIENTED_EDGE ( 'NONE', *, *, #2309, .F. ) ;
#7900 = CARTESIAN_POINT ( 'NONE',  ( 0.7603257028750219915, 0.9000000000000001332, 0.3471854962616090501 ) ) ;
#7901 = CARTESIAN_POINT ( 'NONE',  ( -1.286415926535897647, -0.03000000000000000930, 2.100000000000000533 ) ) ;
#7902 = ORIENTED_EDGE ( 'NONE', *, *, #6851, .F. ) ;
#7903 = AXIS2_PLACEMENT_3D ( 'NONE', #8682, #3248, #6995 ) ;
#7904 = CARTESIAN_POINT ( 'NONE',  ( -0.2135840734641020200, -0.03000000000000000930, -2.100000000000000533 ) ) ;
#7905 = CARTESIAN_POINT ( 'NONE',  ( 2.188584073464102442, 0.0000000000000000000, -0.3750000000000000555 ) ) ;
#7906 = FACE_OUTER_BOUND ( 'NONE', #8038, .T. ) ;
#7907 = CARTESIAN_POINT ( 'NONE',  ( -0.7135840734641020200, 0.0000000000000000000, 2.100000000000000533 ) ) ;
#7908 = CARTESIAN_POINT ( 'NONE',  ( -0.5416666666666666297, 0.0000000000000000000, -2.500000000000000000 ) ) ;
#7909 = EDGE_LOOP ( 'NONE', ( #3454, #5394, #11183, #5526 ) ) ;
#7910 = CARTESIAN_POINT ( 'NONE',  ( 0.3750000000000000000, 0.1000000000000000056, -2.220000000000000195 ) ) ;
#7911 = COLOUR_RGB ( '',1.000000000000000000, 1.000000000000000000, 1.000000000000000000 ) ;
#7912 = EDGE_CURVE ( 'NONE', #7456, #6444, #2322, .T. ) ;
#7913 = ORIENTED_EDGE ( 'NONE', *, *, #9169, .T. ) ;
#7914 = PLANE ( 'NONE',  #2375 ) ;
#7915 = ORIENTED_EDGE ( 'NONE', *, *, #5664, .T. ) ;
#7916 = B_SPLINE_CURVE_WITH_KNOTS ( 'NONE', 3,
 ( #2223, #5935, #405, #9397 ),
 .UNSPECIFIED., .F., .F.,
 ( 4, 4 ),
 ( 0.0000000000000000000, 1.000000000000000000 ),
 .UNSPECIFIED. ) ;
#7917 = ORIENTED_EDGE ( 'NONE', *, *, #5392, .T. ) ;
#7918 = CARTESIAN_POINT ( 'NONE',  ( 0.7621170999436358562, 0.8900000000000000133, -0.2364620946973714222 ) ) ;
#7919 = CARTESIAN_POINT ( 'NONE',  ( -2.500447051772229923, -0.03000000000000000930, -0.1250000000000000000 ) ) ;
#7920 = LINE ( 'NONE', #3578, #9502 ) ;
#7921 = FACE_OUTER_BOUND ( 'NONE', #1973, .T. ) ;
#7922 = FILL_AREA_STYLE ('',( #5432 ) ) ;
#7923 = DIRECTION ( 'NONE',  ( 0.9659996979441241027, -0.0000000000000000000, 0.2585431947893060411 ) ) ;
#7924 = CARTESIAN_POINT ( 'NONE',  ( -1.140123546261919918, 0.8900000000000000133, 0.3094733318067159900 ) ) ;
#7925 = ORIENTED_EDGE ( 'NONE', *, *, #6655, .F. ) ;
#7926 = ADVANCED_FACE ( 'NONE', ( #2433 ), #9842, .T. ) ;
#7927 = ORIENTED_EDGE ( 'NONE', *, *, #9673, .F. ) ;
#7928 = ORIENTED_EDGE ( 'NONE', *, *, #2913, .T. ) ;
#7929 = CARTESIAN_POINT ( 'NONE',  ( -0.2450000000000010225, -0.03000000000000000930, -2.100000000000000089 ) ) ;
#7930 = DIRECTION ( 'NONE',  ( 0.0000000000000000000, -0.0000000000000000000, 1.000000000000000000 ) ) ;
#7931 = ORIENTED_EDGE ( 'NONE', *, *, #11618, .F. ) ;
#7932 = CARTESIAN_POINT ( 'NONE',  ( 0.5564774963275482822, 0.8900000000000002354, -0.2091803055430033198 ) ) ;
#7933 = B_SPLINE_CURVE_WITH_KNOTS ( 'NONE', 3,
 ( #2101, #5742, #9387, #4837 ),
 .UNSPECIFIED., .F., .F.,
 ( 4, 4 ),
 ( 0.0000000000000000000, 1.000000000000000000 ),
 .UNSPECIFIED. ) ;
#7934 = EDGE_CURVE ( 'NONE', #9611, #10850, #5303, .T. ) ;
#7935 = DIRECTION ( 'NONE',  ( -1.000000000000000000, 0.0000000000000000000, 0.0000000000000000000 ) ) ;
#7936 = EDGE_CURVE ( 'NONE', #11607, #3563, #2168, .T. ) ;
#7937 = CARTESIAN_POINT ( 'NONE',  ( -0.8176383990515933009, -0.03000000000000000930, -2.112932771566821799 ) ) ;
#7938 = ORIENTED_EDGE ( 'NONE', *, *, #621, .F. ) ;
#7939 = B_SPLINE_CURVE_WITH_KNOTS ( 'NONE', 3,
 ( #10176, #11124, #1992, #7476 ),
 .UNSPECIFIED., .F., .F.,
 ( 4, 4 ),
 ( 0.0000000000000000000, 1.000000000000000000 ),
 .UNSPECIFIED. ) ;
#7940 = CARTESIAN_POINT ( 'NONE',  ( -2.220000000000000195, 0.1000000000000000056, 0.3750000000000000000 ) ) ;
#7941 = STYLED_ITEM ( 'NONE', ( #1677 ), #7622 ) ;
#7942 = ORIENTED_EDGE ( 'NONE', *, *, #7537, .F. ) ;
#7943 = PLANE ( 'NONE',  #10445 ) ;
#7944 = DIRECTION ( 'NONE',  ( 0.0000000000000000000, 0.0000000000000000000, 1.000000000000000000 ) ) ;
#7945 =( GEOMETRIC_REPRESENTATION_CONTEXT ( 3 ) GLOBAL_UNCERTAINTY_ASSIGNED_CONTEXT ( ( #7282 ) ) GLOBAL_UNIT_ASSIGNED_CONTEXT ( ( #3131, #5944, #2354 ) ) REPRESENTATION_CONTEXT ( 'NONE', 'WORKASPACE' ) );
#7946 = CARTESIAN_POINT ( 'NONE',  ( -0.5664332323023040239, 0.8900000000000000133, -0.1948431851118520020 ) ) ;
#7947 = PLANE ( 'NONE',  #1838 ) ;
#7948 = FACE_OUTER_BOUND ( 'NONE', #6493, .T. ) ;
#7949 = EDGE_LOOP ( 'NONE', ( #6414, #4860, #3082, #3709, #3868, #8200 ) ) ;
#7950 = CARTESIAN_POINT ( 'NONE',  ( -0.03174059687929790124, 0.8900000000000000133, 0.2333369731352570031 ) ) ;
#7951 = FACE_OUTER_BOUND ( 'NONE', #1077, .T. ) ;
#7952 = EDGE_CURVE ( 'NONE', #1423, #4992, #1193, .T. ) ;
#7953 = FACE_OUTER_BOUND ( 'NONE', #5420, .T. ) ;
#7954 = EDGE_LOOP ( 'NONE', ( #6466, #902, #8900, #10698, #11150, #3042, #1836, #8353, #8331, #3980 ) ) ;
#7955 = CARTESIAN_POINT ( 'NONE',  ( -0.3750000000000000000, 0.0000000000000000000, -2.220000000000000195 ) ) ;
#7956 = ORIENTED_EDGE ( 'NONE', *, *, #8024, .T. ) ;
#7957 = B_SPLINE_CURVE_WITH_KNOTS ( 'NONE', 3,
 ( #8611, #507, #454, #7707 ),
 .UNSPECIFIED., .F., .F.,
 ( 4, 4 ),
 ( 0.0000000000000000000, 1.000000000000000000 ),
 .UNSPECIFIED. ) ;
#7958 = CARTESIAN_POINT ( 'NONE',  ( 0.6132989648979390029, 0.8900000000000000133, -0.2630111705044270165 ) ) ;
#7959 = DIRECTION ( 'NONE',  ( 0.0000000000000000000, 1.000000000000000000, -0.0000000000000000000 ) ) ;
#7960 = VERTEX_POINT ( 'NONE', #3396 ) ;
#7961 = CARTESIAN_POINT ( 'NONE',  ( 1.254999999999999893, 0.0000000000000000000, -2.100000000000000089 ) ) ;
#7962 = DIRECTION ( 'NONE',  ( -0.0000000000000000000, 1.000000000000000000, -0.0000000000000000000 ) ) ;
#7963 = AXIS2_PLACEMENT_3D ( 'NONE', #184, #3689, #11084 ) ;
#7964 = CARTESIAN_POINT ( 'NONE',  ( 1.254999999999999893, 0.1000000000000000056, -2.220000000000000195 ) ) ;
#7965 = EDGE_CURVE ( 'NONE', #5969, #156, #11014, .T. ) ;
#7966 = ORIENTED_EDGE ( 'NONE', *, *, #11517, .F. ) ;
#7967 = AXIS2_PLACEMENT_3D ( 'NONE', #11598, #7251, #3366 ) ;
#7968 = EDGE_LOOP ( 'NONE', ( #7677, #829, #5977, #1344, #8289, #11421, #10704, #4522, #2210, #11205, #11340, #10515, #9961, #103, #11080, #1761, #7985, #5651, #3442, #7566, #1277, #2538, #5669, #6316, #500, #9704, #3631, #1032, #10585, #8959, #9069, #3862, #11118, #6371, #3483, #231 ) ) ;
#7969 = VECTOR ( 'NONE', #8974, 1000.000000000000000 ) ;
#7970 = CARTESIAN_POINT ( 'NONE',  ( 2.100000000000000089, 0.0000000000000000000, 1.745000000000000551 ) ) ;
#7971 = ORIENTED_EDGE ( 'NONE', *, *, #2309, .T. ) ;
#7972 = EDGE_LOOP ( 'NONE', ( #3941, #58, #6184, #11354, #5640 ) ) ;
#7973 = FILL_AREA_STYLE ('',( #4295 ) ) ;
#7974 = FACE_OUTER_BOUND ( 'NONE', #8472, .T. ) ;
#7975 =( GEOMETRIC_REPRESENTATION_CONTEXT ( 3 ) GLOBAL_UNCERTAINTY_ASSIGNED_CONTEXT ( ( #3514 ) ) GLOBAL_UNIT_ASSIGNED_CONTEXT ( ( #935, #995, #9272 ) ) REPRESENTATION_CONTEXT ( 'NONE', 'WORKASPACE' ) );
#7976 = CARTESIAN_POINT ( 'NONE',  ( -2.100000000000000089, 0.1000000000000000056, -1.254999999999999893 ) ) ;
#7977 = ADVANCED_FACE ( 'NONE', ( #667 ), #10680, .F. ) ;
#7978 = DIRECTION ( 'NONE',  ( -0.0000000000000000000, 1.000000000000000000, -0.0000000000000000000 ) ) ;
#7979 = CARTESIAN_POINT ( 'NONE',  ( -2.100000000000000533, -0.03000000000000000930, -0.7864159265358973139 ) ) ;
#7980 = EDGE_CURVE ( 'NONE', #8248, #597, #9283, .T. ) ;
#7981 = VERTEX_POINT ( 'NONE', #6317 ) ;
#7982 = STYLED_ITEM ( 'NONE', ( #8705 ), #9553 ) ;
#7983 = FILL_AREA_STYLE ('',( #4414 ) ) ;
#7984 = ORIENTED_EDGE ( 'NONE', *, *, #5680, .F. ) ;
#7985 = ORIENTED_EDGE ( 'NONE', *, *, #7338, .F. ) ;
#7986 = DIRECTION ( 'NONE',  ( 0.0000000000000000000, 0.0000000000000000000, -1.000000000000000000 ) ) ;
#7987 = CARTESIAN_POINT ( 'NONE',  ( 2.500447051772229923, 0.1000000000000000056, -0.3750000000000000000 ) ) ;
#7988 = ORIENTED_EDGE ( 'NONE', *, *, #6722, .F. ) ;
#7989 = CARTESIAN_POINT ( 'NONE',  ( -2.500447051772229923, -0.03000000000000000930, 0.6250000000000000000 ) ) ;
#7990 = CYLINDRICAL_SURFACE ( 'NONE', #2348, 0.5065972192740250124 ) ;
#7991 = SURFACE_SIDE_STYLE ('',( #8048 ) ) ;
#7992 = ADVANCED_FACE ( 'NONE', ( #7214 ), #7437, .F. ) ;
#7993 = CARTESIAN_POINT ( 'NONE',  ( -1.208333333333333481, 0.1000000000000000056, -2.500105095651770082 ) ) ;
#7994 = CARTESIAN_POINT ( 'NONE',  ( 0.7135840734641029082, 0.0000000000000000000, -2.100000000000000533 ) ) ;
#7995 = ADVANCED_FACE ( 'NONE', ( #354 ), #3915, .T. ) ;
#7996 = DIRECTION ( 'NONE',  ( 1.000000000000000000, -0.0000000000000000000, 0.0000000000000000000 ) ) ;
#7997 = DIRECTION ( 'NONE',  ( -0.0000000000000000000, -1.000000000000000000, -0.0000000000000000000 ) ) ;
#7998 = VERTEX_POINT ( 'NONE', #5641 ) ;
#7999 = CYLINDRICAL_SURFACE ( 'NONE', #7967, 0.1199999999999999956 ) ;
#8000 = EDGE_CURVE ( 'NONE', #3460, #2696, #1121, .T. ) ;
#8001 = CARTESIAN_POINT ( 'NONE',  ( -2.220000000000000195, -0.03000000000000000236, 0.7550000000000000044 ) ) ;
#8002 = ORIENTED_EDGE ( 'NONE', *, *, #8285, .F. ) ;
#8003 = CARTESIAN_POINT ( 'NONE',  ( 2.220000000000000195, -0.03000000000000000583, 0.3750000000000000000 ) ) ;
#8004 = CARTESIAN_POINT ( 'NONE',  ( 2.112932771566821799, -0.0000000000000000000, 0.8176383990515933009 ) ) ;
#8005 = B_SPLINE_CURVE_WITH_KNOTS ( 'NONE', 3,
 ( #3540, #688, #7173, #10823 ),
 .UNSPECIFIED., .F., .F.,
 ( 4, 4 ),
 ( 0.0000000000000000000, 1.000000000000000000 ),
 .UNSPECIFIED. ) ;
#8006 = VERTEX_POINT ( 'NONE', #4038 ) ;
#8007 = DIRECTION ( 'NONE',  ( 0.0000000000000000000, 1.000000000000000000, 0.0000000000000000000 ) ) ;
#8008 = ORIENTED_EDGE ( 'NONE', *, *, #6447, .T. ) ;
#8009 = AXIS2_PLACEMENT_3D ( 'NONE', #9663, #10684, #1505 ) ;
#8010 = SURFACE_STYLE_FILL_AREA ( #57 ) ;
#8011 = DIRECTION ( 'NONE',  ( -0.0000000000000000000, -1.000000000000000000, 0.0000000000000000000 ) ) ;
#8012 = ORIENTED_EDGE ( 'NONE', *, *, #10354, .F. ) ;
#8013 = CARTESIAN_POINT ( 'NONE',  ( -1.254999999999999893, -0.03000000000000000583, 2.100000000000000089 ) ) ;
#8014 = CARTESIAN_POINT ( 'NONE',  ( 1.375000000000000000, 0.1000000000000000056, 2.500105095651770082 ) ) ;
#8015 = EDGE_CURVE ( 'NONE', #9081, #2312, #60, .T. ) ;
#8016 = DIRECTION ( 'NONE',  ( 0.0000000000000000000, 0.0000000000000000000, 1.000000000000000000 ) ) ;
#8017 = CARTESIAN_POINT ( 'NONE',  ( -2.100000000000000089, 0.0000000000000000000, -0.2516666666666663166 ) ) ;
#8018 = CARTESIAN_POINT ( 'NONE',  ( -1.555721120312040018, 0.8950000000000001288, 0.1251202963245451882 ) ) ;
#8019 = ORIENTED_EDGE ( 'NONE', *, *, #782, .F. ) ;
#8020 = B_SPLINE_CURVE_WITH_KNOTS ( 'NONE', 3,
 ( #697, #3432, #7776, #6159 ),
 .UNSPECIFIED., .F., .F.,
 ( 4, 4 ),
 ( 0.0000000000000000000, 1.000000000000000000 ),
 .UNSPECIFIED. ) ;
#8021 = UNCERTAINTY_MEASURE_WITH_UNIT (LENGTH_MEASURE( 1.000000000000000082E-05 ), #108, 'distance_accuracy_value', 'NONE');
#8022 =( NAMED_UNIT ( * ) PLANE_ANGLE_UNIT ( ) SI_UNIT ( $, .RADIAN. ) );
#8023 = ORIENTED_EDGE ( 'NONE', *, *, #8451, .F. ) ;
#8024 = EDGE_CURVE ( 'NONE', #8856, #10653, #3465, .T. ) ;
#8025 = VECTOR ( 'NONE', #9464, 1000.000000000000000 ) ;
#8026 = CARTESIAN_POINT ( 'NONE',  ( -1.125000000000000222, 0.1000000000000000056, 2.500105095651770082 ) ) ;
#8027 = ORIENTED_EDGE ( 'NONE', *, *, #3511, .F. ) ;
#8028 = ORIENTED_EDGE ( 'NONE', *, *, #10350, .T. ) ;
#8029 = CARTESIAN_POINT ( 'NONE',  ( 1.137932771566822376, -0.03000000000000000930, 2.157361600948406011 ) ) ;
#8030 =( NAMED_UNIT ( * ) PLANE_ANGLE_UNIT ( ) SI_UNIT ( $, .RADIAN. ) );
#8031 = CARTESIAN_POINT ( 'NONE',  ( -1.875000000000000000, 0.0000000000000000000, 2.220000000000000195 ) ) ;
#8032 =( NAMED_UNIT ( * ) PLANE_ANGLE_UNIT ( ) SI_UNIT ( $, .RADIAN. ) );
#8033 = DIRECTION ( 'NONE',  ( 0.0000000000000000000, 0.0000000000000000000, -1.000000000000000000 ) ) ;
#8034 = CYLINDRICAL_SURFACE ( 'NONE', #6400, 0.1199999999999998845 ) ;
#8035 = CARTESIAN_POINT ( 'NONE',  ( 2.500447051772229923, -0.03000000000000000930, -0.3750000000000000000 ) ) ;
#8036 = VECTOR ( 'NONE', #3352, 1000.000000000000000 ) ;
#8037 = FILL_AREA_STYLE ('',( #6980 ) ) ;
#8038 = EDGE_LOOP ( 'NONE', ( #9134, #6000, #10402, #9814 ) ) ;
#8039 = VERTEX_POINT ( 'NONE', #637 ) ;
#8040 = EDGE_CURVE ( 'NONE', #3956, #10792, #2233, .T. ) ;
#8041 = ORIENTED_EDGE ( 'NONE', *, *, #5663, .T. ) ;
#8042 = CARTESIAN_POINT ( 'NONE',  ( 2.500000000000000000, 0.0000000000000000000, 0.8750000000000001110 ) ) ;
#8043 = PRESENTATION_LAYER_ASSIGNMENT (  '', '', ( #10175 ) ) ;
#8044 = DIRECTION ( 'NONE',  ( 0.0000000000000000000, 1.000000000000000000, 0.0000000000000000000 ) ) ;
#8045 = CARTESIAN_POINT ( 'NONE',  ( -1.139044309599930083, 0.9000000000000001332, 0.1310849950463950087 ) ) ;
#8046 = ORIENTED_EDGE ( 'NONE', *, *, #9698, .T. ) ;
#8047 = CARTESIAN_POINT ( 'NONE',  ( 0.6250000000000001110, 0.1000000000000000194, -2.500052547825884819 ) ) ;
#8048 = SURFACE_STYLE_FILL_AREA ( #8176 ) ;
#8049 = CARTESIAN_POINT ( 'NONE',  ( 2.500000000000000000, 0.0000000000000000000, -0.3750000000000000000 ) ) ;
#8050 = CARTESIAN_POINT ( 'NONE',  ( 1.862067228433177402, -0.03000000000000001277, 2.157361600948406455 ) ) ;
#8051 = VERTEX_POINT ( 'NONE', #4095 ) ;
#8052 = ADVANCED_FACE ( 'NONE', ( #7833 ), #8684, .F. ) ;
#8053 = EDGE_CURVE ( 'NONE', #11741, #9971, #4041, .T. ) ;
#8054 = FACE_OUTER_BOUND ( 'NONE', #3706, .T. ) ;
#8055 = CARTESIAN_POINT ( 'NONE',  ( -0.1250000000000000000, 0.0000000000000000000, -2.220000000000000195 ) ) ;
#8056 = ORIENTED_EDGE ( 'NONE', *, *, #6086, .F. ) ;
#8057 = B_SPLINE_CURVE_WITH_KNOTS ( 'NONE', 3,
 ( #7482, #4616, #11130, #8190 ),
 .UNSPECIFIED., .F., .F.,
 ( 4, 4 ),
 ( 0.0000000000000000000, 1.000000000000000000 ),
 .UNSPECIFIED. ) ;
#8058 = CARTESIAN_POINT ( 'NONE',  ( 0.8750000000000001110, 0.0000000000000000000, 2.220000000000000195 ) ) ;
#8059 = VECTOR ( 'NONE', #10907, 1000.000000000000000 ) ;
#8060 = SURFACE_STYLE_USAGE ( .BOTH. , #6048 ) ;
#8061 = CARTESIAN_POINT ( 'NONE',  ( -1.745000000000000329, -0.03000000000000000583, 2.100000000000000089 ) ) ;
#8062 = ORIENTED_EDGE ( 'NONE', *, *, #2327, .F. ) ;
#8063 = DIRECTION ( 'NONE',  ( -0.0000000000000000000, -1.000000000000000000, 0.0000000000000000000 ) ) ;
#8064 = ORIENTED_EDGE ( 'NONE', *, *, #8425, .F. ) ;
#8065 = LINE ( 'NONE', #5406, #4570 ) ;
#8066 = EDGE_CURVE ( 'NONE', #8993, #10996, #417, .T. ) ;
#8067 = ORIENTED_EDGE ( 'NONE', *, *, #8781, .T. ) ;
#8068 = ADVANCED_FACE ( 'NONE', ( #7669 ), #3346, .T. ) ;
#8069 = PLANE ( 'NONE',  #2741 ) ;
#8070 = ORIENTED_EDGE ( 'NONE', *, *, #5478, .F. ) ;
#8071 = DIRECTION ( 'NONE',  ( -1.000000000000000000, 0.0000000000000000000, -0.0000000000000000000 ) ) ;
#8072 = ORIENTED_EDGE ( 'NONE', *, *, #9505, .F. ) ;
#8073 = CARTESIAN_POINT ( 'NONE',  ( 0.3749999999999998890, 0.06666666666666669350, 2.500105095651770082 ) ) ;
#8074 = CARTESIAN_POINT ( 'NONE',  ( 0.7864159265358980910, 0.0000000000000000000, -2.100000000000000089 ) ) ;
#8075 = PRESENTATION_STYLE_ASSIGNMENT (( #6302 ) ) ;
#8076 = SURFACE_STYLE_USAGE ( .BOTH. , #3566 ) ;
#8077 = DIRECTION ( 'NONE',  ( -0.0000000000000000000, 1.000000000000000000, -0.0000000000000000000 ) ) ;
#8078 = LINE ( 'NONE', #2673, #148 ) ;
#8079 = VECTOR ( 'NONE', #7092, 1000.000000000000000 ) ;
#8080 = PRESENTATION_STYLE_ASSIGNMENT (( #4342 ) ) ;
#8081 = EDGE_LOOP ( 'NONE', ( #6705, #2854, #10070, #2124, #5351, #1685 ) ) ;
#8082 = EDGE_CURVE ( 'NONE', #9268, #9011, #5822, .T. ) ;
#8083 = EDGE_CURVE ( 'NONE', #9252, #3853, #4556, .T. ) ;
#8084 = EDGE_CURVE ( 'NONE', #3647, #8885, #5019, .T. ) ;
#8085 =( LENGTH_UNIT ( ) NAMED_UNIT ( * ) SI_UNIT ( .MILLI., .METRE. ) );
#8086 = ORIENTED_EDGE ( 'NONE', *, *, #6297, .F. ) ;
#8087 = CARTESIAN_POINT ( 'NONE',  ( -1.125000000000000222, -0.03000000000000000583, -2.220000000000000195 ) ) ;
#8088 = B_SPLINE_CURVE_WITH_KNOTS ( 'NONE', 3,
 ( #10892, #1633, #4492, #11592 ),
 .UNSPECIFIED., .F., .F.,
 ( 4, 4 ),
 ( 0.0000000000000000000, 1.000000000000000000 ),
 .UNSPECIFIED. ) ;
#8089 = VERTEX_POINT ( 'NONE', #46 ) ;
#8090 = ORIENTED_EDGE ( 'NONE', *, *, #4302, .F. ) ;
#8091 = DIRECTION ( 'NONE',  ( 0.0000000000000000000, 0.0000000000000000000, -1.000000000000000000 ) ) ;
#8092 = CARTESIAN_POINT ( 'NONE',  ( -2.100000000000000089, 0.0000000000000000000, -1.254999999999999893 ) ) ;
#8093 = CARTESIAN_POINT ( 'NONE',  ( -2.083333333333333481, 0.0000000000000000000, 2.500000000000000000 ) ) ;
#8094 = SURFACE_STYLE_FILL_AREA ( #2621 ) ;
#8095 = SURFACE_SIDE_STYLE ('',( #78 ) ) ;
#8096 = CARTESIAN_POINT ( 'NONE',  ( 2.112932771566821799, -0.0000000000000000000, 0.3176383990515933009 ) ) ;
#8097 = UNCERTAINTY_MEASURE_WITH_UNIT (LENGTH_MEASURE( 1.000000000000000082E-05 ), #178, 'distance_accuracy_value', 'NONE');
#8098 = DIRECTION ( 'NONE',  ( 0.0000000000000000000, 1.000000000000000000, 0.0000000000000000000 ) ) ;
#8099 = CARTESIAN_POINT ( 'NONE',  ( -1.374999999999999778, 0.1000000000000000194, -2.500052547825884819 ) ) ;
#8100 = ORIENTED_EDGE ( 'NONE', *, *, #5332, .F. ) ;
#8101 = VECTOR ( 'NONE', #8987, 1000.000000000000000 ) ;
#8102 = CARTESIAN_POINT ( 'NONE',  ( 2.188584073464102442, -0.03000000000000000930, 0.1249999999999999722 ) ) ;
#8103 = VECTOR ( 'NONE', #5386, 1000.000000000000000 ) ;
#8104 = DIRECTION ( 'NONE',  ( 0.0000000000000000000, -1.000000000000000000, 0.0000000000000000000 ) ) ;
#8105 = VERTEX_POINT ( 'NONE', #8982 ) ;
#8106 = ADVANCED_FACE ( 'NONE', ( #3488 ), #7943, .T. ) ;
#8107 = ORIENTED_EDGE ( 'NONE', *, *, #5350, .F. ) ;
#8108 = VECTOR ( 'NONE', #10208, 1000.000000000000000 ) ;
#8109 = CARTESIAN_POINT ( 'NONE',  ( -1.625000000000000222, -0.03000000000000000930, -2.500105095651770082 ) ) ;
#8110 = CARTESIAN_POINT ( 'NONE',  ( -2.500000000000000000, 0.0000000000000000000, 0.4583333333333326487 ) ) ;
#8111 = ORIENTED_EDGE ( 'NONE', *, *, #9607, .F. ) ;
#8112 = DIRECTION ( 'NONE',  ( -0.0000000000000000000, -1.000000000000000000, -0.0000000000000000000 ) ) ;
#8113 = CARTESIAN_POINT ( 'NONE',  ( -2.157361600948405123, -0.0000000000000000000, 0.6379327715668227095 ) ) ;
#8114 = CARTESIAN_POINT ( 'NONE',  ( -2.112932771566821799, -0.03000000000000000930, 0.8176383990515933009 ) ) ;
#8115 = PRESENTATION_STYLE_ASSIGNMENT (( #7298 ) ) ;
#8116 = EDGE_CURVE ( 'NONE', #2161, #7780, #6441, .T. ) ;
#8117 = CYLINDRICAL_SURFACE ( 'NONE', #9888, 0.1199999999999998845 ) ;
#8118 = DIRECTION ( 'NONE',  ( 0.0000000000000000000, -0.0000000000000000000, 1.000000000000000000 ) ) ;
#8119 = CARTESIAN_POINT ( 'NONE',  ( -2.500000000000000000, 0.0000000000000000000, -1.041666666666666963 ) ) ;
#8120 = ORIENTED_EDGE ( 'NONE', *, *, #11066, .T. ) ;
#8121 = CARTESIAN_POINT ( 'NONE',  ( 1.875000000000000000, 0.06666666666666666574, -2.500105095651770082 ) ) ;
#8122 = VECTOR ( 'NONE', #762, 1000.000000000000000 ) ;
#8123 = DIRECTION ( 'NONE',  ( 1.000000000000000000, 0.0000000000000000000, -0.0000000000000000000 ) ) ;
#8124 = CARTESIAN_POINT ( 'NONE',  ( -0.6478087648646909669, 0.8900000000000000133, 0.3083217570670889751 ) ) ;
#8125 = CARTESIAN_POINT ( 'NONE',  ( 1.745313572323379914, 0.9000000000000001332, -0.3316052058057050167 ) ) ;
#8126 = CARTESIAN_POINT ( 'NONE',  ( 0.3750000000000000000, 0.0000000000000000000, 2.406666666666666732 ) ) ;
#8127 = EDGE_CURVE ( 'NONE', #11682, #8089, #7001, .T. ) ;
#8128 = LINE ( 'NONE', #822, #7831 ) ;
#8129 = EDGE_CURVE ( 'NONE', #2699, #5126, #3886, .T. ) ;
#8130 = ORIENTED_EDGE ( 'NONE', *, *, #6601, .F. ) ;
#8131 = CARTESIAN_POINT ( 'NONE',  ( -1.625000000000000222, 0.0000000000000000000, -2.500000000000000000 ) ) ;
#8132 = B_SPLINE_CURVE_WITH_KNOTS ( 'NONE', 3,
 ( #4504, #9103, #8257, #4447, #4386, #11789 ),
 .UNSPECIFIED., .F., .F.,
 ( 4, 2, 4 ),
 ( 0.0000000000000000000, 0.5000000000000000000, 1.000000000000000000 ),
 .UNSPECIFIED. ) ;
#8133 = VECTOR ( 'NONE', #10987, 1000.000000000000000 ) ;
#8134 = VERTEX_POINT ( 'NONE', #5400 ) ;
#8135 = CARTESIAN_POINT ( 'NONE',  ( 2.500000000000000000, 0.0000000000000000000, 0.6250000000000000000 ) ) ;
#8136 = VERTEX_POINT ( 'NONE', #6344 ) ;
#8137 = DIRECTION ( 'NONE',  ( -1.000000000000000000, 0.0000000000000000000, -0.0000000000000000000 ) ) ;
#8138 = ORIENTED_EDGE ( 'NONE', *, *, #2905, .T. ) ;
#8139 = CARTESIAN_POINT ( 'NONE',  ( 2.100000000000000089, -0.03000000000000000930, 0.7135840734641027971 ) ) ;
#8140 = FILL_AREA_STYLE ('',( #11672 ) ) ;
#8141 = DIRECTION ( 'NONE',  ( -0.0000000000000000000, 1.000000000000000000, -0.0000000000000000000 ) ) ;
#8142 = PLANE ( 'NONE',  #1510 ) ;
#8143 = SURFACE_SIDE_STYLE ('',( #4455 ) ) ;
#8144 = CARTESIAN_POINT ( 'NONE',  ( -2.500447051772229923, 0.1000000000000000056, -0.7916666666666666297 ) ) ;
#8145 = PLANE ( 'NONE',  #8994 ) ;
#8146 = EDGE_CURVE ( 'NONE', #4631, #1618, #2025, .T. ) ;
#8147 = ORIENTED_EDGE ( 'NONE', *, *, #227, .T. ) ;
#8148 = AXIS2_PLACEMENT_3D ( 'NONE', #1937, #9156, #4723 ) ;
#8149 = ORIENTED_EDGE ( 'NONE', *, *, #3766, .F. ) ;
#8150 =( LENGTH_UNIT ( ) NAMED_UNIT ( * ) SI_UNIT ( .MILLI., .METRE. ) );
#8151 = ORIENTED_EDGE ( 'NONE', *, *, #7379, .F. ) ;
#8152 = VECTOR ( 'NONE', #679, 1000.000000000000000 ) ;
#8153 = VECTOR ( 'NONE', #4575, 1000.000000000000000 ) ;
#8154 = ORIENTED_EDGE ( 'NONE', *, *, #10734, .F. ) ;
#8155 = EDGE_CURVE ( 'NONE', #1361, #10679, #6158, .T. ) ;
#8156 =( NAMED_UNIT ( * ) SI_UNIT ( $, .STERADIAN. ) SOLID_ANGLE_UNIT ( ) );
#8157 = APPLICATION_CONTEXT ( 'automotive_design' ) ;
#8158 = CARTESIAN_POINT ( 'NONE',  ( -1.625000000000000222, 0.0000000000000000000, 2.500000000000000000 ) ) ;
#8159 = LINE ( 'NONE', #8954, #3233 ) ;
#8160 = CARTESIAN_POINT ( 'NONE',  ( 2.500000000000000000, 0.0000000000000000000, -0.8750000000000001110 ) ) ;
#8161 = LINE ( 'NONE', #8280, #10513 ) ;
#8162 = CARTESIAN_POINT ( 'NONE',  ( -2.220000000000000195, 0.1000000000000000056, 1.625000000000000222 ) ) ;
#8163 = CARTESIAN_POINT ( 'NONE',  ( 0.8750000000000000000, 0.1000000000000000056, -2.220000000000000195 ) ) ;
#8164 = B_SPLINE_CURVE_WITH_KNOTS ( 'NONE', 3,
 ( #7220, #10875, #1742, #7398 ),
 .UNSPECIFIED., .F., .F.,
 ( 4, 4 ),
 ( 0.0000000000000000000, 1.000000000000000000 ),
 .UNSPECIFIED. ) ;
#8165 = CARTESIAN_POINT ( 'NONE',  ( 0.3750000000000000000, -0.03000000000000000583, 2.220000000000000195 ) ) ;
#8166 = AXIS2_PLACEMENT_3D ( 'NONE', #5861, #5924, #7749 ) ;
#8167 = ORIENTED_EDGE ( 'NONE', *, *, #10717, .F. ) ;
#8168 = VERTEX_POINT ( 'NONE', #7181 ) ;
#8169 = VECTOR ( 'NONE', #1261, 1000.000000000000000 ) ;
#8170 = ORIENTED_EDGE ( 'NONE', *, *, #6609, .T. ) ;
#8171 = CARTESIAN_POINT ( 'NONE',  ( 0.0000000000000000000, 0.9000000000000001332, 0.2333369731352570031 ) ) ;
#8172 = CARTESIAN_POINT ( 'NONE',  ( 0.1250000000000000555, 0.1000000000000000194, 2.500052547825884819 ) ) ;
#8173 = LINE ( 'NONE', #8903, #333 ) ;
#8174 = ORIENTED_EDGE ( 'NONE', *, *, #2289, .T. ) ;
#8175 = LINE ( 'NONE', #1984, #2632 ) ;
#8176 = FILL_AREA_STYLE ('',( #4427 ) ) ;
#8177 = ADVANCED_FACE ( 'NONE', ( #4495 ), #11775, .T. ) ;
#8178 = CARTESIAN_POINT ( 'NONE',  ( -2.188584073464102886, -0.03000000000000000930, 1.625000000000000222 ) ) ;
#8179 = VECTOR ( 'NONE', #2437, 1000.000000000000000 ) ;
#8180 = CARTESIAN_POINT ( 'NONE',  ( 0.6823616009484068101, -0.0000000000000000000, -2.112932771566822687 ) ) ;
#8181 = UNCERTAINTY_MEASURE_WITH_UNIT (LENGTH_MEASURE( 1.000000000000000082E-05 ), #790, 'distance_accuracy_value', 'NONE');
#8182 = VECTOR ( 'NONE', #30, 1000.000000000000000 ) ;
#8183 = VERTEX_POINT ( 'NONE', #2771 ) ;
#8184 = DIRECTION ( 'NONE',  ( -1.000000000000000000, 0.0000000000000000000, -0.0000000000000000000 ) ) ;
#8185 = EDGE_CURVE ( 'NONE', #7078, #7819, #2999, .T. ) ;
#8186 = CARTESIAN_POINT ( 'NONE',  ( 0.6250000000000001110, 0.1000000000000000194, -2.500052547825884819 ) ) ;
#8187 = VERTEX_POINT ( 'NONE', #6650 ) ;
#8188 = ORIENTED_EDGE ( 'NONE', *, *, #3880, .T. ) ;
#8189 = CARTESIAN_POINT ( 'NONE',  ( -0.2281496047916529990, 0.8900000000000000133, 0.3083217570670889751 ) ) ;
#8190 = CARTESIAN_POINT ( 'NONE',  ( 1.125000000000000222, 0.1000000000000000194, 2.500052547825884819 ) ) ;
#8191 = CYLINDRICAL_SURFACE ( 'NONE', #7239, 0.1499999999999999667 ) ;
#8192 = LINE ( 'NONE', #3675, #6807 ) ;
#8193 = CARTESIAN_POINT ( 'NONE',  ( -1.875000000000000000, 0.0000000000000000000, 2.500000000000000000 ) ) ;
#8194 = CARTESIAN_POINT ( 'NONE',  ( -2.500000000000000000, 0.0000000000000000000, -2.083333333333333481 ) ) ;
#8195 = VERTEX_POINT ( 'NONE', #4667 ) ;
#8196 = PLANE ( 'NONE',  #661 ) ;
#8197 = VERTEX_POINT ( 'NONE', #10115 ) ;
#8198 = DIRECTION ( 'NONE',  ( -0.0000000000000000000, 1.000000000000000000, 0.0000000000000000000 ) ) ;
#8199 = EDGE_CURVE ( 'NONE', #7277, #4221, #7480, .T. ) ;
#8200 = ORIENTED_EDGE ( 'NONE', *, *, #7885, .F. ) ;
#8201 = CARTESIAN_POINT ( 'NONE',  ( 2.188584073464102442, -0.03000000000000000930, 0.6250000000000001110 ) ) ;
#8202 = CARTESIAN_POINT ( 'NONE',  ( -2.100000000000000089, 0.1000000000000000056, 1.245000000000000329 ) ) ;
#8203 = DIRECTION ( 'NONE',  ( -1.000000000000000000, 0.0000000000000000000, -0.0000000000000000000 ) ) ;
#8204 = PLANE ( 'NONE',  #1342 ) ;
#8205 = DIRECTION ( 'NONE',  ( 0.0000000000000000000, 0.0000000000000000000, 1.000000000000000000 ) ) ;
#8206 = CARTESIAN_POINT ( 'NONE',  ( 0.3154900787141289853, 0.8900000000000000133, 0.03479771567938359789 ) ) ;
#8207 = ORIENTED_EDGE ( 'NONE', *, *, #7402, .F. ) ;
#8208 = VECTOR ( 'NONE', #1787, 1000.000000000000000 ) ;
#8209 = B_SPLINE_SURFACE_WITH_KNOTS ( 'NONE', 3, 1, ( 
 ( #2178, #4098 ),
 ( #8687, #7723 ),
 ( #11375, #3196 ),
 ( #529, #1584 ),
 ( #6104, #10594 ),
 ( #7000, #5158 ),
 ( #5402, #7184 ) ),
 .UNSPECIFIED., .F., .F., .F.,
 ( 4, 1, 1, 1, 4 ),
 ( 2, 2 ),
 ( 0.0000000000000000000, 0.2500000000000000000, 0.5000000000000000000, 0.7500000000000000000, 1.000000000000000000 ),
 ( 0.0000000000000000000, 1.000000000000000000 ),
 .UNSPECIFIED. ) ;
#8210 = CARTESIAN_POINT ( 'NONE',  ( -1.245000000000000329, -0.03000000000000000930, 2.100000000000000089 ) ) ;
#8211 = ORIENTED_EDGE ( 'NONE', *, *, #3705, .T. ) ;
#8212 = CARTESIAN_POINT ( 'NONE',  ( -0.3750000000000000000, 0.1000000000000000056, 2.500105095651770082 ) ) ;
#8213 = EDGE_CURVE ( 'NONE', #9267, #5731, #7582, .T. ) ;
#8214 = ORIENTED_EDGE ( 'NONE', *, *, #2155, .T. ) ;
#8215 = EDGE_LOOP ( 'NONE', ( #1619, #941, #6003, #1932, #6477, #8275 ) ) ;
#8216 = VECTOR ( 'NONE', #11030, 1000.000000000000000 ) ;
#8217 = FILL_AREA_STYLE ('',( #4634 ) ) ;
#8218 = DIRECTION ( 'NONE',  ( 0.0000000000000000000, 0.0000000000000000000, -1.000000000000000000 ) ) ;
#8219 = PRESENTATION_STYLE_ASSIGNMENT (( #11746 ) ) ;
#8220 = CARTESIAN_POINT ( 'NONE',  ( -2.220000000000000195, 0.0000000000000000000, 1.875000000000000000 ) ) ;
#8221 = UNCERTAINTY_MEASURE_WITH_UNIT (LENGTH_MEASURE( 1.000000000000000082E-05 ), #3846, 'distance_accuracy_value', 'NONE');
#8222 = DIRECTION ( 'NONE',  ( -0.0000000000000000000, -1.000000000000000000, 0.0000000000000000000 ) ) ;
#8223 =( NAMED_UNIT ( * ) SI_UNIT ( $, .STERADIAN. ) SOLID_ANGLE_UNIT ( ) );
#8224 = CARTESIAN_POINT ( 'NONE',  ( -0.6250000000000000000, 0.0000000000000000000, 2.500000000000000000 ) ) ;
#8225 = ADVANCED_FACE ( 'NONE', ( #10290 ), #7424, .T. ) ;
#8226 = AXIS2_PLACEMENT_3D ( 'NONE', #7346, #1216, #4830 ) ;
#8227 = VERTEX_POINT ( 'NONE', #4785 ) ;
#8228 = VERTEX_POINT ( 'NONE', #10953 ) ;
#8229 = EDGE_CURVE ( 'NONE', #9716, #4763, #10149, .T. ) ;
#8230 = ORIENTED_EDGE ( 'NONE', *, *, #9871, .F. ) ;
#8231 = SURFACE_STYLE_FILL_AREA ( #150 ) ;
#8232 = CARTESIAN_POINT ( 'NONE',  ( 2.500447051772229923, 0.1000000000000000056, -0.6250000000000000000 ) ) ;
#8233 = PLANE ( 'NONE',  #1280 ) ;
#8234 = ORIENTED_EDGE ( 'NONE', *, *, #5180, .F. ) ;
#8235 = CARTESIAN_POINT ( 'NONE',  ( -2.500000000000000000, 0.0000000000000000000, -2.500000000000000000 ) ) ;
#8236 = SURFACE_SIDE_STYLE ('',( #10942 ) ) ;
#8237 = CARTESIAN_POINT ( 'NONE',  ( 2.100000000000000089, 0.1000000000000000056, -0.7549999999999990052 ) ) ;
#8238 = CARTESIAN_POINT ( 'NONE',  ( 1.875000000000000000, -0.03000000000000000930, -2.500105095651770082 ) ) ;
#8239 = CARTESIAN_POINT ( 'NONE',  ( -1.514735242883239907, 0.9000000000000005773, -0.1290124421508400121 ) ) ;
#8240 = EDGE_CURVE ( 'NONE', #10653, #4413, #5879, .T. ) ;
#8241 = B_SPLINE_CURVE_WITH_KNOTS ( 'NONE', 3,
 ( #860, #3594, #11698, #4482 ),
 .UNSPECIFIED., .F., .F.,
 ( 4, 4 ),
 ( 0.0000000000000000000, 1.000000000000000000 ),
 .UNSPECIFIED. ) ;
#8242 = ORIENTED_EDGE ( 'NONE', *, *, #984, .T. ) ;
#8243 = COLOUR_RGB ( '',1.000000000000000000, 1.000000000000000000, 1.000000000000000000 ) ;
#8244 = EDGE_CURVE ( 'NONE', #1922, #2170, #1047, .T. ) ;
#8245 = PLANE ( 'NONE',  #10863 ) ;
#8246 = CARTESIAN_POINT ( 'NONE',  ( 2.500000000000000000, 0.0000000000000000000, -1.875000000000000000 ) ) ;
#8247 = ORIENTED_EDGE ( 'NONE', *, *, #9343, .F. ) ;
#8248 = VERTEX_POINT ( 'NONE', #11412 ) ;
#8249 = CARTESIAN_POINT ( 'NONE',  ( -0.7450000000000009948, -0.03000000000000000930, 2.100000000000000089 ) ) ;
#8250 = CARTESIAN_POINT ( 'NONE',  ( 2.100000000000000089, -0.03000000000000000930, 1.213584073464102353 ) ) ;
#8251 = CARTESIAN_POINT ( 'NONE',  ( -1.375000000000000000, 0.06666666666666669350, -2.500105095651770082 ) ) ;
#8252 = FACE_OUTER_BOUND ( 'NONE', #11, .T. ) ;
#8253 = DIRECTION ( 'NONE',  ( -0.0000000000000000000, 1.000000000000000000, 0.0000000000000000000 ) ) ;
#8254 = EDGE_CURVE ( 'NONE', #5408, #823, #4715, .T. ) ;
#8255 = ORIENTED_EDGE ( 'NONE', *, *, #2405, .F. ) ;
#8256 = ADVANCED_FACE ( 'NONE', ( #6879 ), #5981, .T. ) ;
#8257 = CARTESIAN_POINT ( 'NONE',  ( -2.112932771566822687, -0.03000000000000001277, -0.3176383990515933564 ) ) ;
#8258 = CARTESIAN_POINT ( 'NONE',  ( -1.417263123745039932, 0.9000000000000015765, 0.04339776913695130717 ) ) ;
#8259 = AXIS2_PLACEMENT_3D ( 'NONE', #7074, #9533, #8694 ) ;
#8260 = CARTESIAN_POINT ( 'NONE',  ( 2.500223525886114739, 0.1000000000000000194, 0.1250000000000000555 ) ) ;
#8261 = CARTESIAN_POINT ( 'NONE',  ( 2.220000000000000195, -0.03000000000000000583, -1.625000000000000222 ) ) ;
#8262 = CARTESIAN_POINT ( 'NONE',  ( -0.7135840734641021310, 0.0000000000000000000, -2.100000000000000089 ) ) ;
#8263 = B_SPLINE_CURVE_WITH_KNOTS ( 'NONE', 3,
 ( #7955, #2537, #5954, #9822 ),
 .UNSPECIFIED., .F., .F.,
 ( 4, 4 ),
 ( 0.0000000000000000000, 1.000000000000000000 ),
 .UNSPECIFIED. ) ;
#8264 = CARTESIAN_POINT ( 'NONE',  ( -0.6250000000000000000, -0.03000000000000000583, 2.220000000000000195 ) ) ;
#8265 = FILL_AREA_STYLE_COLOUR ( '', #4546 ) ;
#8266 =( NAMED_UNIT ( * ) SI_UNIT ( $, .STERADIAN. ) SOLID_ANGLE_UNIT ( ) );
#8267 = CARTESIAN_POINT ( 'NONE',  ( 2.220000000000000195, -0.03000000000000000236, -0.7449999999999999956 ) ) ;
#8268 = ORIENTED_EDGE ( 'NONE', *, *, #9830, .T. ) ;
#8269 = ADVANCED_FACE ( 'NONE', ( #1355 ), #5144, .F. ) ;
#8270 = B_SPLINE_CURVE_WITH_KNOTS ( 'NONE', 3,
 ( #11629, #9662, #1504, #5133, #7098, #6136 ),
 .UNSPECIFIED., .F., .F.,
 ( 4, 2, 4 ),
 ( 0.0000000000000000000, 0.5000000000000000000, 1.000000000000000000 ),
 .UNSPECIFIED. ) ;
#8271 = CARTESIAN_POINT ( 'NONE',  ( -2.499999999999999556, 0.0000000000000000000, 1.125000000000000222 ) ) ;
#8272 = ORIENTED_EDGE ( 'NONE', *, *, #9249, .T. ) ;
#8273 = ORIENTED_EDGE ( 'NONE', *, *, #6165, .F. ) ;
#8274 = COLOUR_RGB ( '',1.000000000000000000, 1.000000000000000000, 1.000000000000000000 ) ;
#8275 = ORIENTED_EDGE ( 'NONE', *, *, #1601, .F. ) ;
#8276 = STYLED_ITEM ( 'NONE', ( #11212 ), #4231 ) ;
#8277 = CARTESIAN_POINT ( 'NONE',  ( 2.100000000000000089, 0.1000000000000000056, 1.745000000000000329 ) ) ;
#8278 = LINE ( 'NONE', #6616, #8169 ) ;
#8279 = CARTESIAN_POINT ( 'NONE',  ( 1.625000000000000222, -0.03000000000000000583, 2.220000000000000195 ) ) ;
#8280 = CARTESIAN_POINT ( 'NONE',  ( -0.1412354234161199984, 0.8900000000000000133, 0.3083217570670889751 ) ) ;
#8281 = CARTESIAN_POINT ( 'NONE',  ( -2.220000000000000195, 0.1000000000000000056, -1.745000000000000329 ) ) ;
#8282 = ORIENTED_EDGE ( 'NONE', *, *, #4435, .T. ) ;
#8283 = CARTESIAN_POINT ( 'NONE',  ( -1.375000000000000000, 0.06666666666666666574, 2.500105095651770082 ) ) ;
#8284 = EDGE_CURVE ( 'NONE', #9484, #3818, #6742, .T. ) ;
#8285 = EDGE_CURVE ( 'NONE', #2924, #7192, #8703, .T. ) ;
#8286 = VECTOR ( 'NONE', #116, 1000.000000000000000 ) ;
#8287 = EDGE_LOOP ( 'NONE', ( #5574, #2886, #4357, #9135 ) ) ;
#8288 = CARTESIAN_POINT ( 'NONE',  ( 2.500223525886114739, 0.1000000000000000194, -0.6250000000000001110 ) ) ;
#8289 = ORIENTED_EDGE ( 'NONE', *, *, #10187, .F. ) ;
#8290 = LINE ( 'NONE', #9378, #9568 ) ;
#8291 = CARTESIAN_POINT ( 'NONE',  ( -1.650730249952940154, 0.8900000000000000133, -0.2566204218738730169 ) ) ;
#8292 = ORIENTED_EDGE ( 'NONE', *, *, #7965, .T. ) ;
#8293 = CARTESIAN_POINT ( 'NONE',  ( -2.500447051772229923, 0.1000000000000000056, -1.875000000000000000 ) ) ;
#8294 =( GEOMETRIC_REPRESENTATION_CONTEXT ( 3 ) GLOBAL_UNCERTAINTY_ASSIGNED_CONTEXT ( ( #11067 ) ) GLOBAL_UNIT_ASSIGNED_CONTEXT ( ( #2122, #356, #4857 ) ) REPRESENTATION_CONTEXT ( 'NONE', 'WORKASPACE' ) );
#8295 = DIRECTION ( 'NONE',  ( 0.0000000000000000000, 0.0000000000000000000, -1.000000000000000000 ) ) ;
#8296 = VECTOR ( 'NONE', #3476, 1000.000000000000000 ) ;
#8297 = CARTESIAN_POINT ( 'NONE',  ( -2.220000000000000195, -0.03000000000000000583, 0.3750000000000000000 ) ) ;
#8298 = VERTEX_POINT ( 'NONE', #5806 ) ;
#8299 = CARTESIAN_POINT ( 'NONE',  ( -1.625000000000000222, -0.03000000000000000236, 2.186642666723539907 ) ) ;
#8300 = EDGE_CURVE ( 'NONE', #9309, #8868, #7820, .T. ) ;
#8301 = CARTESIAN_POINT ( 'NONE',  ( -15.55649400896630041, 0.8900000000000000133, -3.953400012226209626 ) ) ;
#8302 = VECTOR ( 'NONE', #6196, 1000.000000000000000 ) ;
#8303 = ORIENTED_EDGE ( 'NONE', *, *, #8393, .T. ) ;
#8304 = CARTESIAN_POINT ( 'NONE',  ( 1.625000000000000222, 0.03333333333333334675, -2.500105095651770082 ) ) ;
#8305 = DIRECTION ( 'NONE',  ( 1.000000000000000000, 0.0000000000000000000, -0.0000000000000000000 ) ) ;
#8306 = EDGE_LOOP ( 'NONE', ( #11109, #6747, #4611, #1652 ) ) ;
#8307 = ORIENTED_EDGE ( 'NONE', *, *, #3240, .F. ) ;
#8308 =( NAMED_UNIT ( * ) SI_UNIT ( $, .STERADIAN. ) SOLID_ANGLE_UNIT ( ) );
#8309 = DIRECTION ( 'NONE',  ( 0.0000000000000000000, -1.000000000000000000, 0.0000000000000000000 ) ) ;
#8310 = LINE ( 'NONE', #4789, #5714 ) ;
#8311 = DIRECTION ( 'NONE',  ( 0.0000000000000000000, -1.000000000000000000, -0.0000000000000000000 ) ) ;
#8312 = FILL_AREA_STYLE_COLOUR ( '', #2704 ) ;
#8313 = EDGE_CURVE ( 'NONE', #4289, #6487, #6416, .T. ) ;
#8314 = CARTESIAN_POINT ( 'NONE',  ( -1.125000000000000222, 0.1000000000000000056, 2.500105095651770082 ) ) ;
#8315 = EDGE_LOOP ( 'NONE', ( #6892, #2931, #726, #481 ) ) ;
#8316 = AXIS2_PLACEMENT_3D ( 'NONE', #11378, #3200, #9580 ) ;
#8317 = CARTESIAN_POINT ( 'NONE',  ( -1.073640129337579907, 0.9000000000000015765, 0.2119030800701119932 ) ) ;
#8318 = CARTESIAN_POINT ( 'NONE',  ( 1.125000000000000222, -0.03000000000000000930, 2.500105095651770082 ) ) ;
#8319 = ORIENTED_EDGE ( 'NONE', *, *, #8508, .F. ) ;
#8320 = CARTESIAN_POINT ( 'NONE',  ( -2.500223525886114739, 0.1000000000000000194, -1.625000000000000222 ) ) ;
#8321 = CARTESIAN_POINT ( 'NONE',  ( -0.6249999999999998890, 0.0000000000000000000, -2.188584073464102442 ) ) ;
#8322 = CARTESIAN_POINT ( 'NONE',  ( 1.375000000000000000, 0.1000000000000000056, -2.500105095651770082 ) ) ;
#8323 = CYLINDRICAL_SURFACE ( 'NONE', #7963, 0.1199999999999999956 ) ;
#8324 = ORIENTED_EDGE ( 'NONE', *, *, #6072, .F. ) ;
#8325 = CARTESIAN_POINT ( 'NONE',  ( -0.9920570910971920897, 0.8900000000000000133, -0.1394566969803849865 ) ) ;
#8326 = VERTEX_POINT ( 'NONE', #11469 ) ;
#8327 = EDGE_CURVE ( 'NONE', #2364, #3882, #1515, .T. ) ;
#8328 = COLOUR_RGB ( '',1.000000000000000000, 1.000000000000000000, 1.000000000000000000 ) ;
#8329 = PRESENTATION_LAYER_ASSIGNMENT (  '', '', ( #1672 ) ) ;
#8330 = CARTESIAN_POINT ( 'NONE',  ( -0.1250000000000000000, 0.0000000000000000000, 2.406666666666666732 ) ) ;
#8331 = ORIENTED_EDGE ( 'NONE', *, *, #10371, .T. ) ;
#8332 = PRESENTATION_STYLE_ASSIGNMENT (( #9067 ) ) ;
#8333 = ORIENTED_EDGE ( 'NONE', *, *, #11022, .F. ) ;
#8334 = ORIENTED_EDGE ( 'NONE', *, *, #1976, .T. ) ;
#8335 = ADVANCED_FACE ( 'NONE', ( #11252 ), #9860, .T. ) ;
#8336 = DIRECTION ( 'NONE',  ( -0.0000000000000000000, -1.000000000000000000, -0.0000000000000000000 ) ) ;
#8337 = VECTOR ( 'NONE', #404, 1000.000000000000000 ) ;
#8338 = CARTESIAN_POINT ( 'NONE',  ( 1.107442980426872170, 0.9000000000000003553, -0.1501310532332284231 ) ) ;
#8339 = UNCERTAINTY_MEASURE_WITH_UNIT (LENGTH_MEASURE( 1.000000000000000082E-05 ), #835, 'distance_accuracy_value', 'NONE');
#8340 = CARTESIAN_POINT ( 'NONE',  ( 0.2449999999999999956, -0.03000000000000000236, 2.220000000000000195 ) ) ;
#8341 = CARTESIAN_POINT ( 'NONE',  ( -0.2281496047916529990, 0.8900000000000000133, 0.3083217570670889751 ) ) ;
#8342 = ORIENTED_EDGE ( 'NONE', *, *, #10446, .T. ) ;
#8343 = B_SPLINE_CURVE_WITH_KNOTS ( 'NONE', 3,
 ( #9873, #7063, #10650, #1704, #7889, #816, #6519, #7127, #11654, #3490, #10767 ),
 .UNSPECIFIED., .F., .F.,
 ( 4, 1, 1, 1, 1, 1, 1, 1, 4 ),
 ( 0.0000000000000000000, 0.1250000000000000000, 0.2500000000000000000, 0.3750000000000000000, 0.5000000000000000000, 0.6250000000000000000, 0.7500000000000000000, 0.8750000000000000000, 1.000000000000000000 ),
 .UNSPECIFIED. ) ;
#8344 = CARTESIAN_POINT ( 'NONE',  ( -1.672867242938439913, 0.8900000000000000133, -0.2200943834478049921 ) ) ;
#8345 = ORIENTED_EDGE ( 'NONE', *, *, #8593, .T. ) ;
#8346 = ORIENTED_EDGE ( 'NONE', *, *, #335, .T. ) ;
#8347 =( GEOMETRIC_REPRESENTATION_CONTEXT ( 3 ) GLOBAL_UNCERTAINTY_ASSIGNED_CONTEXT ( ( #2742 ) ) GLOBAL_UNIT_ASSIGNED_CONTEXT ( ( #10485, #8447, #11270 ) ) REPRESENTATION_CONTEXT ( 'NONE', 'WORKASPACE' ) );
#8348 = CARTESIAN_POINT ( 'NONE',  ( -2.220000000000000195, -0.03000000000000000583, 1.875000000000000000 ) ) ;
#8349 = ORIENTED_EDGE ( 'NONE', *, *, #9686, .F. ) ;
#8350 = DIRECTION ( 'NONE',  ( -0.0000000000000000000, -1.000000000000000000, -0.0000000000000000000 ) ) ;
#8351 = EDGE_CURVE ( 'NONE', #7192, #2328, #11700, .T. ) ;
#8352 = EDGE_CURVE ( 'NONE', #8864, #482, #10634, .T. ) ;
#8353 = ORIENTED_EDGE ( 'NONE', *, *, #6251, .T. ) ;
#8354 = DIRECTION ( 'NONE',  ( 0.0000000000000000000, 1.000000000000000000, -0.0000000000000000000 ) ) ;
#8355 = CARTESIAN_POINT ( 'NONE',  ( -2.100000000000000533, 0.0000000000000000000, 0.7864159265358973139 ) ) ;
#8356 = CARTESIAN_POINT ( 'NONE',  ( 2.220000000000000195, -0.03000000000000000583, -1.625000000000000222 ) ) ;
#8357 = VERTEX_POINT ( 'NONE', #8905 ) ;
#8358 = VECTOR ( 'NONE', #7469, 1000.000000000000000 ) ;
#8359 = CARTESIAN_POINT ( 'NONE',  ( 1.254999999999999893, 0.0000000000000000000, 2.100000000000000089 ) ) ;
#8360 = CARTESIAN_POINT ( 'NONE',  ( 0.7550000000000000044, 0.0000000000000000000, -2.100000000000000089 ) ) ;
#8361 = VECTOR ( 'NONE', #4626, 1000.000000000000000 ) ;
#8362 = AXIS2_PLACEMENT_3D ( 'NONE', #11225, #6915, #2373 ) ;
#8363 = VECTOR ( 'NONE', #5572, 1000.000000000000000 ) ;
#8364 = DIRECTION ( 'NONE',  ( 0.0000000000000000000, 0.0000000000000000000, 1.000000000000000000 ) ) ;
#8365 = EDGE_CURVE ( 'NONE', #3290, #10019, #2510, .T. ) ;
#8366 = ORIENTED_EDGE ( 'NONE', *, *, #4083, .F. ) ;
#8367 = FILL_AREA_STYLE_COLOUR ( '', #9301 ) ;
#8368 = CARTESIAN_POINT ( 'NONE',  ( 0.7018876698372812362, 0.8900000000000001243, -0.3225571395752377946 ) ) ;
#8369 = FACE_OUTER_BOUND ( 'NONE', #7551, .T. ) ;
#8370 = VECTOR ( 'NONE', #11715, 1000.000000000000000 ) ;
#8371 = B_SPLINE_CURVE_WITH_KNOTS ( 'NONE', 3,
 ( #11334, #2365, #5778, #8519 ),
 .UNSPECIFIED., .F., .F.,
 ( 4, 4 ),
 ( 0.0000000000000000000, 1.000000000000000000 ),
 .UNSPECIFIED. ) ;
#8372 = FILL_AREA_STYLE_COLOUR ( '', #5137 ) ;
#8373 = LINE ( 'NONE', #5693, #722 ) ;
#8374 = VECTOR ( 'NONE', #11042, 1000.000000000000000 ) ;
#8375 = FACE_OUTER_BOUND ( 'NONE', #4020, .T. ) ;
#8376 = AXIS2_PLACEMENT_3D ( 'NONE', #9345, #11020, #7548 ) ;
#8377 = B_SPLINE_CURVE_WITH_KNOTS ( 'NONE', 3,
 ( #7512, #3756, #1860, #11045, #5492, #2080 ),
 .UNSPECIFIED., .F., .F.,
 ( 4, 2, 4 ),
 ( 0.0000000000000000000, 0.5000000000000000000, 1.000000000000000000 ),
 .UNSPECIFIED. ) ;
#8378 = EDGE_LOOP ( 'NONE', ( #6005, #715, #9518, #3377 ) ) ;
#8379 = ADVANCED_FACE ( 'NONE', ( #2573 ), #4312, .T. ) ;
#8380 = PLANE ( 'NONE',  #10196 ) ;
#8381 = VECTOR ( 'NONE', #1155, 1000.000000000000000 ) ;
#8382 = CARTESIAN_POINT ( 'NONE',  ( -1.785319895140109914, 0.8999999999999993561, -0.02812016593027890157 ) ) ;
#8383 = DIRECTION ( 'NONE',  ( 0.0000000000000000000, 0.0000000000000000000, 1.000000000000000000 ) ) ;
#8384 = EDGE_CURVE ( 'NONE', #6603, #1773, #4484, .T. ) ;
#8385 = EDGE_LOOP ( 'NONE', ( #5553, #6145, #799, #7733, #4760, #3533, #1426, #7616, #8551, #9250 ) ) ;
#8386 = LINE ( 'NONE', #10421, #11107 ) ;
#8387 =( LENGTH_UNIT ( ) NAMED_UNIT ( * ) SI_UNIT ( .MILLI., .METRE. ) );
#8388 = CARTESIAN_POINT ( 'NONE',  ( -2.500000000000000000, 0.0000000000000000000, -0.04166666666666667129 ) ) ;
#8389 = SURFACE_STYLE_FILL_AREA ( #8631 ) ;
#8390 = LINE ( 'NONE', #11203, #8711 ) ;
#8391 = CARTESIAN_POINT ( 'NONE',  ( 1.875000000000000000, 0.0000000000000000000, 2.500000000000000000 ) ) ;
#8392 = ORIENTED_EDGE ( 'NONE', *, *, #8083, .T. ) ;
#8393 = EDGE_CURVE ( 'NONE', #260, #9792, #7049, .T. ) ;
#8394 = CARTESIAN_POINT ( 'NONE',  ( 0.0000000000000000000, 0.9000000000000001332, -0.3316052058057050167 ) ) ;
#8395 = ORIENTED_EDGE ( 'NONE', *, *, #10342, .T. ) ;
#8396 = FILL_AREA_STYLE ('',( #3146 ) ) ;
#8397 = EDGE_CURVE ( 'NONE', #11088, #9079, #9990, .T. ) ;
#8398 = ORIENTED_EDGE ( 'NONE', *, *, #6415, .T. ) ;
#8399 = EDGE_LOOP ( 'NONE', ( #3825, #8996, #10723, #9946 ) ) ;
#8400 = FACE_OUTER_BOUND ( 'NONE', #1921, .T. ) ;
#8401 = CARTESIAN_POINT ( 'NONE',  ( 2.500447051772229923, 0.1000000000000000056, 0.6250000000000000000 ) ) ;
#8402 = CARTESIAN_POINT ( 'NONE',  ( -0.2083333333333333148, 0.1000000000000000056, 2.500105095651770082 ) ) ;
#8403 = CARTESIAN_POINT ( 'NONE',  ( 1.682361600948406588, -0.03000000000000001277, 2.112932771566823131 ) ) ;
#8404 = VECTOR ( 'NONE', #1847, 1000.000000000000000 ) ;
#8405 = CARTESIAN_POINT ( 'NONE',  ( 1.875000000000000000, -0.03000000000000000583, -2.220000000000000195 ) ) ;
#8406 = CARTESIAN_POINT ( 'NONE',  ( -1.139044309599930083, 0.8900000000000000133, 0.1310849950463950087 ) ) ;
#8407 = VERTEX_POINT ( 'NONE', #5325 ) ;
#8408 = CARTESIAN_POINT ( 'NONE',  ( -2.220000000000000195, -0.03000000000000000583, -0.3750000000000000000 ) ) ;
#8409 = EDGE_CURVE ( 'NONE', #8479, #1136, #8971, .T. ) ;
#8410 = ORIENTED_EDGE ( 'NONE', *, *, #9471, .F. ) ;
#8411 = ORIENTED_EDGE ( 'NONE', *, *, #9390, .F. ) ;
#8412 = STYLED_ITEM ( 'NONE', ( #3201 ), #1901 ) ;
#8413 = CARTESIAN_POINT ( 'NONE',  ( 0.5935164915221989856, 0.8900000000000000133, -0.07763663335692740086 ) ) ;
#8414 = ORIENTED_EDGE ( 'NONE', *, *, #5506, .T. ) ;
#8415 = FILL_AREA_STYLE_COLOUR ( '', #5760 ) ;
#8416 = CARTESIAN_POINT ( 'NONE',  ( 1.786415926535898091, 0.0000000000000000000, -2.100000000000000089 ) ) ;
#8417 = PLANE ( 'NONE',  #9316 ) ;
#8418 = CARTESIAN_POINT ( 'NONE',  ( 2.220000000000000195, -0.03000000000000000930, -1.125000000000000222 ) ) ;
#8419 = LINE ( 'NONE', #6635, #3879 ) ;
#8420 = CARTESIAN_POINT ( 'NONE',  ( -2.157361600948406011, -0.03000000000000000930, 1.137932771566822376 ) ) ;
#8421 = ORIENTED_EDGE ( 'NONE', *, *, #6280, .F. ) ;
#8422 = CARTESIAN_POINT ( 'NONE',  ( 2.157361600948406455, -0.03000000000000001277, -1.862067228433177402 ) ) ;
#8423 = AXIS2_PLACEMENT_3D ( 'NONE', #2291, #4086, #7714 ) ;
#8424 = CARTESIAN_POINT ( 'NONE',  ( -1.398138699575159904, 0.9000000000000005773, -0.3477824238403219859 ) ) ;
#8425 = EDGE_CURVE ( 'NONE', #7838, #8326, #7873, .T. ) ;
#8426 = UNCERTAINTY_MEASURE_WITH_UNIT (LENGTH_MEASURE( 1.000000000000000082E-05 ), #9601, 'distance_accuracy_value', 'NONE');
#8427 = ORIENTED_EDGE ( 'NONE', *, *, #10200, .F. ) ;
#8428 = CARTESIAN_POINT ( 'NONE',  ( 2.500447051772229923, 0.1000000000000000056, 0.3750000000000000000 ) ) ;
#8429 = VECTOR ( 'NONE', #10163, 1000.000000000000000 ) ;
#8430 = PLANE ( 'NONE',  #3342 ) ;
#8431 = LINE ( 'NONE', #1290, #4491 ) ;
#8432 = VERTEX_POINT ( 'NONE', #10817 ) ;
#8433 = DIRECTION ( 'NONE',  ( 0.0000000000000000000, -1.000000000000000000, -0.0000000000000000000 ) ) ;
#8434 = CARTESIAN_POINT ( 'NONE',  ( 2.220000000000000195, 0.0000000000000000000, -0.6250000000000000000 ) ) ;
#8435 = CARTESIAN_POINT ( 'NONE',  ( 1.254999999999999893, -0.03000000000000000583, 2.100000000000000089 ) ) ;
#8436 = CARTESIAN_POINT ( 'NONE',  ( 2.220000000000000195, 0.0000000000000000000, 0.8750000000000001110 ) ) ;
#8437 = FACE_OUTER_BOUND ( 'NONE', #7710, .T. ) ;
#8438 = EDGE_CURVE ( 'NONE', #2584, #11113, #10273, .T. ) ;
#8439 = EDGE_CURVE ( 'NONE', #6032, #2353, #11641, .T. ) ;
#8440 = ORIENTED_EDGE ( 'NONE', *, *, #7073, .F. ) ;
#8441 = CARTESIAN_POINT ( 'NONE',  ( -1.682361600948406588, -0.0000000000000000000, -2.112932771566822687 ) ) ;
#8442 = PRESENTATION_STYLE_ASSIGNMENT (( #2949 ) ) ;
#8443 = ORIENTED_EDGE ( 'NONE', *, *, #5917, .T. ) ;
#8444 = CARTESIAN_POINT ( 'NONE',  ( 2.100000000000000089, -0.03000000000000000583, 1.245000000000000329 ) ) ;
#8445 = FACE_OUTER_BOUND ( 'NONE', #5967, .T. ) ;
#8446 = PLANE ( 'NONE',  #2089 ) ;
#8447 =( NAMED_UNIT ( * ) PLANE_ANGLE_UNIT ( ) SI_UNIT ( $, .RADIAN. ) );
#8448 = CARTESIAN_POINT ( 'NONE',  ( -2.100000000000000089, 0.0000000000000000000, -1.745000000000000551 ) ) ;
#8449 = CARTESIAN_POINT ( 'NONE',  ( -2.112932771566822687, -0.03000000000000000930, -1.182361600948406588 ) ) ;
#8450 = ORIENTED_EDGE ( 'NONE', *, *, #9776, .F. ) ;
#8451 = EDGE_CURVE ( 'NONE', #885, #9238, #339, .T. ) ;
#8452 = DIRECTION ( 'NONE',  ( 1.000000000000000000, 0.0000000000000000000, -0.0000000000000000000 ) ) ;
#8453 = EDGE_LOOP ( 'NONE', ( #10931, #7258, #10316, #11623 ) ) ;
#8454 = ORIENTED_EDGE ( 'NONE', *, *, #5932, .F. ) ;
#8455 = ORIENTED_EDGE ( 'NONE', *, *, #767, .T. ) ;
#8456 =( NAMED_UNIT ( * ) PLANE_ANGLE_UNIT ( ) SI_UNIT ( $, .RADIAN. ) );
#8457 = CARTESIAN_POINT ( 'NONE',  ( 2.500223525886114739, 0.1000000000000000194, 0.6250000000000001110 ) ) ;
#8458 = LINE ( 'NONE', #314, #4171 ) ;
#8459 = EDGE_CURVE ( 'NONE', #8795, #9823, #899, .T. ) ;
#8460 = CARTESIAN_POINT ( 'NONE',  ( -0.2135840734641020200, 0.0000000000000000000, 2.100000000000000533 ) ) ;
#8461 = FACE_OUTER_BOUND ( 'NONE', #10472, .T. ) ;
#8462 = ADVANCED_FACE ( 'NONE', ( #4708 ), #10941, .T. ) ;
#8463 = AXIS2_PLACEMENT_3D ( 'NONE', #4930, #7680, #11329 ) ;
#8464 = CARTESIAN_POINT ( 'NONE',  ( -0.7083333333333333703, 0.1000000000000000056, 2.500105095651770082 ) ) ;
#8465 = PLANE ( 'NONE',  #6669 ) ;
#8466 = ORIENTED_EDGE ( 'NONE', *, *, #2880, .F. ) ;
#8467 = ADVANCED_FACE ( 'NONE', ( #3713 ), #7348, .T. ) ;
#8468 = ORIENTED_EDGE ( 'NONE', *, *, #1743, .F. ) ;
#8469 = ORIENTED_EDGE ( 'NONE', *, *, #9982, .F. ) ;
#8470 = VECTOR ( 'NONE', #5205, 1000.000000000000114 ) ;
#8471 = LINE ( 'NONE', #10450, #6181 ) ;
#8472 = EDGE_LOOP ( 'NONE', ( #6775, #4901, #11518, #8897 ) ) ;
#8473 = B_SPLINE_CURVE_WITH_KNOTS ( 'NONE', 3,
 ( #6596, #2053, #5692, #9338 ),
 .UNSPECIFIED., .F., .F.,
 ( 4, 4 ),
 ( 0.0000000000000000000, 1.000000000000000000 ),
 .UNSPECIFIED. ) ;
#8474 = PRESENTATION_STYLE_ASSIGNMENT (( #6692 ) ) ;
#8475 = CARTESIAN_POINT ( 'NONE',  ( -0.7483565433187380211, 0.9000000000000001332, -0.05978536405281360822 ) ) ;
#8476 = LINE ( 'NONE', #5013, #10833 ) ;
#8477 = FILL_AREA_STYLE ('',( #6581 ) ) ;
#8478 = CARTESIAN_POINT ( 'NONE',  ( -2.500447051772229923, 0.1000000000000000056, 0.8750000000000000000 ) ) ;
#8479 = VERTEX_POINT ( 'NONE', #1925 ) ;
#8480 = PLANE ( 'NONE',  #1316 ) ;
#8481 = AXIS2_PLACEMENT_3D ( 'NONE', #10661, #10493, #4388 ) ;
#8482 = EDGE_CURVE ( 'NONE', #3942, #10080, #189, .T. ) ;
#8483 = CARTESIAN_POINT ( 'NONE',  ( 2.220000000000000195, -0.03000000000000000930, -0.8750000000000000000 ) ) ;
#8484 = ORIENTED_EDGE ( 'NONE', *, *, #10074, .T. ) ;
#8485 = ORIENTED_EDGE ( 'NONE', *, *, #10297, .F. ) ;
#8486 = AXIS2_PLACEMENT_3D ( 'NONE', #1166, #3116, #8305 ) ;
#8487 = FACE_OUTER_BOUND ( 'NONE', #5113, .T. ) ;
#8488 = CARTESIAN_POINT ( 'NONE',  ( -1.625000000000000222, 0.0000000000000000000, -2.220000000000000195 ) ) ;
#8489 = ORIENTED_EDGE ( 'NONE', *, *, #4871, .T. ) ;
#8490 = CARTESIAN_POINT ( 'NONE',  ( 2.100000000000000089, 0.0000000000000000000, -1.751666666666666483 ) ) ;
#8491 = SURFACE_STYLE_USAGE ( .BOTH. , #4025 ) ;
#8492 = ADVANCED_FACE ( 'NONE', ( #5502 ), #6453, .T. ) ;
#8493 = LINE ( 'NONE', #3064, #5073 ) ;
#8494 = DIRECTION ( 'NONE',  ( -1.000000000000000000, 0.0000000000000000000, -0.0000000000000000000 ) ) ;
#8495 = FACE_OUTER_BOUND ( 'NONE', #9328, .T. ) ;
#8496 = CARTESIAN_POINT ( 'NONE',  ( 1.790900912554659996, 0.8900000000000000133, -0.2421347249779509936 ) ) ;
#8497 = PRESENTATION_STYLE_ASSIGNMENT (( #5813 ) ) ;
#8498 = AXIS2_PLACEMENT_3D ( 'NONE', #9031, #5443, #9084 ) ;
#8499 = ORIENTED_EDGE ( 'NONE', *, *, #9145, .F. ) ;
#8500 = FILL_AREA_STYLE ('',( #1061 ) ) ;
#8501 = B_SPLINE_CURVE_WITH_KNOTS ( 'NONE', 3,
 ( #9184, #3034, #8403, #137, #3874, #8279 ),
 .UNSPECIFIED., .F., .F.,
 ( 4, 2, 4 ),
 ( 0.0000000000000000000, 0.5000000000000000000, 1.000000000000000000 ),
 .UNSPECIFIED. ) ;
#8502 = FACE_BOUND ( 'NONE', #10836, .T. ) ;
#8503 = PLANE ( 'NONE',  #502 ) ;
#8504 = VERTEX_POINT ( 'NONE', #7407 ) ;
#8505 = VECTOR ( 'NONE', #2942, 1000.000000000000000 ) ;
#8506 = CARTESIAN_POINT ( 'NONE',  ( 2.500000000000000000, 0.0000000000000000000, 0.3749999999999995559 ) ) ;
#8507 = EDGE_CURVE ( 'NONE', #87, #1380, #2094, .T. ) ;
#8508 = EDGE_CURVE ( 'NONE', #11223, #112, #1039, .T. ) ;
#8509 = DIRECTION ( 'NONE',  ( -1.000000000000000000, 0.0000000000000000000, -0.0000000000000000000 ) ) ;
#8510 = CARTESIAN_POINT ( 'NONE',  ( 2.500000000000000000, 0.0000000000000000000, -0.1250000000000000555 ) ) ;
#8511 = ORIENTED_EDGE ( 'NONE', *, *, #681, .F. ) ;
#8512 = CARTESIAN_POINT ( 'NONE',  ( 2.500447051772229923, 0.1000000000000000056, 0.8750000000000000000 ) ) ;
#8513 = CARTESIAN_POINT ( 'NONE',  ( -2.220000000000000195, -0.03000000000000000930, -1.125000000000000222 ) ) ;
#8514 = ORIENTED_EDGE ( 'NONE', *, *, #11243, .T. ) ;
#8515 = UNCERTAINTY_MEASURE_WITH_UNIT (LENGTH_MEASURE( 1.000000000000000082E-05 ), #3964, 'distance_accuracy_value', 'NONE');
#8516 = DIRECTION ( 'NONE',  ( -1.000000000000000000, 0.0000000000000000000, 0.0000000000000000000 ) ) ;
#8517 = ORIENTED_EDGE ( 'NONE', *, *, #7223, .T. ) ;
#8518 = ORIENTED_EDGE ( 'NONE', *, *, #10177, .T. ) ;
#8519 = CARTESIAN_POINT ( 'NONE',  ( -2.500000000000000000, 0.0000000000000000000, -1.625000000000000222 ) ) ;
#8520 = CARTESIAN_POINT ( 'NONE',  ( 0.6823616009484062550, -0.03000000000000001277, 2.112932771566823131 ) ) ;
#8521 = CARTESIAN_POINT ( 'NONE',  ( 2.100000000000000089, 0.0000000000000000000, 1.245000000000000329 ) ) ;
#8522 = VECTOR ( 'NONE', #3494, 1000.000000000000000 ) ;
#8523 = CARTESIAN_POINT ( 'NONE',  ( 2.100000000000000533, 0.0000000000000000000, -1.786415926535897869 ) ) ;
#8524 = CARTESIAN_POINT ( 'NONE',  ( -1.636670602965730303, 0.8950000000000001288, 0.1161732482417700135 ) ) ;
#8525 = DIRECTION ( 'NONE',  ( -0.7071067811865460184, 0.0000000000000000000, 0.7071067811865489050 ) ) ;
#8526 = CARTESIAN_POINT ( 'NONE',  ( 2.100000000000000089, -0.03000000000000000583, -0.2549999999999989497 ) ) ;
#8527 = ORIENTED_EDGE ( 'NONE', *, *, #7077, .T. ) ;
#8528 = VERTEX_POINT ( 'NONE', #2814 ) ;
#8529 = B_SPLINE_CURVE_WITH_KNOTS ( 'NONE', 3,
 ( #4707, #10164, #1983, #11236 ),
 .UNSPECIFIED., .F., .F.,
 ( 4, 4 ),
 ( 0.0000000000000000000, 0.0005689341335657634819 ),
 .UNSPECIFIED. ) ;
#8530 = MECHANICAL_DESIGN_GEOMETRIC_PRESENTATION_REPRESENTATION (  '', ( #7752 ), #9863 ) ;
#8531 = ORIENTED_EDGE ( 'NONE', *, *, #8662, .F. ) ;
#8532 = ADVANCED_FACE ( 'NONE', ( #10103 ), #10997, .T. ) ;
#8533 = CARTESIAN_POINT ( 'NONE',  ( 0.7555727586559100040, 0.8900000000000000133, 0.2650099285898819823 ) ) ;
#8534 = ORIENTED_EDGE ( 'NONE', *, *, #5007, .T. ) ;
#8535 = MECHANICAL_DESIGN_GEOMETRIC_PRESENTATION_REPRESENTATION (  '', ( #551 ), #170 ) ;
#8536 = FILL_AREA_STYLE ('',( #8415 ) ) ;
#8537 = CARTESIAN_POINT ( 'NONE',  ( -2.220000000000000195, 0.0000000000000000000, -0.1250000000000000000 ) ) ;
#8538 = EDGE_CURVE ( 'NONE', #8970, #7208, #2435, .T. ) ;
#8539 = DIRECTION ( 'NONE',  ( -1.000000000000000000, 0.0000000000000000000, 0.0000000000000000000 ) ) ;
#8540 = CARTESIAN_POINT ( 'NONE',  ( -1.750000000000000222, 0.0000000000000000000, -1.750000000000000222 ) ) ;
#8541 = ORIENTED_EDGE ( 'NONE', *, *, #5332, .T. ) ;
#8542 = CARTESIAN_POINT ( 'NONE',  ( -0.8750000000000000000, -0.03000000000000000930, 2.500105095651770082 ) ) ;
#8543 = PRESENTATION_LAYER_ASSIGNMENT (  '', '', ( #2060 ) ) ;
#8544 = ORIENTED_EDGE ( 'NONE', *, *, #3646, .F. ) ;
#8545 = ORIENTED_EDGE ( 'NONE', *, *, #3748, .F. ) ;
#8546 = CARTESIAN_POINT ( 'NONE',  ( -2.188584073464102886, 0.0000000000000000000, -1.125000000000000666 ) ) ;
#8547 = CARTESIAN_POINT ( 'NONE',  ( -1.061077176307170244, 0.8899999999999999023, 0.1447185921249101448 ) ) ;
#8548 = CARTESIAN_POINT ( 'NONE',  ( -2.220000000000000195, 0.1000000000000000056, 0.8750000000000000000 ) ) ;
#8549 = EDGE_CURVE ( 'NONE', #6787, #6541, #11059, .T. ) ;
#8550 = VECTOR ( 'NONE', #4022, 1000.000000000000000 ) ;
#8551 = ORIENTED_EDGE ( 'NONE', *, *, #2548, .F. ) ;
#8552 = CARTESIAN_POINT ( 'NONE',  ( 2.100000000000000533, -0.03000000000000000930, 0.7864159265358973139 ) ) ;
#8553 = CARTESIAN_POINT ( 'NONE',  ( 0.3749999999999999445, 0.0000000000000000000, 2.188584073464102886 ) ) ;
#8554 = STYLED_ITEM ( 'NONE', ( #10250 ), #9130 ) ;
#8555 = DIRECTION ( 'NONE',  ( -1.000000000000000000, 0.0000000000000000000, -0.0000000000000000000 ) ) ;
#8556 = DIRECTION ( 'NONE',  ( 1.000000000000000000, -0.0000000000000000000, 0.0000000000000000000 ) ) ;
#8557 = SURFACE_SIDE_STYLE ('',( #1414 ) ) ;
#8558 = VECTOR ( 'NONE', #4815, 1000.000000000000000 ) ;
#8559 = FACE_OUTER_BOUND ( 'NONE', #880, .T. ) ;
#8560 = VECTOR ( 'NONE', #674, 1000.000000000000000 ) ;
#8561 = ORIENTED_EDGE ( 'NONE', *, *, #6485, .F. ) ;
#8562 = EDGE_CURVE ( 'NONE', #8582, #7737, #4018, .T. ) ;
#8563 =( NAMED_UNIT ( * ) SI_UNIT ( $, .STERADIAN. ) SOLID_ANGLE_UNIT ( ) );
#8564 = CARTESIAN_POINT ( 'NONE',  ( 0.0000000000000000000, 0.9000000000000001332, 0.3083217570670889751 ) ) ;
#8565 = CARTESIAN_POINT ( 'NONE',  ( 0.0000000000000000000, 0.9000000000000001332, -0.05978536405281360128 ) ) ;
#8566 = VECTOR ( 'NONE', #7672, 1000.000000000000000 ) ;
#8567 = ORIENTED_EDGE ( 'NONE', *, *, #7717, .F. ) ;
#8568 = DIRECTION ( 'NONE',  ( 0.0000000000000000000, -1.000000000000000000, 0.0000000000000000000 ) ) ;
#8569 = FACE_OUTER_BOUND ( 'NONE', #6509, .T. ) ;
#8570 = PRESENTATION_STYLE_ASSIGNMENT (( #5766 ) ) ;
#8571 = CARTESIAN_POINT ( 'NONE',  ( -2.100000000000000089, -0.03000000000000000583, -0.7549999999999990052 ) ) ;
#8572 = CARTESIAN_POINT ( 'NONE',  ( 1.625000000000000222, 0.0000000000000000000, 2.220000000000000195 ) ) ;
#8573 = ORIENTED_EDGE ( 'NONE', *, *, #1463, .F. ) ;
#8574 = PRESENTATION_LAYER_ASSIGNMENT (  '', '', ( #9707 ) ) ;
#8575 = CARTESIAN_POINT ( 'NONE',  ( 0.6249999999999998890, 0.0000000000000000000, 2.188584073464102442 ) ) ;
#8576 = SURFACE_SIDE_STYLE ('',( #4926 ) ) ;
#8577 = ORIENTED_EDGE ( 'NONE', *, *, #3678, .F. ) ;
#8578 = EDGE_CURVE ( 'NONE', #7120, #7403, #8175, .T. ) ;
#8579 = CARTESIAN_POINT ( 'NONE',  ( -0.03174059687929788737, 0.8900000000000000133, 0.3083217570670889751 ) ) ;
#8580 = EDGE_LOOP ( 'NONE', ( #10043, #11793, #5563, #7593, #873, #7256 ) ) ;
#8581 = SURFACE_STYLE_USAGE ( .BOTH. , #2190 ) ;
#8582 = VERTEX_POINT ( 'NONE', #6580 ) ;
#8583 = ORIENTED_EDGE ( 'NONE', *, *, #2135, .T. ) ;
#8584 = CARTESIAN_POINT ( 'NONE',  ( -0.6478087648646909669, 0.8900000000000000133, -0.3316052058057050167 ) ) ;
#8585 = CARTESIAN_POINT ( 'NONE',  ( -1.125000000000000222, -0.03000000000000000930, -2.500105095651770082 ) ) ;
#8586 = CARTESIAN_POINT ( 'NONE',  ( -2.500000000000000000, 0.0000000000000000000, -0.3750000000000000000 ) ) ;
#8587 = SURFACE_STYLE_USAGE ( .BOTH. , #5960 ) ;
#8588 = CARTESIAN_POINT ( 'NONE',  ( -2.500447051772229923, 0.1000000000000000056, 1.291666666666666741 ) ) ;
#8589 = SURFACE_STYLE_USAGE ( .BOTH. , #4063 ) ;
#8590 = VERTEX_POINT ( 'NONE', #10220 ) ;
#8591 = PLANE ( 'NONE',  #8362 ) ;
#8592 = VERTEX_POINT ( 'NONE', #5676 ) ;
#8593 = EDGE_CURVE ( 'NONE', #3408, #3760, #4284, .T. ) ;
#8594 = EDGE_LOOP ( 'NONE', ( #6096, #1924, #4592, #6982 ) ) ;
#8595 = CARTESIAN_POINT ( 'NONE',  ( 1.047267970585380015, 0.8900000000000000133, 0.08925939097236600117 ) ) ;
#8596 = VERTEX_POINT ( 'NONE', #3888 ) ;
#8597 = B_SPLINE_CURVE_WITH_KNOTS ( 'NONE', 3,
 ( #6674, #10314, #2129, #1131 ),
 .UNSPECIFIED., .F., .F.,
 ( 4, 4 ),
 ( 0.0000000000000000000, 1.000000000000000000 ),
 .UNSPECIFIED. ) ;
#8598 = FILL_AREA_STYLE_COLOUR ( '', #6713 ) ;
#8599 = CARTESIAN_POINT ( 'NONE',  ( -2.406666666666666732, 0.0000000000000000000, -1.375000000000000000 ) ) ;
#8600 = CARTESIAN_POINT ( 'NONE',  ( -0.3750000000000000000, 0.0000000000000000000, 2.220000000000000195 ) ) ;
#8601 = CARTESIAN_POINT ( 'NONE',  ( 1.251666666666666483, 0.0000000000000000000, -2.100000000000000089 ) ) ;
#8602 = FACE_OUTER_BOUND ( 'NONE', #3671, .T. ) ;
#8603 = B_SPLINE_CURVE_WITH_KNOTS ( 'NONE', 3,
 ( #2817, #11000, #5569, #9207, #8299, #7413 ),
 .UNSPECIFIED., .F., .F.,
 ( 4, 2, 4 ),
 ( 0.0000000000000000000, 0.5000000000000000000, 1.000000000000000000 ),
 .UNSPECIFIED. ) ;
#8604 = CARTESIAN_POINT ( 'NONE',  ( 2.100000000000000089, -0.03000000000000000930, -1.786415926535898091 ) ) ;
#8605 = EDGE_CURVE ( 'NONE', #6559, #3437, #8849, .T. ) ;
#8606 = CARTESIAN_POINT ( 'NONE',  ( 2.500447051772229923, -0.03000000000000000930, 1.625000000000000222 ) ) ;
#8607 = VECTOR ( 'NONE', #720, 1000.000000000000000 ) ;
#8608 = EDGE_CURVE ( 'NONE', #4717, #5208, #4072, .T. ) ;
#8609 = ORIENTED_EDGE ( 'NONE', *, *, #9455, .F. ) ;
#8610 = CARTESIAN_POINT ( 'NONE',  ( 1.625000000000000222, 0.0000000000000000000, 2.500000000000000000 ) ) ;
#8611 = CARTESIAN_POINT ( 'NONE',  ( -0.8750000000000001110, 0.0000000000000000000, 2.500000000000000000 ) ) ;
#8612 = VERTEX_POINT ( 'NONE', #2331 ) ;
#8613 = DIRECTION ( 'NONE',  ( 0.0000000000000000000, 0.0000000000000000000, 1.000000000000000000 ) ) ;
#8614 = COLOUR_RGB ( '',1.000000000000000000, 1.000000000000000000, 1.000000000000000000 ) ;
#8615 = CARTESIAN_POINT ( 'NONE',  ( 0.7516666666666669272, 0.0000000000000000000, -2.100000000000000089 ) ) ;
#8616 = ADVANCED_FACE ( 'NONE', ( #8602 ), #2381, .F. ) ;
#8617 = DIRECTION ( 'NONE',  ( 0.0000000000000000000, -0.0000000000000000000, 1.000000000000000000 ) ) ;
#8618 = EDGE_CURVE ( 'NONE', #1807, #5364, #5923, .T. ) ;
#8619 = FILL_AREA_STYLE_COLOUR ( '', #9562 ) ;
#8620 = CARTESIAN_POINT ( 'NONE',  ( 2.100000000000000089, -0.03000000000000000583, 0.7450000000000009948 ) ) ;
#8621 = EDGE_CURVE ( 'NONE', #9236, #3437, #5973, .T. ) ;
#8622 = EDGE_LOOP ( 'NONE', ( #10236, #2934, #3927, #9635 ) ) ;
#8623 = AXIS2_PLACEMENT_3D ( 'NONE', #614, #3279, #4181 ) ;
#8624 = CARTESIAN_POINT ( 'NONE',  ( 2.188584073464102442, 0.0000000000000000000, 1.375000000000000000 ) ) ;
#8625 = FACE_OUTER_BOUND ( 'NONE', #5110, .T. ) ;
#8626 = ORIENTED_EDGE ( 'NONE', *, *, #9014, .T. ) ;
#8627 = CARTESIAN_POINT ( 'NONE',  ( -2.500000000000000000, 0.0000000000000000000, -0.8750000000000001110 ) ) ;
#8628 = CARTESIAN_POINT ( 'NONE',  ( 0.1250000000000000000, 0.0000000000000000000, 2.220000000000000195 ) ) ;
#8629 = FILL_AREA_STYLE ('',( #4986 ) ) ;
#8630 = LINE ( 'NONE', #1477, #5912 ) ;
#8631 = FILL_AREA_STYLE ('',( #4742 ) ) ;
#8632 = ORIENTED_EDGE ( 'NONE', *, *, #99, .F. ) ;
#8633 = CARTESIAN_POINT ( 'NONE',  ( -0.8749999999999998890, 0.1000000000000000194, -2.500052547825884819 ) ) ;
#8634 = AXIS2_PLACEMENT_3D ( 'NONE', #4557, #5340, #8123 ) ;
#8635 = DIRECTION ( 'NONE',  ( 0.0000000000000000000, 0.0000000000000000000, 1.000000000000000000 ) ) ;
#8636 = VERTEX_POINT ( 'NONE', #11348 ) ;
#8637 = B_SPLINE_CURVE_WITH_KNOTS ( 'NONE', 3,
 ( #8744, #595, #4215, #11486, #702, #8003 ),
 .UNSPECIFIED., .F., .F.,
 ( 4, 2, 4 ),
 ( 0.0000000000000000000, 0.5000000000000000000, 1.000000000000000000 ),
 .UNSPECIFIED. ) ;
#8638 = EDGE_CURVE ( 'NONE', #5161, #4272, #9551, .T. ) ;
#8639 = CARTESIAN_POINT ( 'NONE',  ( -0.6250000000000000000, -0.03000000000000000583, -2.220000000000000195 ) ) ;
#8640 = VERTEX_POINT ( 'NONE', #10564 ) ;
#8641 = VERTEX_POINT ( 'NONE', #446 ) ;
#8642 = CARTESIAN_POINT ( 'NONE',  ( 1.862067228433177846, -0.0000000000000000000, 2.157361600948406011 ) ) ;
#8643 = DIRECTION ( 'NONE',  ( -0.0000000000000000000, -1.000000000000000000, -0.0000000000000000000 ) ) ;
#8644 = CARTESIAN_POINT ( 'NONE',  ( -1.637175584610570001, 0.9000000000000001332, 0.1641465045022149905 ) ) ;
#8645 = SURFACE_STYLE_FILL_AREA ( #6123 ) ;
#8646 = SURFACE_STYLE_FILL_AREA ( #1327 ) ;
#8647 = EDGE_CURVE ( 'NONE', #11331, #3662, #10454, .T. ) ;
#8648 = LINE ( 'NONE', #7795, #10897 ) ;
#8649 = CARTESIAN_POINT ( 'NONE',  ( -1.254999999999999893, 0.0000000000000000000, 2.100000000000000089 ) ) ;
#8650 = ORIENTED_EDGE ( 'NONE', *, *, #10227, .F. ) ;
#8651 = PRESENTATION_STYLE_ASSIGNMENT (( #5124 ) ) ;
#8652 = B_SPLINE_CURVE_WITH_KNOTS ( 'NONE', 3,
 ( #11732, #9949, #2727, #951, #1783, #4574 ),
 .UNSPECIFIED., .F., .F.,
 ( 4, 2, 4 ),
 ( 0.0000000000000000000, 0.5000000000000000000, 1.000000000000000000 ),
 .UNSPECIFIED. ) ;
#8653 = ORIENTED_EDGE ( 'NONE', *, *, #5496, .F. ) ;
#8654 = DIRECTION ( 'NONE',  ( 0.0000000000000000000, -1.000000000000000000, -0.0000000000000000000 ) ) ;
#8655 = ORIENTED_EDGE ( 'NONE', *, *, #6026, .F. ) ;
#8656 = FACE_OUTER_BOUND ( 'NONE', #1920, .T. ) ;
#8657 = SURFACE_STYLE_USAGE ( .BOTH. , #4887 ) ;
#8658 = AXIS2_PLACEMENT_3D ( 'NONE', #1850, #4461, #9899 ) ;
#8659 = CARTESIAN_POINT ( 'NONE',  ( 0.8750000000000001110, 0.0000000000000000000, -2.220000000000000195 ) ) ;
#8660 = DIRECTION ( 'NONE',  ( -1.000000000000000000, 0.0000000000000000000, -0.0000000000000000000 ) ) ;
#8661 = EDGE_CURVE ( 'NONE', #1542, #10110, #609, .T. ) ;
#8662 = EDGE_CURVE ( 'NONE', #1565, #28, #8476, .T. ) ;
#8663 = DIRECTION ( 'NONE',  ( 0.0000000000000000000, 0.0000000000000000000, 1.000000000000000000 ) ) ;
#8664 = CARTESIAN_POINT ( 'NONE',  ( -1.875000000000000000, 0.0000000000000000000, -2.313333333333333464 ) ) ;
#8665 = ORIENTED_EDGE ( 'NONE', *, *, #10496, .T. ) ;
#8666 = CARTESIAN_POINT ( 'NONE',  ( -0.6250000000000001110, 0.03333333333333334675, -2.500000000000000000 ) ) ;
#8667 = CYLINDRICAL_SURFACE ( 'NONE', #8876, 0.1199999999999999956 ) ;
#8668 = ORIENTED_EDGE ( 'NONE', *, *, #4595, .T. ) ;
#8669 = CARTESIAN_POINT ( 'NONE',  ( -2.100000000000000089, -0.03000000000000000583, 0.2450000000000010225 ) ) ;
#8670 = LINE ( 'NONE', #512, #1406 ) ;
#8671 = PRESENTATION_LAYER_ASSIGNMENT (  '', '', ( #8276 ) ) ;
#8672 = CARTESIAN_POINT ( 'NONE',  ( 0.2916666666666666852, 0.1000000000000000056, -2.500105095651770082 ) ) ;
#8673 = CARTESIAN_POINT ( 'NONE',  ( 2.001795617362939872, 0.8900000000000000133, 0.3083217570670889751 ) ) ;
#8674 = B_SPLINE_CURVE_WITH_KNOTS ( 'NONE', 3,
 ( #590, #5947, #5101, #10481 ),
 .UNSPECIFIED., .F., .F.,
 ( 4, 4 ),
 ( 0.0000000000000000000, 1.000000000000000000 ),
 .UNSPECIFIED. ) ;
#8675 = DIRECTION ( 'NONE',  ( 0.0000000000000000000, 1.000000000000000000, 0.0000000000000000000 ) ) ;
#8676 = MECHANICAL_DESIGN_GEOMETRIC_PRESENTATION_REPRESENTATION (  '', ( #9818 ), #4112 ) ;
#8677 = ORIENTED_EDGE ( 'NONE', *, *, #1004, .T. ) ;
#8678 = B_SPLINE_CURVE_WITH_KNOTS ( 'NONE', 3,
 ( #1597, #606, #6122, #656 ),
 .UNSPECIFIED., .F., .F.,
 ( 4, 4 ),
 ( 0.0000000000000000000, 1.000000000000000000 ),
 .UNSPECIFIED. ) ;
#8679 = CARTESIAN_POINT ( 'NONE',  ( 2.220000000000000195, 0.0000000000000000000, 0.1250000000000000000 ) ) ;
#8680 = EDGE_CURVE ( 'NONE', #5596, #4286, #11237, .T. ) ;
#8681 = DIRECTION ( 'NONE',  ( 0.0000000000000000000, -0.0000000000000000000, 1.000000000000000000 ) ) ;
#8682 = CARTESIAN_POINT ( 'NONE',  ( 2.000000000000000000, 0.8900000000000000133, 2.000000000000000000 ) ) ;
#8683 = ORIENTED_EDGE ( 'NONE', *, *, #5416, .F. ) ;
#8684 = PLANE ( 'NONE',  #10061 ) ;
#8685 = DIRECTION ( 'NONE',  ( 0.0000000000000000000, 0.0000000000000000000, 1.000000000000000000 ) ) ;
#8686 = DIRECTION ( 'NONE',  ( -1.000000000000000000, 0.0000000000000000000, -0.0000000000000000000 ) ) ;
#8687 = CARTESIAN_POINT ( 'NONE',  ( -1.148204682958599898, 0.8900000000000000133, -0.2279954129338659929 ) ) ;
#8688 = EDGE_CURVE ( 'NONE', #4375, #1089, #3863, .T. ) ;
#8689 = CARTESIAN_POINT ( 'NONE',  ( -2.100000000000000089, 0.0000000000000000000, 1.713584073464102131 ) ) ;
#8690 = VERTEX_POINT ( 'NONE', #11297 ) ;
#8691 = DIRECTION ( 'NONE',  ( 0.0000000000000000000, 0.0000000000000000000, -1.000000000000000000 ) ) ;
#8692 = CARTESIAN_POINT ( 'NONE',  ( -2.500447051772229923, 0.1000000000000000056, -1.375000000000000000 ) ) ;
#8693 = ORIENTED_EDGE ( 'NONE', *, *, #3717, .T. ) ;
#8694 = DIRECTION ( 'NONE',  ( 0.0000000000000000000, 0.0000000000000000000, -1.000000000000000000 ) ) ;
#8695 = CARTESIAN_POINT ( 'NONE',  ( -1.374999999999999778, 0.1000000000000000194, 2.500052547825884819 ) ) ;
#8696 = B_SPLINE_CURVE_WITH_KNOTS ( 'NONE', 3,
 ( #10829, #3486, #8119, #11649 ),
 .UNSPECIFIED., .F., .F.,
 ( 4, 4 ),
 ( 0.0000000000000000000, 1.000000000000000000 ),
 .UNSPECIFIED. ) ;
#8697 = ORIENTED_EDGE ( 'NONE', *, *, #4518, .T. ) ;
#8698 = CARTESIAN_POINT ( 'NONE',  ( -2.313333333333333464, 0.0000000000000000000, 1.375000000000000000 ) ) ;
#8699 = EDGE_CURVE ( 'NONE', #8823, #9762, #7842, .T. ) ;
#8700 = CARTESIAN_POINT ( 'NONE',  ( -0.2864159265358979800, -0.03000000000000000930, 2.100000000000000533 ) ) ;
#8701 = CARTESIAN_POINT ( 'NONE',  ( -1.636670602965730081, 0.9000000000000001332, 0.1161732482417699996 ) ) ;
#8702 = DIRECTION ( 'NONE',  ( 0.0000000000000000000, 0.0000000000000000000, -1.000000000000000000 ) ) ;
#8703 = B_SPLINE_CURVE_WITH_KNOTS ( 'NONE', 3,
 ( #3177, #3063, #4196, #2391 ),
 .UNSPECIFIED., .F., .F.,
 ( 4, 4 ),
 ( 0.0000000000000000000, 1.000000000000000000 ),
 .UNSPECIFIED. ) ;
#8704 = FACE_OUTER_BOUND ( 'NONE', #10519, .T. ) ;
#8705 = PRESENTATION_STYLE_ASSIGNMENT (( #8589 ) ) ;
#8706 = PRESENTATION_LAYER_ASSIGNMENT (  '', '', ( #11549 ) ) ;
#8707 = ORIENTED_EDGE ( 'NONE', *, *, #8680, .F. ) ;
#8708 = EDGE_CURVE ( 'NONE', #6820, #4289, #10843, .T. ) ;
#8709 = CARTESIAN_POINT ( 'NONE',  ( -2.100000000000000089, 0.0000000000000000000, -1.748333333333333517 ) ) ;
#8710 = ORIENTED_EDGE ( 'NONE', *, *, #4292, .T. ) ;
#8711 = VECTOR ( 'NONE', #7442, 1000.000000000000000 ) ;
#8712 = DIRECTION ( 'NONE',  ( -1.000000000000000000, 0.0000000000000000000, 0.0000000000000000000 ) ) ;
#8713 = CARTESIAN_POINT ( 'NONE',  ( 0.1250000000000000000, 0.1000000000000000056, 2.500105095651770082 ) ) ;
#8714 = CARTESIAN_POINT ( 'NONE',  ( -2.100000000000000533, 0.0000000000000000000, -1.713584073464102131 ) ) ;
#8715 = CARTESIAN_POINT ( 'NONE',  ( 1.625000000000000222, 0.1000000000000000056, 2.500105095651770082 ) ) ;
#8716 =( GEOMETRIC_REPRESENTATION_CONTEXT ( 3 ) GLOBAL_UNCERTAINTY_ASSIGNED_CONTEXT ( ( #225 ) ) GLOBAL_UNIT_ASSIGNED_CONTEXT ( ( #1928, #7471, #11064 ) ) REPRESENTATION_CONTEXT ( 'NONE', 'WORKASPACE' ) );
#8717 = ORIENTED_EDGE ( 'NONE', *, *, #4621, .F. ) ;
#8718 = AXIS2_PLACEMENT_3D ( 'NONE', #11141, #11081, #8091 ) ;
#8719 = ADVANCED_FACE ( 'NONE', ( #1343 ), #4955, .T. ) ;
#8720 = ORIENTED_EDGE ( 'NONE', *, *, #9306, .T. ) ;
#8721 = CARTESIAN_POINT ( 'NONE',  ( -2.100000000000000089, 0.0000000000000000000, -0.7483333333333337389 ) ) ;
#8722 = CARTESIAN_POINT ( 'NONE',  ( -1.253377731761790015, 0.9000000000000001332, 0.03370724980274200644 ) ) ;
#8723 = ORIENTED_EDGE ( 'NONE', *, *, #696, .F. ) ;
#8724 = DIRECTION ( 'NONE',  ( 1.000000000000000000, 0.0000000000000000000, -0.0000000000000000000 ) ) ;
#8725 = DIRECTION ( 'NONE',  ( -0.0000000000000000000, -1.000000000000000000, 0.0000000000000000000 ) ) ;
#8726 = FACE_OUTER_BOUND ( 'NONE', #9919, .T. ) ;
#8727 = MECHANICAL_DESIGN_GEOMETRIC_PRESENTATION_REPRESENTATION (  '', ( #1672 ), #557 ) ;
#8728 = FACE_OUTER_BOUND ( 'NONE', #11077, .T. ) ;
#8729 = CARTESIAN_POINT ( 'NONE',  ( -1.375000000000000000, -0.03000000000000000583, 2.220000000000000195 ) ) ;
#8730 = CARTESIAN_POINT ( 'NONE',  ( -1.196084899097560106, 0.8900000000000000133, 0.2608682412935129924 ) ) ;
#8731 = ORIENTED_EDGE ( 'NONE', *, *, #9336, .F. ) ;
#8732 = EDGE_CURVE ( 'NONE', #8868, #3989, #7920, .T. ) ;
#8733 = LINE ( 'NONE', #585, #3903 ) ;
#8734 = AXIS2_PLACEMENT_3D ( 'NONE', #4671, #7370, #3003 ) ;
#8735 = MECHANICAL_DESIGN_GEOMETRIC_PRESENTATION_REPRESENTATION (  '', ( #11407 ), #4929 ) ;
#8736 = CARTESIAN_POINT ( 'NONE',  ( -1.750000000000000222, 0.0000000000000000000, -1.750000000000000222 ) ) ;
#8737 = PLANE ( 'NONE',  #5056 ) ;
#8738 = ORIENTED_EDGE ( 'NONE', *, *, #708, .F. ) ;
#8739 = CARTESIAN_POINT ( 'NONE',  ( 1.745000000000000329, 0.1000000000000000056, -2.100000000000000089 ) ) ;
#8740 = CARTESIAN_POINT ( 'NONE',  ( -2.100000000000000089, 0.0000000000000000000, -0.7864159265358973139 ) ) ;
#8741 = DIRECTION ( 'NONE',  ( 1.000000000000000000, -0.0000000000000000000, 0.0000000000000000000 ) ) ;
#8742 = LINE ( 'NONE', #7837, #11255 ) ;
#8743 = EDGE_LOOP ( 'NONE', ( #2349, #11657, #5667, #9759 ) ) ;
#8744 = CARTESIAN_POINT ( 'NONE',  ( 2.100000000000000089, -0.03000000000000000583, 0.2549999999999990052 ) ) ;
#8745 = CYLINDRICAL_SURFACE ( 'NONE', #1757, 0.1199999999999998845 ) ;
#8746 = ORIENTED_EDGE ( 'NONE', *, *, #9661, .T. ) ;
#8747 = VECTOR ( 'NONE', #11350, 1000.000000000000000 ) ;
#8748 = VECTOR ( 'NONE', #8958, 1000.000000000000000 ) ;
#8749 = ADVANCED_FACE ( 'NONE', ( #7216 ), #6023, .T. ) ;
#8750 = EDGE_CURVE ( 'NONE', #4403, #9538, #8270, .T. ) ;
#8751 = VECTOR ( 'NONE', #10726, 1000.000000000000000 ) ;
#8752 = CARTESIAN_POINT ( 'NONE',  ( -0.5608945834891579940, 0.9000000000000001332, -0.3316052058057050167 ) ) ;
#8753 = EDGE_LOOP ( 'NONE', ( #10361, #5084, #3519, #10259, #9297 ) ) ;
#8754 = CARTESIAN_POINT ( 'NONE',  ( 0.0000000000000000000, 0.9000000000000001332, 0.3083217570670889751 ) ) ;
#8755 =( LENGTH_UNIT ( ) NAMED_UNIT ( * ) SI_UNIT ( .MILLI., .METRE. ) );
#8756 = VECTOR ( 'NONE', #520, 1000.000000000000000 ) ;
#8757 = ORIENTED_EDGE ( 'NONE', *, *, #449, .T. ) ;
#8758 = DIRECTION ( 'NONE',  ( 1.000000000000000000, -0.0000000000000000000, 0.0000000000000000000 ) ) ;
#8759 = CARTESIAN_POINT ( 'NONE',  ( 1.254999999999999893, 0.1000000000000000056, -2.100000000000000089 ) ) ;
#8760 = CARTESIAN_POINT ( 'NONE',  ( -1.125000000000000222, 0.0000000000000000000, 2.406666666666666732 ) ) ;
#8761 = FACE_OUTER_BOUND ( 'NONE', #8287, .T. ) ;
#8762 = FILL_AREA_STYLE_COLOUR ( '', #7357 ) ;
#8763 = DIRECTION ( 'NONE',  ( 0.0000000000000000000, 0.0000000000000000000, -1.000000000000000000 ) ) ;
#8764 = VECTOR ( 'NONE', #9634, 1000.000000000000000 ) ;
#8765 = VERTEX_POINT ( 'NONE', #4243 ) ;
#8766 = ADVANCED_FACE ( 'NONE', ( #11568 ), #4352, .T. ) ;
#8767 = COLOUR_RGB ( '',1.000000000000000000, 1.000000000000000000, 1.000000000000000000 ) ;
#8768 = CARTESIAN_POINT ( 'NONE',  ( 1.875000000000000000, 0.0000000000000000000, 2.313333333333333464 ) ) ;
#8769 = ADVANCED_FACE ( 'NONE', ( #135 ), #7279, .F. ) ;
#8770 = VERTEX_POINT ( 'NONE', #3872 ) ;
#8771 = LINE ( 'NONE', #5299, #2002 ) ;
#8772 = ORIENTED_EDGE ( 'NONE', *, *, #10545, .F. ) ;
#8773 = VECTOR ( 'NONE', #844, 1000.000000000000000 ) ;
#8774 = CARTESIAN_POINT ( 'NONE',  ( -2.499999999999999556, 0.0000000000000000000, 1.125000000000000222 ) ) ;
#8775 = CARTESIAN_POINT ( 'NONE',  ( -0.8750000000000001110, 0.0000000000000000000, -2.220000000000000195 ) ) ;
#8776 = CARTESIAN_POINT ( 'NONE',  ( 2.220000000000000195, 0.1000000000000000056, 0.8750000000000000000 ) ) ;
#8777 = B_SPLINE_CURVE_WITH_KNOTS ( 'NONE', 3,
 ( #10379, #8464, #6687, #9369 ),
 .UNSPECIFIED., .F., .F.,
 ( 4, 4 ),
 ( 0.0000000000000000000, 1.000000000000000000 ),
 .UNSPECIFIED. ) ;
#8778 = CARTESIAN_POINT ( 'NONE',  ( 1.745000000000000329, -0.03000000000000000930, 2.100000000000000089 ) ) ;
#8779 =( NAMED_UNIT ( * ) SI_UNIT ( $, .STERADIAN. ) SOLID_ANGLE_UNIT ( ) );
#8780 = FACE_OUTER_BOUND ( 'NONE', #9883, .T. ) ;
#8781 = EDGE_CURVE ( 'NONE', #1272, #11712, #3591, .T. ) ;
#8782 = VERTEX_POINT ( 'NONE', #255 ) ;
#8783 = VERTEX_POINT ( 'NONE', #2857 ) ;
#8784 = CARTESIAN_POINT ( 'NONE',  ( 0.5433846534675902396, 0.8900000000000000133, -0.3069928087964216012 ) ) ;
#8785 = CARTESIAN_POINT ( 'NONE',  ( 1.760785161669040200, 0.8899999999999997913, -0.1187526057378810035 ) ) ;
#8786 = CARTESIAN_POINT ( 'NONE',  ( -2.500447051772229923, 0.1000000000000000056, -1.875000000000000000 ) ) ;
#8787 = EDGE_CURVE ( 'NONE', #4597, #9971, #3443, .T. ) ;
#8788 = EDGE_CURVE ( 'NONE', #4430, #4537, #5577, .T. ) ;
#8789 = CARTESIAN_POINT ( 'NONE',  ( 2.220000000000000195, 0.0000000000000000000, 1.625000000000000222 ) ) ;
#8790 = ORIENTED_EDGE ( 'NONE', *, *, #3332, .T. ) ;
#8791 = CARTESIAN_POINT ( 'NONE',  ( -1.751666666666666483, 0.0000000000000000000, -2.100000000000000089 ) ) ;
#8792 = CARTESIAN_POINT ( 'NONE',  ( 0.0000000000000000000, 0.9000000000000001332, -0.3316052058057050167 ) ) ;
#8793 = AXIS2_PLACEMENT_3D ( 'NONE', #8692, #11379, #8635 ) ;
#8794 = CARTESIAN_POINT ( 'NONE',  ( 2.500447051772229923, 0.1000000000000000056, 1.125000000000000222 ) ) ;
#8795 = VERTEX_POINT ( 'NONE', #6375 ) ;
#8796 = CARTESIAN_POINT ( 'NONE',  ( 1.719285493790500219, 0.8900000000000000133, -0.2378877532266260031 ) ) ;
#8797 = CARTESIAN_POINT ( 'NONE',  ( -2.112932771566822687, -0.0000000000000000000, -0.1823616009484066991 ) ) ;
#8798 = DIRECTION ( 'NONE',  ( 0.0000000000000000000, 0.0000000000000000000, -1.000000000000000000 ) ) ;
#8799 = DIRECTION ( 'NONE',  ( -1.000000000000000000, 0.0000000000000000000, -0.0000000000000000000 ) ) ;
#8800 = DIRECTION ( 'NONE',  ( -0.0000000000000000000, -1.000000000000000000, -0.0000000000000000000 ) ) ;
#8801 = ORIENTED_EDGE ( 'NONE', *, *, #8409, .T. ) ;
#8802 = CARTESIAN_POINT ( 'NONE',  ( 2.100000000000000089, 0.1000000000000000056, -0.2549999999999990052 ) ) ;
#8803 = ADVANCED_FACE ( 'NONE', ( #7506 ), #4213, .T. ) ;
#8804 = CARTESIAN_POINT ( 'NONE',  ( -1.375000000000000444, -0.03000000000000000930, -2.188584073464102442 ) ) ;
#8805 = ADVANCED_FACE ( 'NONE', ( #3991 ), #6854, .T. ) ;
#8806 = EDGE_LOOP ( 'NONE', ( #6201, #4458, #324, #82, #9233, #6483 ) ) ;
#8807 =( GEOMETRIC_REPRESENTATION_CONTEXT ( 3 ) GLOBAL_UNCERTAINTY_ASSIGNED_CONTEXT ( ( #9697 ) ) GLOBAL_UNIT_ASSIGNED_CONTEXT ( ( #3123, #10467, #4974 ) ) REPRESENTATION_CONTEXT ( 'NONE', 'WORKASPACE' ) );
#8808 = EDGE_LOOP ( 'NONE', ( #6358, #1354, #3130, #3099 ) ) ;
#8809 = CARTESIAN_POINT ( 'NONE',  ( 0.1250000000000000000, 0.0000000000000000000, -2.220000000000000195 ) ) ;
#8810 = VERTEX_POINT ( 'NONE', #372 ) ;
#8811 = LINE ( 'NONE', #7844, #6383 ) ;
#8812 = ORIENTED_EDGE ( 'NONE', *, *, #8578, .T. ) ;
#8813 = CARTESIAN_POINT ( 'NONE',  ( 0.8082603264756339501, 0.8900000000000000133, -0.3819724973372010113 ) ) ;
#8814 = LINE ( 'NONE', #11346, #6528 ) ;
#8815 = ORIENTED_EDGE ( 'NONE', *, *, #9647, .F. ) ;
#8816 = MECHANICAL_DESIGN_GEOMETRIC_PRESENTATION_REPRESENTATION (  '', ( #4247 ), #5582 ) ;
#8817 = CARTESIAN_POINT ( 'NONE',  ( -2.220000000000000195, -0.03000000000000000583, -0.1250000000000000000 ) ) ;
#8818 = CARTESIAN_POINT ( 'NONE',  ( 2.100000000000000533, 0.0000000000000000000, -0.2864159265358970363 ) ) ;
#8819 = CARTESIAN_POINT ( 'NONE',  ( -1.966007182393600283, 0.9000000000000001332, -0.3316052058057050167 ) ) ;
#8820 = CARTESIAN_POINT ( 'NONE',  ( -0.1250000000000000555, 0.0000000000000000000, -2.500000000000000000 ) ) ;
#8821 = FILL_AREA_STYLE_COLOUR ( '', #4035 ) ;
#8822 = EDGE_CURVE ( 'NONE', #9295, #9041, #7771, .T. ) ;
#8823 = VERTEX_POINT ( 'NONE', #2316 ) ;
#8824 = B_SPLINE_CURVE_WITH_KNOTS ( 'NONE', 3,
 ( #5442, #9083, #1686, #8172 ),
 .UNSPECIFIED., .F., .F.,
 ( 4, 4 ),
 ( 0.0000000000000000000, 1.000000000000000000 ),
 .UNSPECIFIED. ) ;
#8825 = CARTESIAN_POINT ( 'NONE',  ( 0.6095699525794630036, 0.8999999999999999112, 0.1397712656946689946 ) ) ;
#8826 =( GEOMETRIC_REPRESENTATION_CONTEXT ( 3 ) GLOBAL_UNCERTAINTY_ASSIGNED_CONTEXT ( ( #2186 ) ) GLOBAL_UNIT_ASSIGNED_CONTEXT ( ( #2758, #6211, #9319 ) ) REPRESENTATION_CONTEXT ( 'NONE', 'WORKASPACE' ) );
#8827 = VERTEX_POINT ( 'NONE', #1324 ) ;
#8828 = LINE ( 'NONE', #665, #11710 ) ;
#8829 = ORIENTED_EDGE ( 'NONE', *, *, #4697, .T. ) ;
#8830 = EDGE_CURVE ( 'NONE', #7840, #10448, #2136, .T. ) ;
#8831 = CARTESIAN_POINT ( 'NONE',  ( 2.313333333333333464, 0.0000000000000000000, 0.6250000000000000000 ) ) ;
#8832 = DIRECTION ( 'NONE',  ( 0.0000000000000000000, 1.000000000000000000, -0.0000000000000000000 ) ) ;
#8833 = SURFACE_STYLE_USAGE ( .BOTH. , #1613 ) ;
#8834 = CARTESIAN_POINT ( 'NONE',  ( -0.7450000000000003286, 0.0000000000000000000, -2.100000000000000089 ) ) ;
#8835 = DIRECTION ( 'NONE',  ( -1.000000000000000000, 0.0000000000000000000, -0.0000000000000000000 ) ) ;
#8836 = EDGE_CURVE ( 'NONE', #9716, #381, #3211, .T. ) ;
#8837 = EDGE_LOOP ( 'NONE', ( #10758, #21, #3808, #6553, #9033 ) ) ;
#8838 = PLANE ( 'NONE',  #2616 ) ;
#8839 = VERTEX_POINT ( 'NONE', #8521 ) ;
#8840 = ORIENTED_EDGE ( 'NONE', *, *, #7685, .F. ) ;
#8841 = VECTOR ( 'NONE', #5773, 1000.000000000000000 ) ;
#8842 = LINE ( 'NONE', #5319, #7014 ) ;
#8843 = DIRECTION ( 'NONE',  ( 0.0000000000000000000, 0.0000000000000000000, -1.000000000000000000 ) ) ;
#8844 = ORIENTED_EDGE ( 'NONE', *, *, #897, .F. ) ;
#8845 = FACE_OUTER_BOUND ( 'NONE', #3163, .T. ) ;
#8846 = CARTESIAN_POINT ( 'NONE',  ( -2.157361600948405123, -0.03000000000000001277, 0.8620672284331775126 ) ) ;
#8847 = EDGE_CURVE ( 'NONE', #5066, #7192, #2003, .T. ) ;
#8848 = CARTESIAN_POINT ( 'NONE',  ( -1.374999999999999778, 0.1000000000000000194, -2.500052547825884819 ) ) ;
#8849 = B_SPLINE_CURVE_WITH_KNOTS ( 'NONE', 3,
 ( #6922, #2150, #389, #4130, #4890, #332 ),
 .UNSPECIFIED., .F., .F.,
 ( 4, 2, 4 ),
 ( 0.0000000000000000000, 0.5000000000000000000, 1.000000000000000000 ),
 .UNSPECIFIED. ) ;
#8850 = CARTESIAN_POINT ( 'NONE',  ( -0.8620672284331775126, -0.03000000000000001277, -2.157361600948405123 ) ) ;
#8851 = ORIENTED_EDGE ( 'NONE', *, *, #3917, .F. ) ;
#8852 = CARTESIAN_POINT ( 'NONE',  ( 2.157361600948406455, -0.0000000000000000000, 1.362067228433177846 ) ) ;
#8853 = EDGE_CURVE ( 'NONE', #4850, #8990, #4141, .T. ) ;
#8854 = MECHANICAL_DESIGN_GEOMETRIC_PRESENTATION_REPRESENTATION (  '', ( #4851 ), #3911 ) ;
#8855 = DIRECTION ( 'NONE',  ( 0.0000000000000000000, 0.0000000000000000000, -1.000000000000000000 ) ) ;
#8856 = VERTEX_POINT ( 'NONE', #486 ) ;
#8857 = CARTESIAN_POINT ( 'NONE',  ( 1.750000000000000222, 0.0000000000000000000, 1.446694957894780087 ) ) ;
#8858 = CARTESIAN_POINT ( 'NONE',  ( 1.625000000000000222, 0.1000000000000000056, 2.500105095651770082 ) ) ;
#8859 = CARTESIAN_POINT ( 'NONE',  ( -2.500447051772229923, -0.03000000000000000930, -0.8750000000000000000 ) ) ;
#8860 = LINE ( 'NONE', #4379, #10293 ) ;
#8861 = ORIENTED_EDGE ( 'NONE', *, *, #11022, .T. ) ;
#8862 = DIRECTION ( 'NONE',  ( 1.000000000000000000, -0.0000000000000000000, 0.0000000000000000000 ) ) ;
#8863 = DIRECTION ( 'NONE',  ( 0.0000000000000000000, -0.0000000000000000000, -1.000000000000000000 ) ) ;
#8864 = VERTEX_POINT ( 'NONE', #11283 ) ;
#8865 = VECTOR ( 'NONE', #9109, 1000.000000000000000 ) ;
#8866 = PRESENTATION_LAYER_ASSIGNMENT (  '', '', ( #6958 ) ) ;
#8867 = B_SPLINE_CURVE_WITH_KNOTS ( 'NONE', 3,
 ( #1363, #5093, #633, #6772 ),
 .UNSPECIFIED., .F., .F.,
 ( 4, 4 ),
 ( 0.0000000000000000000, 1.000000000000000000 ),
 .UNSPECIFIED. ) ;
#8868 = VERTEX_POINT ( 'NONE', #10319 ) ;
#8869 = CARTESIAN_POINT ( 'NONE',  ( 1.446694957894780087, -0.03000000000000000236, 1.750000000000000000 ) ) ;
#8870 = ADVANCED_FACE ( 'NONE', ( #3094 ), #1436, .F. ) ;
#8871 = CARTESIAN_POINT ( 'NONE',  ( 0.7999088249101119485, 0.8900000000000000133, -0.1552205436024178264 ) ) ;
#8872 = VERTEX_POINT ( 'NONE', #9479 ) ;
#8873 = STYLED_ITEM ( 'NONE', ( #11714 ), #6041 ) ;
#8874 = CARTESIAN_POINT ( 'NONE',  ( 1.446694957894780309, 0.0000000000000000000, 1.750000000000000222 ) ) ;
#8875 = EDGE_LOOP ( 'NONE', ( #4330, #677, #5990, #980, #5389, #4005 ) ) ;
#8876 = AXIS2_PLACEMENT_3D ( 'NONE', #7708, #455, #8843 ) ;
#8877 = CARTESIAN_POINT ( 'NONE',  ( -2.100000000000000089, 0.0000000000000000000, 1.745000000000000551 ) ) ;
#8878 = FACE_OUTER_BOUND ( 'NONE', #4753, .T. ) ;
#8879 = CARTESIAN_POINT ( 'NONE',  ( 0.1250000000000000555, 0.0000000000000000000, -2.500000000000000000 ) ) ;
#8880 = CARTESIAN_POINT ( 'NONE',  ( 0.01512489307809719921, 0.8900000000000000133, 0.03479771567938359789 ) ) ;
#8881 = CARTESIAN_POINT ( 'NONE',  ( -2.100000000000000089, 0.0000000000000000000, -0.7549999999999990052 ) ) ;
#8882 = ORIENTED_EDGE ( 'NONE', *, *, #2501, .F. ) ;
#8883 = DIRECTION ( 'NONE',  ( 0.2585431947893009896, 0.0000000000000000000, -0.9659996979441254350 ) ) ;
#8884 = VECTOR ( 'NONE', #281, 1000.000000000000000 ) ;
#8885 = VERTEX_POINT ( 'NONE', #4939 ) ;
#8886 = CARTESIAN_POINT ( 'NONE',  ( -2.100000000000000089, 0.0000000000000000000, -1.751666666666666483 ) ) ;
#8887 = ADVANCED_FACE ( 'NONE', ( #3152 ), #1384, .T. ) ;
#8888 = ORIENTED_EDGE ( 'NONE', *, *, #7200, .F. ) ;
#8889 = EDGE_LOOP ( 'NONE', ( #3896, #11343, #117, #5433 ) ) ;
#8890 = DIRECTION ( 'NONE',  ( 0.0000000000000000000, 0.0000000000000000000, 1.000000000000000000 ) ) ;
#8891 = B_SPLINE_CURVE_WITH_KNOTS ( 'NONE', 3,
 ( #418, #2952, #2234, #2062 ),
 .UNSPECIFIED., .F., .F.,
 ( 4, 4 ),
 ( 0.0000000000000000000, 1.000000000000000000 ),
 .UNSPECIFIED. ) ;
#8892 = CARTESIAN_POINT ( 'NONE',  ( 0.6669812533945912447, 0.8899999999999999023, -0.3030598619225642887 ) ) ;
#8893 = VECTOR ( 'NONE', #4229, 1000.000000000000000 ) ;
#8894 = SURFACE_STYLE_USAGE ( .BOTH. , #2438 ) ;
#8895 =( NAMED_UNIT ( * ) PLANE_ANGLE_UNIT ( ) SI_UNIT ( $, .RADIAN. ) );
#8896 = EDGE_CURVE ( 'NONE', #921, #7502, #2077, .T. ) ;
#8897 = ORIENTED_EDGE ( 'NONE', *, *, #1030, .T. ) ;
#8898 = ORIENTED_EDGE ( 'NONE', *, *, #10350, .F. ) ;
#8899 = EDGE_CURVE ( 'NONE', #2303, #4121, #8458, .T. ) ;
#8900 = ORIENTED_EDGE ( 'NONE', *, *, #8199, .T. ) ;
#8901 = LINE ( 'NONE', #3593, #9341 ) ;
#8902 = DIRECTION ( 'NONE',  ( 0.0000000000000000000, 0.0000000000000000000, -1.000000000000000000 ) ) ;
#8903 = CARTESIAN_POINT ( 'NONE',  ( -2.220000000000000195, -0.03000000000000000930, -0.8750000000000000000 ) ) ;
#8904 = ORIENTED_EDGE ( 'NONE', *, *, #291, .T. ) ;
#8905 = CARTESIAN_POINT ( 'NONE',  ( -0.8750000000000001110, 0.0000000000000000000, 2.220000000000000195 ) ) ;
#8906 = SURFACE_SIDE_STYLE ('',( #982 ) ) ;
#8907 = DIRECTION ( 'NONE',  ( 0.0000000000000000000, 0.0000000000000000000, 1.000000000000000000 ) ) ;
#8908 = COLOUR_RGB ( '',1.000000000000000000, 1.000000000000000000, 1.000000000000000000 ) ;
#8909 = CARTESIAN_POINT ( 'NONE',  ( -1.374999999999999778, 0.1000000000000000194, 2.500052547825884819 ) ) ;
#8910 = CARTESIAN_POINT ( 'NONE',  ( 0.6250000000000000000, 0.0000000000000000000, -2.220000000000000195 ) ) ;
#8911 = VECTOR ( 'NONE', #7061, 1000.000000000000000 ) ;
#8912 = ORIENTED_EDGE ( 'NONE', *, *, #3859, .F. ) ;
#8913 = EDGE_CURVE ( 'NONE', #10919, #9794, #5290, .T. ) ;
#8914 =( NAMED_UNIT ( * ) PLANE_ANGLE_UNIT ( ) SI_UNIT ( $, .RADIAN. ) );
#8915 = CYLINDRICAL_SURFACE ( 'NONE', #6189, 0.1199999999999998845 ) ;
#8916 = ORIENTED_EDGE ( 'NONE', *, *, #11352, .T. ) ;
#8917 = CARTESIAN_POINT ( 'NONE',  ( -0.8750000000000000000, 0.1000000000000000056, 2.220000000000000195 ) ) ;
#8918 = VECTOR ( 'NONE', #2211, 1000.000000000000000 ) ;
#8919 = CARTESIAN_POINT ( 'NONE',  ( 2.100000000000000533, 0.0000000000000000000, -1.286415926535898091 ) ) ;
#8920 = ORIENTED_EDGE ( 'NONE', *, *, #6789, .T. ) ;
#8921 = B_SPLINE_CURVE_WITH_KNOTS ( 'NONE', 3,
 ( #4741, #3920, #8388, #7556 ),
 .UNSPECIFIED., .F., .F.,
 ( 4, 4 ),
 ( 0.0000000000000000000, 1.000000000000000000 ),
 .UNSPECIFIED. ) ;
#8922 = B_SPLINE_CURVE_WITH_KNOTS ( 'NONE', 3,
 ( #6778, #11483, #3310, #10480 ),
 .UNSPECIFIED., .F., .F.,
 ( 4, 4 ),
 ( 0.0000000000000000000, 1.000000000000000000 ),
 .UNSPECIFIED. ) ;
#8923 = ORIENTED_EDGE ( 'NONE', *, *, #2937, .F. ) ;
#8924 = CARTESIAN_POINT ( 'NONE',  ( 0.5297931827920353554, 0.8900000000000000133, -0.3810269952153216289 ) ) ;
#8925 = EDGE_CURVE ( 'NONE', #773, #4927, #9831, .T. ) ;
#8926 = VECTOR ( 'NONE', #8354, 1000.000000000000000 ) ;
#8927 = ORIENTED_EDGE ( 'NONE', *, *, #10071, .T. ) ;
#8928 = DIRECTION ( 'NONE',  ( 1.000000000000000000, 0.0000000000000000000, -0.0000000000000000000 ) ) ;
#8929 = VERTEX_POINT ( 'NONE', #6910 ) ;
#8930 =( LENGTH_UNIT ( ) NAMED_UNIT ( * ) SI_UNIT ( .MILLI., .METRE. ) );
#8931 = VERTEX_POINT ( 'NONE', #5228 ) ;
#8932 = CARTESIAN_POINT ( 'NONE',  ( 0.6669812533945910227, 0.8900000000000000133, -0.3030598619225640111 ) ) ;
#8933 = CARTESIAN_POINT ( 'NONE',  ( 0.3811299719298534283, 0.0000000000000000000, 1.750000000000000000 ) ) ;
#8934 = VECTOR ( 'NONE', #338, 1000.000000000000000 ) ;
#8935 = CARTESIAN_POINT ( 'NONE',  ( 1.286415926535898091, 0.0000000000000000000, -2.100000000000000089 ) ) ;
#8936 = CARTESIAN_POINT ( 'NONE',  ( -2.500000000000000000, 0.0000000000000000000, -0.6250000000000000000 ) ) ;
#8937 = AXIS2_PLACEMENT_3D ( 'NONE', #6064, #10670, #3383 ) ;
#8938 = CARTESIAN_POINT ( 'NONE',  ( -2.100000000000000089, 0.0000000000000000000, -1.254999999999999893 ) ) ;
#8939 = CARTESIAN_POINT ( 'NONE',  ( -2.500223525886114739, 0.1000000000000000194, -0.6250000000000001110 ) ) ;
#8940 = LINE ( 'NONE', #11676, #8607 ) ;
#8941 = VERTEX_POINT ( 'NONE', #8819 ) ;
#8942 = EDGE_CURVE ( 'NONE', #5963, #344, #5359, .T. ) ;
#8943 = VECTOR ( 'NONE', #2481, 1000.000000000000000 ) ;
#8944 = AXIS2_PLACEMENT_3D ( 'NONE', #10793, #3331, #7091 ) ;
#8945 = ORIENTED_EDGE ( 'NONE', *, *, #11323, .F. ) ;
#8946 = AXIS2_PLACEMENT_3D ( 'NONE', #2920, #10985, #9128 ) ;
#8947 = CARTESIAN_POINT ( 'NONE',  ( -0.7450000000000009948, 0.1000000000000000056, -2.100000000000000089 ) ) ;
#8948 = ORIENTED_EDGE ( 'NONE', *, *, #8732, .F. ) ;
#8949 = EDGE_LOOP ( 'NONE', ( #8188, #11547, #707, #10114 ) ) ;
#8950 = CARTESIAN_POINT ( 'NONE',  ( 1.125000000000000222, 0.0000000000000000000, 2.500000000000000000 ) ) ;
#8951 = CARTESIAN_POINT ( 'NONE',  ( 74.09240250882329804, 0.8900000000000000133, -19.99421807794459838 ) ) ;
#8952 = B_SPLINE_CURVE_WITH_KNOTS ( 'NONE', 3,
 ( #7738, #11442, #7686, #1434 ),
 .UNSPECIFIED., .F., .F.,
 ( 4, 4 ),
 ( 0.0000000000000000000, 1.000000000000000000 ),
 .UNSPECIFIED. ) ;
#8953 = CARTESIAN_POINT ( 'NONE',  ( -2.291666666666666519, 0.0000000000000000000, 2.500000000000000000 ) ) ;
#8954 = CARTESIAN_POINT ( 'NONE',  ( -1.125000000000000222, -0.03000000000000000930, -2.500105095651770082 ) ) ;
#8955 = CARTESIAN_POINT ( 'NONE',  ( 2.157361600948405123, -0.0000000000000000000, 0.3620672284331774571 ) ) ;
#8956 = UNCERTAINTY_MEASURE_WITH_UNIT (LENGTH_MEASURE( 1.000000000000000082E-05 ), #9785, 'distance_accuracy_value', 'NONE');
#8957 = LINE ( 'NONE', #794, #5743 ) ;
#8958 = DIRECTION ( 'NONE',  ( -0.0000000000000000000, -1.000000000000000000, -0.0000000000000000000 ) ) ;
#8959 = ORIENTED_EDGE ( 'NONE', *, *, #6625, .T. ) ;
#8960 = PRESENTATION_LAYER_ASSIGNMENT (  '', '', ( #1520 ) ) ;
#8961 = CARTESIAN_POINT ( 'NONE',  ( 0.8749999999999998890, 0.1000000000000000194, 2.500052547825884819 ) ) ;
#8962 = EDGE_CURVE ( 'NONE', #4520, #9307, #8678, .T. ) ;
#8963 = CARTESIAN_POINT ( 'NONE',  ( 0.2864159265358980355, -0.03000000000000000930, 2.100000000000000089 ) ) ;
#8964 = ORIENTED_EDGE ( 'NONE', *, *, #2350, .T. ) ;
#8965 = AXIS2_PLACEMENT_3D ( 'NONE', #5737, #8539, #388 ) ;
#8966 = EDGE_LOOP ( 'NONE', ( #2712, #3737, #8319, #976 ) ) ;
#8967 = ORIENTED_EDGE ( 'NONE', *, *, #10717, .T. ) ;
#8968 = LINE ( 'NONE', #920, #8103 ) ;
#8969 = CARTESIAN_POINT ( 'NONE',  ( -1.875000000000000000, 0.1000000000000000056, -2.500105095651770082 ) ) ;
#8970 = VERTEX_POINT ( 'NONE', #2605 ) ;
#8971 = LINE ( 'NONE', #7989, #1325 ) ;
#8972 =( NAMED_UNIT ( * ) PLANE_ANGLE_UNIT ( ) SI_UNIT ( $, .RADIAN. ) );
#8973 = ADVANCED_FACE ( 'NONE', ( #8878 ), #1546, .T. ) ;
#8974 = DIRECTION ( 'NONE',  ( -0.0000000000000000000, 1.000000000000000000, -0.0000000000000000000 ) ) ;
#8975 = DIRECTION ( 'NONE',  ( 0.0000000000000000000, 1.000000000000000000, 0.0000000000000000000 ) ) ;
#8976 = EDGE_CURVE ( 'NONE', #6600, #1083, #4281, .T. ) ;
#8977 = LINE ( 'NONE', #6399, #10280 ) ;
#8978 = ORIENTED_EDGE ( 'NONE', *, *, #10281, .F. ) ;
#8979 = LINE ( 'NONE', #811, #12 ) ;
#8980 = CARTESIAN_POINT ( 'NONE',  ( 2.220000000000000195, 0.1000000000000000056, -1.254999999999999893 ) ) ;
#8981 = ORIENTED_EDGE ( 'NONE', *, *, #11105, .T. ) ;
#8982 = CARTESIAN_POINT ( 'NONE',  ( -0.1412354234161199984, 0.8900000000000000133, 0.3083217570670889751 ) ) ;
#8983 = EDGE_CURVE ( 'NONE', #7705, #3747, #728, .T. ) ;
#8984 = SURFACE_SIDE_STYLE ('',( #4615 ) ) ;
#8985 = EDGE_CURVE ( 'NONE', #9484, #10631, #2422, .T. ) ;
#8986 = FACE_OUTER_BOUND ( 'NONE', #958, .T. ) ;
#8987 = DIRECTION ( 'NONE',  ( -0.0000000000000000000, 0.0000000000000000000, -1.000000000000000000 ) ) ;
#8988 = CARTESIAN_POINT ( 'NONE',  ( -1.875000000000000000, -0.03000000000000000930, -2.500105095651770082 ) ) ;
#8989 = ORIENTED_EDGE ( 'NONE', *, *, #3743, .F. ) ;
#8990 = VERTEX_POINT ( 'NONE', #8936 ) ;
#8991 = EDGE_CURVE ( 'NONE', #2303, #952, #7850, .T. ) ;
#8992 = DIRECTION ( 'NONE',  ( 0.0000000000000000000, -0.0000000000000000000, 1.000000000000000000 ) ) ;
#8993 = VERTEX_POINT ( 'NONE', #10727 ) ;
#8994 = AXIS2_PLACEMENT_3D ( 'NONE', #8206, #837, #2608 ) ;
#8995 = CARTESIAN_POINT ( 'NONE',  ( -1.245000000000000329, -0.03000000000000000930, -2.100000000000000089 ) ) ;
#8996 = ORIENTED_EDGE ( 'NONE', *, *, #1744, .F. ) ;
#8997 = CARTESIAN_POINT ( 'NONE',  ( -2.313333333333333464, 0.0000000000000000000, -1.875000000000000000 ) ) ;
#8998 = VERTEX_POINT ( 'NONE', #3507 ) ;
#8999 = CARTESIAN_POINT ( 'NONE',  ( 2.188584073464102886, -0.03000000000000000930, -1.625000000000000444 ) ) ;
#9000 = CARTESIAN_POINT ( 'NONE',  ( -0.1379327715668224597, -0.03000000000000000930, -2.157361600948406011 ) ) ;
#9001 = B_SPLINE_CURVE_WITH_KNOTS ( 'NONE', 3,
 ( #6662, #6602, #179, #3129 ),
 .UNSPECIFIED., .F., .F.,
 ( 4, 4 ),
 ( 0.0000000000000000000, 1.000000000000000000 ),
 .UNSPECIFIED. ) ;
#9002 = CARTESIAN_POINT ( 'NONE',  ( -2.100000000000000089, 0.0000000000000000000, 1.751666666666666483 ) ) ;
#9003 = CARTESIAN_POINT ( 'NONE',  ( 2.100000000000000089, -0.03000000000000000930, 0.7450000000000009948 ) ) ;
#9004 = FILL_AREA_STYLE ('',( #4396 ) ) ;
#9005 = DIRECTION ( 'NONE',  ( 0.0000000000000000000, 1.000000000000000000, -0.0000000000000000000 ) ) ;
#9006 = DIRECTION ( 'NONE',  ( -0.0000000000000000000, -1.000000000000000000, -0.0000000000000000000 ) ) ;
#9007 = ORIENTED_EDGE ( 'NONE', *, *, #3038, .T. ) ;
#9008 = ADVANCED_FACE ( 'NONE', ( #7906 ), #11499, .T. ) ;
#9009 = FACE_OUTER_BOUND ( 'NONE', #7949, .T. ) ;
#9010 = CARTESIAN_POINT ( 'NONE',  ( 2.220000000000000195, 0.1000000000000000056, -1.875000000000000000 ) ) ;
#9011 = VERTEX_POINT ( 'NONE', #834 ) ;
#9012 = ORIENTED_EDGE ( 'NONE', *, *, #2703, .F. ) ;
#9013 = FILL_AREA_STYLE_COLOUR ( '', #3579 ) ;
#9014 = EDGE_CURVE ( 'NONE', #10631, #6793, #6177, .T. ) ;
#9015 = FILL_AREA_STYLE_COLOUR ( '', #2566 ) ;
#9016 = CARTESIAN_POINT ( 'NONE',  ( -2.499999999999999556, 0.0000000000000000000, 2.500000000000000000 ) ) ;
#9017 = DIRECTION ( 'NONE',  ( 0.0000000000000000000, 0.0000000000000000000, -1.000000000000000000 ) ) ;
#9018 = CARTESIAN_POINT ( 'NONE',  ( -1.354625563403949906, 0.9000000000000001332, 0.01392127015290760099 ) ) ;
#9019 = CARTESIAN_POINT ( 'NONE',  ( -2.500223525886114739, 0.1000000000000000333, 0.8750000000000000000 ) ) ;
#9020 = PRESENTATION_STYLE_ASSIGNMENT (( #8894 ) ) ;
#9021 = ORIENTED_EDGE ( 'NONE', *, *, #276, .T. ) ;
#9022 = CARTESIAN_POINT ( 'NONE',  ( -1.374999999999999778, 0.1000000000000000194, 2.500052547825884819 ) ) ;
#9023 = CARTESIAN_POINT ( 'NONE',  ( 1.245000000000000329, 0.1000000000000000056, -2.220000000000000195 ) ) ;
#9024 = ORIENTED_EDGE ( 'NONE', *, *, #11257, .F. ) ;
#9025 = B_SPLINE_CURVE_WITH_KNOTS ( 'NONE', 3,
 ( #3260, #7843, #3319, #6901 ),
 .UNSPECIFIED., .F., .F.,
 ( 4, 4 ),
 ( 0.0000000000000000000, 1.000000000000000000 ),
 .UNSPECIFIED. ) ;
#9026 = ORIENTED_EDGE ( 'NONE', *, *, #10734, .T. ) ;
#9027 = ORIENTED_EDGE ( 'NONE', *, *, #6550, .T. ) ;
#9028 = CARTESIAN_POINT ( 'NONE',  ( -0.3750000000000000555, -0.03000000000000000930, -2.500105095651770082 ) ) ;
#9029 = EDGE_CURVE ( 'NONE', #11741, #11210, #11615, .T. ) ;
#9030 = CARTESIAN_POINT ( 'NONE',  ( -0.6250000000000000000, 0.0000000000000000000, 2.500000000000000000 ) ) ;
#9031 = CARTESIAN_POINT ( 'NONE',  ( 2.100000000000000089, 0.1000000000000000056, -1.254999999999999893 ) ) ;
#9032 = ADVANCED_FACE ( 'NONE', ( #6243 ), #9890, .T. ) ;
#9033 = ORIENTED_EDGE ( 'NONE', *, *, #7171, .F. ) ;
#9034 = CARTESIAN_POINT ( 'NONE',  ( 2.100000000000000089, 0.1000000000000000056, 1.254999999999999893 ) ) ;
#9035 = CARTESIAN_POINT ( 'NONE',  ( -2.100000000000000089, -0.03000000000000000930, 0.7864159265358973139 ) ) ;
#9036 = CARTESIAN_POINT ( 'NONE',  ( 1.375000000000000000, 0.0000000000000000000, 2.500000000000000000 ) ) ;
#9037 = CARTESIAN_POINT ( 'NONE',  ( -2.500447051772229923, -0.03000000000000000930, -1.625000000000000444 ) ) ;
#9038 = CARTESIAN_POINT ( 'NONE',  ( -1.286415926535898091, 0.0000000000000000000, -2.100000000000000533 ) ) ;
#9039 = LINE ( 'NONE', #11711, #1452 ) ;
#9040 = ADVANCED_FACE ( 'NONE', ( #10856 ), #8142, .T. ) ;
#9041 = VERTEX_POINT ( 'NONE', #2791 ) ;
#9042 = CARTESIAN_POINT ( 'NONE',  ( 0.5416666666666666297, 0.0000000000000000000, -2.500000000000000000 ) ) ;
#9043 = CARTESIAN_POINT ( 'NONE',  ( 2.220000000000000195, -0.03000000000000000236, -1.745000000000000329 ) ) ;
#9044 = VECTOR ( 'NONE', #3807, 1000.000000000000000 ) ;
#9045 =( LENGTH_UNIT ( ) NAMED_UNIT ( * ) SI_UNIT ( .MILLI., .METRE. ) );
#9046 = CARTESIAN_POINT ( 'NONE',  ( 2.100000000000000089, -0.03000000000000000583, 1.745000000000000329 ) ) ;
#9047 = CARTESIAN_POINT ( 'NONE',  ( 0.3750000000000000000, 0.0000000000000000000, 2.313333333333333464 ) ) ;
#9048 = ORIENTED_EDGE ( 'NONE', *, *, #11736, .T. ) ;
#9049 = CARTESIAN_POINT ( 'NONE',  ( -1.625000000000000222, 0.06666666666666669350, -2.500000000000000000 ) ) ;
#9050 = EDGE_LOOP ( 'NONE', ( #9594, #5733, #3440, #771 ) ) ;
#9051 = ADVANCED_FACE ( 'NONE', ( #2672 ), #8323, .T. ) ;
#9052 = LINE ( 'NONE', #6170, #2361 ) ;
#9053 = CARTESIAN_POINT ( 'NONE',  ( -2.500223525886114739, 0.1000000000000000194, -1.125000000000000222 ) ) ;
#9054 = ADVANCED_FACE ( 'NONE', ( #10008 ), #2901, .T. ) ;
#9055 = ORIENTED_EDGE ( 'NONE', *, *, #10021, .T. ) ;
#9056 = CARTESIAN_POINT ( 'NONE',  ( -1.375000000000000000, 0.0000000000000000000, 2.220000000000000195 ) ) ;
#9057 = CARTESIAN_POINT ( 'NONE',  ( -0.1250000000000000000, -0.03000000000000000583, -2.220000000000000195 ) ) ;
#9058 = B_SPLINE_CURVE_WITH_KNOTS ( 'NONE', 3,
 ( #10597, #1246, #10427, #10539 ),
 .UNSPECIFIED., .F., .F.,
 ( 4, 4 ),
 ( 0.0000000000000000000, 1.000000000000000000 ),
 .UNSPECIFIED. ) ;
#9059 = CARTESIAN_POINT ( 'NONE',  ( 2.220000000000000195, 0.1000000000000000056, -0.3750000000000000000 ) ) ;
#9060 = CARTESIAN_POINT ( 'NONE',  ( -1.055112477585320008, 0.9000000000000001332, -0.1633154918677859890 ) ) ;
#9061 = VECTOR ( 'NONE', #9903, 1000.000000000000000 ) ;
#9062 = LINE ( 'NONE', #5363, #4787 ) ;
#9063 = ORIENTED_EDGE ( 'NONE', *, *, #8397, .F. ) ;
#9064 = PRESENTATION_STYLE_ASSIGNMENT (( #5367 ) ) ;
#9065 = ORIENTED_EDGE ( 'NONE', *, *, #6266, .F. ) ;
#9066 = VECTOR ( 'NONE', #8198, 1000.000000000000000 ) ;
#9067 = SURFACE_STYLE_USAGE ( .BOTH. , #5425 ) ;
#9068 = EDGE_CURVE ( 'NONE', #3589, #5222, #4454, .T. ) ;
#9069 = ORIENTED_EDGE ( 'NONE', *, *, #5017, .F. ) ;
#9070 = ORIENTED_EDGE ( 'NONE', *, *, #11193, .F. ) ;
#9071 = CARTESIAN_POINT ( 'NONE',  ( 0.8750000000000000000, 0.0000000000000000000, 2.406666666666666732 ) ) ;
#9072 =( LENGTH_UNIT ( ) NAMED_UNIT ( * ) SI_UNIT ( .MILLI., .METRE. ) );
#9073 = CARTESIAN_POINT ( 'NONE',  ( -2.220000000000000195, 0.0000000000000000000, 0.8750000000000001110 ) ) ;
#9074 = DIRECTION ( 'NONE',  ( 1.000000000000000000, 0.0000000000000000000, -0.0000000000000000000 ) ) ;
#9075 = LINE ( 'NONE', #2807, #4523 ) ;
#9076 = PLANE ( 'NONE',  #5698 ) ;
#9077 = EDGE_CURVE ( 'NONE', #10224, #1641, #1844, .T. ) ;
#9078 = VERTEX_POINT ( 'NONE', #10132 ) ;
#9079 = VERTEX_POINT ( 'NONE', #10972 ) ;
#9080 = B_SPLINE_SURFACE_WITH_KNOTS ( 'NONE', 3, 1, ( 
 ( #11614, #6120 ),
 ( #9709, #1544 ),
 ( #10785, #4393 ),
 ( #5357, #4510 ) ),
 .UNSPECIFIED., .F., .F., .F.,
 ( 4, 4 ),
 ( 2, 2 ),
 ( 0.0000000000000000000, 1.000000000000000000 ),
 ( 0.0000000000000000000, 1.000000000000000000 ),
 .UNSPECIFIED. ) ;
#9081 = VERTEX_POINT ( 'NONE', #11733 ) ;
#9082 = VECTOR ( 'NONE', #10084, 1000.000000000000000 ) ;
#9083 = CARTESIAN_POINT ( 'NONE',  ( 0.2916666666666666852, 0.1000000000000000056, 2.500105095651770082 ) ) ;
#9084 = DIRECTION ( 'NONE',  ( 0.0000000000000000000, 0.0000000000000000000, -1.000000000000000000 ) ) ;
#9085 = CARTESIAN_POINT ( 'NONE',  ( -0.7550000000000000044, 0.1000000000000000056, 2.220000000000000195 ) ) ;
#9086 = CARTESIAN_POINT ( 'NONE',  ( -2.100000000000000089, 0.0000000000000000000, 0.7450000000000009948 ) ) ;
#9087 = CARTESIAN_POINT ( 'NONE',  ( 0.2450000000000010225, -0.03000000000000000583, -2.100000000000000089 ) ) ;
#9088 = CARTESIAN_POINT ( 'NONE',  ( 2.188584073464102442, -0.03000000000000000930, -1.875000000000000000 ) ) ;
#9089 = CARTESIAN_POINT ( 'NONE',  ( -0.8749999999999998890, 0.03333333333333334675, -2.500105095651770082 ) ) ;
#9090 = ADVANCED_FACE ( 'NONE', ( #11027 ), #3567, .T. ) ;
#9091 = ORIENTED_EDGE ( 'NONE', *, *, #9306, .F. ) ;
#9092 = CARTESIAN_POINT ( 'NONE',  ( -2.157361600948405123, -0.0000000000000000000, -0.3620672284331774571 ) ) ;
#9093 = EDGE_LOOP ( 'NONE', ( #3262, #746, #5905, #4048 ) ) ;
#9094 = CARTESIAN_POINT ( 'NONE',  ( -0.7483565433187380211, 0.8900000000000000133, -0.1394566969803849865 ) ) ;
#9095 = VECTOR ( 'NONE', #4990, 1000.000000000000000 ) ;
#9096 = CARTESIAN_POINT ( 'NONE',  ( 2.100000000000000089, -0.03000000000000000583, 1.245000000000000329 ) ) ;
#9097 = CARTESIAN_POINT ( 'NONE',  ( -0.7549999999999990052, -0.03000000000000000583, -2.100000000000000089 ) ) ;
#9098 = FACE_OUTER_BOUND ( 'NONE', #10532, .T. ) ;
#9099 = CARTESIAN_POINT ( 'NONE',  ( 1.375000000000000444, -0.03000000000000000930, 2.188584073464102442 ) ) ;
#9100 = DIRECTION ( 'NONE',  ( 0.0000000000000000000, -1.000000000000000000, -0.0000000000000000000 ) ) ;
#9101 = B_SPLINE_CURVE_WITH_KNOTS ( 'NONE', 3,
 ( #6077, #8601, #1448, #9724 ),
 .UNSPECIFIED., .F., .F.,
 ( 4, 4 ),
 ( 0.0000000000000000000, 1.000000000000000000 ),
 .UNSPECIFIED. ) ;
#9102 = ADVANCED_FACE ( 'NONE', ( #9950 ), #2844, .T. ) ;
#9103 = CARTESIAN_POINT ( 'NONE',  ( -2.100000000000000533, -0.03000000000000000930, -0.2864159265358970363 ) ) ;
#9104 = ORIENTED_EDGE ( 'NONE', *, *, #7486, .F. ) ;
#9105 =( GEOMETRIC_REPRESENTATION_CONTEXT ( 3 ) GLOBAL_UNCERTAINTY_ASSIGNED_CONTEXT ( ( #6686 ) ) GLOBAL_UNIT_ASSIGNED_CONTEXT ( ( #3975, #9405, #9348 ) ) REPRESENTATION_CONTEXT ( 'NONE', 'WORKASPACE' ) );
#9106 = CARTESIAN_POINT ( 'NONE',  ( 0.7603257028750219915, 0.8900000000000000133, 0.3471854962616090501 ) ) ;
#9107 = EDGE_LOOP ( 'NONE', ( #6229, #2979, #2609, #2683 ) ) ;
#9108 = LINE ( 'NONE', #11308, #2213 ) ;
#9109 = DIRECTION ( 'NONE',  ( 1.000000000000000000, 0.0000000000000000000, -0.0000000000000000000 ) ) ;
#9110 = CARTESIAN_POINT ( 'NONE',  ( -2.500223525886114739, 0.1000000000000000333, 0.1250000000000000555 ) ) ;
#9111 = LINE ( 'NONE', #10010, #5263 ) ;
#9112 = ADVANCED_FACE ( 'NONE', ( #1784 ), #1009, .F. ) ;
#9113 = LINE ( 'NONE', #10135, #5381 ) ;
#9114 = VERTEX_POINT ( 'NONE', #4802 ) ;
#9115 = AXIS2_PLACEMENT_3D ( 'NONE', #152, #7295, #5617 ) ;
#9116 = EDGE_CURVE ( 'NONE', #3760, #1019, #3136, .T. ) ;
#9117 = CARTESIAN_POINT ( 'NONE',  ( 2.100000000000000089, 0.1000000000000000056, 0.7549999999999990052 ) ) ;
#9118 = ORIENTED_EDGE ( 'NONE', *, *, #1268, .F. ) ;
#9119 = AXIS2_PLACEMENT_3D ( 'NONE', #6984, #9735, #3410 ) ;
#9120 = AXIS2_PLACEMENT_3D ( 'NONE', #1898, #3626, #6304 ) ;
#9121 = VERTEX_POINT ( 'NONE', #1126 ) ;
#9122 = CARTESIAN_POINT ( 'NONE',  ( -0.7449999999999999956, 0.1000000000000000056, 2.220000000000000195 ) ) ;
#9123 = SURFACE_STYLE_FILL_AREA ( #5485 ) ;
#9124 = CARTESIAN_POINT ( 'NONE',  ( 2.188584073464102442, 0.0000000000000000000, -0.8750000000000000000 ) ) ;
#9125 = PLANE ( 'NONE',  #10602 ) ;
#9126 = ADVANCED_FACE ( 'NONE', ( #2302 ), #7725, .F. ) ;
#9127 = CYLINDRICAL_SURFACE ( 'NONE', #10509, 0.1199999999999998845 ) ;
#9128 = DIRECTION ( 'NONE',  ( -1.000000000000000000, 0.0000000000000000000, -0.0000000000000000000 ) ) ;
#9129 = CARTESIAN_POINT ( 'NONE',  ( -1.755000000000000115, 0.0000000000000000000, -2.100000000000000089 ) ) ;
#9130 = ADVANCED_FACE ( 'NONE', ( #4988 ), #9408, .T. ) ;
#9131 = VECTOR ( 'NONE', #1044, 999.9999999999998863 ) ;
#9132 = CARTESIAN_POINT ( 'NONE',  ( 0.2550000000000000044, 0.0000000000000000000, -2.100000000000000089 ) ) ;
#9133 = CIRCLE ( 'NONE', #4363, 0.1499999999999999667 ) ;
#9134 = ORIENTED_EDGE ( 'NONE', *, *, #11381, .T. ) ;
#9135 = ORIENTED_EDGE ( 'NONE', *, *, #6049, .T. ) ;
#9136 =( GEOMETRIC_REPRESENTATION_CONTEXT ( 3 ) GLOBAL_UNCERTAINTY_ASSIGNED_CONTEXT ( ( #4460 ) ) GLOBAL_UNIT_ASSIGNED_CONTEXT ( ( #2544, #6362, #5227 ) ) REPRESENTATION_CONTEXT ( 'NONE', 'WORKASPACE' ) );
#9137 = ORIENTED_EDGE ( 'NONE', *, *, #3162, .T. ) ;
#9138 = FACE_OUTER_BOUND ( 'NONE', #10716, .T. ) ;
#9139 = DIRECTION ( 'NONE',  ( -0.0000000000000000000, -1.000000000000000000, 0.0000000000000000000 ) ) ;
#9140 = PRESENTATION_LAYER_ASSIGNMENT (  '', '', ( #11420 ) ) ;
#9141 = ORIENTED_EDGE ( 'NONE', *, *, #1306, .T. ) ;
#9142 = CARTESIAN_POINT ( 'NONE',  ( -0.2449999999999999956, -0.03000000000000000236, 2.220000000000000195 ) ) ;
#9143 = CARTESIAN_POINT ( 'NONE',  ( 1.790900912554659996, 0.8900000000000000133, -0.2421347249779509936 ) ) ;
#9144 = AXIS2_PLACEMENT_3D ( 'NONE', #8281, #2805, #9305 ) ;
#9145 = EDGE_CURVE ( 'NONE', #2206, #11475, #11527, .T. ) ;
#9146 = CARTESIAN_POINT ( 'NONE',  ( -2.220000000000000195, -0.03000000000000000583, 1.125000000000000222 ) ) ;
#9147 = B_SPLINE_CURVE_WITH_KNOTS ( 'NONE', 3,
 ( #5183, #5128, #6971, #6073 ),
 .UNSPECIFIED., .F., .F.,
 ( 4, 4 ),
 ( 0.0000000000000000000, 1.000000000000000000 ),
 .UNSPECIFIED. ) ;
#9148 = CARTESIAN_POINT ( 'NONE',  ( -0.2549999999999990052, 0.0000000000000000000, -2.100000000000000089 ) ) ;
#9149 = STYLED_ITEM ( 'NONE', ( #3674 ), #1197 ) ;
#9150 = EDGE_CURVE ( 'NONE', #4597, #4375, #1299, .T. ) ;
#9151 = CARTESIAN_POINT ( 'NONE',  ( 2.112932771566823131, -0.0000000000000000000, 1.682361600948406810 ) ) ;
#9152 = CARTESIAN_POINT ( 'NONE',  ( 1.639653194964890037, 0.8900000000000000133, 0.3083217570670889751 ) ) ;
#9153 = LINE ( 'NONE', #7360, #7150 ) ;
#9154 = ORIENTED_EDGE ( 'NONE', *, *, #6049, .F. ) ;
#9155 = VERTEX_POINT ( 'NONE', #1187 ) ;
#9156 = DIRECTION ( 'NONE',  ( -0.9669576878195884628, 0.0000000000000000000, 0.2549369136994391605 ) ) ;
#9157 = CARTESIAN_POINT ( 'NONE',  ( -2.500000000000000000, 0.0000000000000000000, -0.3750000000000000000 ) ) ;
#9158 = DIRECTION ( 'NONE',  ( 1.000000000000000000, 0.0000000000000000000, -0.0000000000000000000 ) ) ;
#9159 = CARTESIAN_POINT ( 'NONE',  ( -0.1412354234161199984, 0.8900000000000000133, -0.3316052058057050167 ) ) ;
#9160 = LINE ( 'NONE', #7483, #1296 ) ;
#9161 = SURFACE_SIDE_STYLE ('',( #10120 ) ) ;
#9162 = CARTESIAN_POINT ( 'NONE',  ( -2.500447051772229923, -0.03000000000000000930, -1.375000000000000000 ) ) ;
#9163 = ORIENTED_EDGE ( 'NONE', *, *, #276, .F. ) ;
#9164 = CARTESIAN_POINT ( 'NONE',  ( -0.8749999999999998890, 0.1000000000000000194, 2.500052547825884819 ) ) ;
#9165 = CARTESIAN_POINT ( 'NONE',  ( 0.1250000000000000000, 0.0000000000000000000, -2.188584073464102442 ) ) ;
#9166 = LINE ( 'NONE', #7136, #9066 ) ;
#9167 = ORIENTED_EDGE ( 'NONE', *, *, #1820, .F. ) ;
#9168 = CARTESIAN_POINT ( 'NONE',  ( 0.8176383990515938560, -0.0000000000000000000, -2.112932771566822687 ) ) ;
#9169 = EDGE_CURVE ( 'NONE', #1178, #3629, #4690, .T. ) ;
#9170 = CARTESIAN_POINT ( 'NONE',  ( -2.100000000000000089, -0.03000000000000000930, 0.7450000000000009948 ) ) ;
#9171 = CARTESIAN_POINT ( 'NONE',  ( -2.500447051772229923, 0.1000000000000000056, 1.625000000000000222 ) ) ;
#9172 = CARTESIAN_POINT ( 'NONE',  ( 0.01512489307809719921, 0.8900000000000000133, -0.04018706825244849901 ) ) ;
#9173 = ORIENTED_EDGE ( 'NONE', *, *, #9277, .T. ) ;
#9174 = AXIS2_PLACEMENT_3D ( 'NONE', #11502, #6965, #10613 ) ;
#9175 =( NAMED_UNIT ( * ) PLANE_ANGLE_UNIT ( ) SI_UNIT ( $, .RADIAN. ) );
#9176 = ORIENTED_EDGE ( 'NONE', *, *, #7912, .T. ) ;
#9177 = ORIENTED_EDGE ( 'NONE', *, *, #5362, .T. ) ;
#9178 = ORIENTED_EDGE ( 'NONE', *, *, #4560, .T. ) ;
#9179 = STYLED_ITEM ( 'NONE', ( #4847 ), #2014 ) ;
#9180 = LINE ( 'NONE', #11155, #10384 ) ;
#9181 = ADVANCED_FACE ( 'NONE', ( #9578 ), #2576, .T. ) ;
#9182 = CARTESIAN_POINT ( 'NONE',  ( -2.220000000000000195, 0.0000000000000000000, 0.6250000000000000000 ) ) ;
#9183 = CARTESIAN_POINT ( 'NONE',  ( -2.220000000000000195, 0.1000000000000000056, -1.875000000000000000 ) ) ;
#9184 = CARTESIAN_POINT ( 'NONE',  ( 1.745000000000000329, -0.03000000000000000583, 2.100000000000000089 ) ) ;
#9185 = UNCERTAINTY_MEASURE_WITH_UNIT (LENGTH_MEASURE( 1.000000000000000082E-05 ), #320, 'distance_accuracy_value', 'NONE');
#9186 = CARTESIAN_POINT ( 'NONE',  ( 0.3750000000000000000, 0.0000000000000000000, -2.406666666666666732 ) ) ;
#9187 = EDGE_LOOP ( 'NONE', ( #5428, #1709, #11006, #7884 ) ) ;
#9188 = CARTESIAN_POINT ( 'NONE',  ( -1.055112477585320008, 0.9000000000000001332, -0.1633154918677859890 ) ) ;
#9189 = LINE ( 'NONE', #6507, #4178 ) ;
#9190 = AXIS2_PLACEMENT_3D ( 'NONE', #3166, #6751, #3380 ) ;
#9191 = VERTEX_POINT ( 'NONE', #7115 ) ;
#9192 = ADVANCED_FACE ( 'NONE', ( #2701 ), #7051, .F. ) ;
#9193 = EDGE_LOOP ( 'NONE', ( #1298, #353, #7444, #11573 ) ) ;
#9194 = EDGE_CURVE ( 'NONE', #4792, #10019, #1020, .T. ) ;
#9195 = DIRECTION ( 'NONE',  ( 1.000000000000000000, 0.0000000000000000000, -0.0000000000000000000 ) ) ;
#9196 = ORIENTED_EDGE ( 'NONE', *, *, #10889, .T. ) ;
#9197 = B_SPLINE_CURVE_WITH_KNOTS ( 'NONE', 3,
 ( #2793, #6429, #10069, #9954 ),
 .UNSPECIFIED., .F., .F.,
 ( 4, 4 ),
 ( 0.0000000000000000000, 1.000000000000000000 ),
 .UNSPECIFIED. ) ;
#9198 = CARTESIAN_POINT ( 'NONE',  ( 1.248333333333333517, 0.0000000000000000000, 2.100000000000000089 ) ) ;
#9199 = CARTESIAN_POINT ( 'NONE',  ( -0.2226109559785069414, 0.9000000000000001332, 0.1715597363732360436 ) ) ;
#9200 = EDGE_CURVE ( 'NONE', #6600, #2696, #1698, .T. ) ;
#9201 = ORIENTED_EDGE ( 'NONE', *, *, #8213, .F. ) ;
#9202 = DIRECTION ( 'NONE',  ( -1.000000000000000000, 0.0000000000000000000, -0.0000000000000000000 ) ) ;
#9203 = PLANE ( 'NONE',  #7862 ) ;
#9204 = VECTOR ( 'NONE', #8725, 1000.000000000000000 ) ;
#9205 = CARTESIAN_POINT ( 'NONE',  ( -2.188584073464102442, -0.03000000000000000930, 0.3750000000000000555 ) ) ;
#9206 = ORIENTED_EDGE ( 'NONE', *, *, #10169, .F. ) ;
#9207 = CARTESIAN_POINT ( 'NONE',  ( -1.636715728752538013, -0.02999999999999999542, 2.158358395476077884 ) ) ;
#9208 = PLANE ( 'NONE',  #7411 ) ;
#9209 = ORIENTED_EDGE ( 'NONE', *, *, #365, .F. ) ;
#9210 = CARTESIAN_POINT ( 'NONE',  ( 1.625000000000000222, 0.1000000000000000194, -2.500052547825884819 ) ) ;
#9211 = CARTESIAN_POINT ( 'NONE',  ( 0.6250000000000000000, 0.0000000000000000000, 2.500000000000000000 ) ) ;
#9212 = ORIENTED_EDGE ( 'NONE', *, *, #6488, .F. ) ;
#9213 = EDGE_CURVE ( 'NONE', #45, #9358, #6841, .T. ) ;
#9214 = ORIENTED_EDGE ( 'NONE', *, *, #4961, .T. ) ;
#9215 =( NAMED_UNIT ( * ) PLANE_ANGLE_UNIT ( ) SI_UNIT ( $, .RADIAN. ) );
#9216 = DIRECTION ( 'NONE',  ( -0.0000000000000000000, -1.000000000000000000, -0.0000000000000000000 ) ) ;
#9217 = CARTESIAN_POINT ( 'NONE',  ( 1.375000000000000000, 0.0000000000000000000, -2.500000000000000000 ) ) ;
#9218 = FILL_AREA_STYLE ('',( #6654 ) ) ;
#9219 = CARTESIAN_POINT ( 'NONE',  ( 1.362067228433177624, -0.03000000000000001277, 2.157361600948406455 ) ) ;
#9220 =( NAMED_UNIT ( * ) SI_UNIT ( $, .STERADIAN. ) SOLID_ANGLE_UNIT ( ) );
#9221 =( NAMED_UNIT ( * ) SI_UNIT ( $, .STERADIAN. ) SOLID_ANGLE_UNIT ( ) );
#9222 = VERTEX_POINT ( 'NONE', #4487 ) ;
#9223 = EDGE_CURVE ( 'NONE', #2569, #8839, #9802, .T. ) ;
#9224 = FILL_AREA_STYLE ('',( #2836 ) ) ;
#9225 = COLOUR_RGB ( '',1.000000000000000000, 1.000000000000000000, 1.000000000000000000 ) ;
#9226 = DIRECTION ( 'NONE',  ( 0.0000000000000000000, 0.0000000000000000000, 1.000000000000000000 ) ) ;
#9227 = VERTEX_POINT ( 'NONE', #5260 ) ;
#9228 = DIRECTION ( 'NONE',  ( -1.000000000000000000, 0.0000000000000000000, -0.0000000000000000000 ) ) ;
#9229 = B_SPLINE_CURVE_WITH_KNOTS ( 'NONE', 3,
 ( #5349, #8194, #4384, #939 ),
 .UNSPECIFIED., .F., .F.,
 ( 4, 4 ),
 ( 0.0000000000000000000, 1.000000000000000000 ),
 .UNSPECIFIED. ) ;
#9230 = CARTESIAN_POINT ( 'NONE',  ( -0.9920570910971920897, 0.8900000000000000133, -0.05978536405281360128 ) ) ;
#9231 = CARTESIAN_POINT ( 'NONE',  ( 2.500000000000000000, 0.0000000000000000000, -1.375000000000000000 ) ) ;
#9232 = FACE_OUTER_BOUND ( 'NONE', #8949, .T. ) ;
#9233 = ORIENTED_EDGE ( 'NONE', *, *, #10255, .F. ) ;
#9234 = EDGE_CURVE ( 'NONE', #4348, #11728, #6697, .T. ) ;
#9235 = ADVANCED_FACE ( 'NONE', ( #11765 ), #10886, .F. ) ;
#9236 = VERTEX_POINT ( 'NONE', #6520 ) ;
#9237 = ORIENTED_EDGE ( 'NONE', *, *, #938, .F. ) ;
#9238 = VERTEX_POINT ( 'NONE', #1096 ) ;
#9239 = AXIS2_PLACEMENT_3D ( 'NONE', #1393, #3104, #6746 ) ;
#9240 = CARTESIAN_POINT ( 'NONE',  ( 0.7135840734641020200, -0.03000000000000000930, 2.100000000000000533 ) ) ;
#9241 = CARTESIAN_POINT ( 'NONE',  ( 0.5248075435062267147, 0.9000000000000001332, -0.1372390897981234925 ) ) ;
#9242 = CARTESIAN_POINT ( 'NONE',  ( 1.750000000000000000, -0.03000000000000000236, 1.446694957894780087 ) ) ;
#9243 = CARTESIAN_POINT ( 'NONE',  ( -0.3749999999999999445, 0.1000000000000000194, -2.500052547825884819 ) ) ;
#9244 = ORIENTED_EDGE ( 'NONE', *, *, #5416, .T. ) ;
#9245 = CARTESIAN_POINT ( 'NONE',  ( -2.220000000000000195, 0.1000000000000000056, 0.1250000000000000000 ) ) ;
#9246 = VECTOR ( 'NONE', #10607, 1000.000000000000000 ) ;
#9247 = VECTOR ( 'NONE', #7986, 1000.000000000000000 ) ;
#9248 = ORIENTED_EDGE ( 'NONE', *, *, #56, .F. ) ;
#9249 = EDGE_CURVE ( 'NONE', #9757, #9708, #334, .T. ) ;
#9250 = ORIENTED_EDGE ( 'NONE', *, *, #750, .F. ) ;
#9251 = CARTESIAN_POINT ( 'NONE',  ( 0.1250000000000000000, 0.0000000000000000000, -2.406666666666666732 ) ) ;
#9252 = VERTEX_POINT ( 'NONE', #8356 ) ;
#9253 = DIRECTION ( 'NONE',  ( 0.0000000000000000000, -1.000000000000000000, 0.0000000000000000000 ) ) ;
#9254 = CARTESIAN_POINT ( 'NONE',  ( 1.875000000000000000, 0.0000000000000000000, -2.220000000000000195 ) ) ;
#9255 = CARTESIAN_POINT ( 'NONE',  ( 0.0000000000000000000, 0.9000000000000001332, -0.1394566969803849865 ) ) ;
#9256 = CARTESIAN_POINT ( 'NONE',  ( -2.220000000000000195, 0.0000000000000000000, -1.125000000000000222 ) ) ;
#9257 = FACE_OUTER_BOUND ( 'NONE', #7630, .T. ) ;
#9258 = VECTOR ( 'NONE', #7264, 1000.000000000000000 ) ;
#9259 = ORIENTED_EDGE ( 'NONE', *, *, #4331, .F. ) ;
#9260 = LINE ( 'NONE', #8238, #3384 ) ;
#9261 = EDGE_CURVE ( 'NONE', #1072, #9744, #9970, .T. ) ;
#9262 = CARTESIAN_POINT ( 'NONE',  ( 2.100000000000000089, 0.0000000000000000000, 1.745000000000000551 ) ) ;
#9263 = EDGE_CURVE ( 'NONE', #4995, #7072, #10124, .T. ) ;
#9264 = ORIENTED_EDGE ( 'NONE', *, *, #7592, .T. ) ;
#9265 = LINE ( 'NONE', #7303, #4187 ) ;
#9266 = CARTESIAN_POINT ( 'NONE',  ( 0.2450000000000007450, -0.03000000000000000583, 2.100000000000000089 ) ) ;
#9267 = VERTEX_POINT ( 'NONE', #9321 ) ;
#9268 = VERTEX_POINT ( 'NONE', #2096 ) ;
#9269 = SURFACE_STYLE_USAGE ( .BOTH. , #6593 ) ;
#9270 = CARTESIAN_POINT ( 'NONE',  ( 0.2549999999999994493, 0.0000000000000000000, 2.100000000000000089 ) ) ;
#9271 = CARTESIAN_POINT ( 'NONE',  ( -0.6250000000000001110, 0.1000000000000000194, 2.500052547825884819 ) ) ;
#9272 =( NAMED_UNIT ( * ) SI_UNIT ( $, .STERADIAN. ) SOLID_ANGLE_UNIT ( ) );
#9273 = VECTOR ( 'NONE', #5710, 1000.000000000000000 ) ;
#9274 = CARTESIAN_POINT ( 'NONE',  ( 2.112932771566822687, -0.03000000000000000930, -1.317638399051593412 ) ) ;
#9275 = CARTESIAN_POINT ( 'NONE',  ( 1.791666666666666741, 0.1000000000000000056, -2.500105095651770082 ) ) ;
#9276 = CARTESIAN_POINT ( 'NONE',  ( 2.100000000000000089, -0.03000000000000000583, -0.2450000000000010225 ) ) ;
#9277 = EDGE_CURVE ( 'NONE', #3914, #682, #10543, .T. ) ;
#9278 = ORIENTED_EDGE ( 'NONE', *, *, #8040, .F. ) ;
#9279 = CARTESIAN_POINT ( 'NONE',  ( 2.500000000000000000, 0.0000000000000000000, 1.625000000000000222 ) ) ;
#9280 = FACE_BOUND ( 'NONE', #6660, .T. ) ;
#9281 = FACE_OUTER_BOUND ( 'NONE', #7878, .T. ) ;
#9282 = ORIENTED_EDGE ( 'NONE', *, *, #4601, .F. ) ;
#9283 = LINE ( 'NONE', #1184, #10632 ) ;
#9284 = CARTESIAN_POINT ( 'NONE',  ( -2.500000000000000000, 0.9000000000000001332, -1.375000000000000000 ) ) ;
#9285 = DIRECTION ( 'NONE',  ( 0.0000000000000000000, -1.000000000000000000, 0.0000000000000000000 ) ) ;
#9286 = DIRECTION ( 'NONE',  ( 0.0000000000000000000, 0.0000000000000000000, -1.000000000000000000 ) ) ;
#9287 = ORIENTED_EDGE ( 'NONE', *, *, #10121, .T. ) ;
#9288 = CARTESIAN_POINT ( 'NONE',  ( 1.375000000000000000, 0.0000000000000000000, -2.500000000000000000 ) ) ;
#9289 = EDGE_CURVE ( 'NONE', #4869, #9267, #222, .T. ) ;
#9290 = DIRECTION ( 'NONE',  ( 1.000000000000000000, -0.0000000000000000000, 0.0000000000000000000 ) ) ;
#9291 = VERTEX_POINT ( 'NONE', #3831 ) ;
#9292 = B_SPLINE_CURVE_WITH_KNOTS ( 'NONE', 3,
 ( #4125, #3884, #7641, #4067, #3222, #7519 ),
 .UNSPECIFIED., .F., .F.,
 ( 4, 2, 4 ),
 ( 0.0000000000000000000, 0.5000000000000000000, 1.000000000000000000 ),
 .UNSPECIFIED. ) ;
#9293 = MECHANICAL_DESIGN_GEOMETRIC_PRESENTATION_REPRESENTATION (  '', ( #5672 ), #9105 ) ;
#9294 = CARTESIAN_POINT ( 'NONE',  ( 1.446694957894780087, -0.03000000000000000236, 1.750000000000000000 ) ) ;
#9295 = VERTEX_POINT ( 'NONE', #3890 ) ;
#9296 = DIRECTION ( 'NONE',  ( 0.0000000000000000000, 1.000000000000000000, 0.0000000000000000000 ) ) ;
#9297 = ORIENTED_EDGE ( 'NONE', *, *, #2850, .F. ) ;
#9298 = ORIENTED_EDGE ( 'NONE', *, *, #5092, .F. ) ;
#9299 = PLANE ( 'NONE',  #5620 ) ;
#9300 = CARTESIAN_POINT ( 'NONE',  ( 0.6249999999999998890, -0.03000000000000000930, 2.188584073464102886 ) ) ;
#9301 = COLOUR_RGB ( '',1.000000000000000000, 1.000000000000000000, 1.000000000000000000 ) ;
#9302 = DIRECTION ( 'NONE',  ( 0.0000000000000000000, -1.000000000000000000, 0.0000000000000000000 ) ) ;
#9303 = CARTESIAN_POINT ( 'NONE',  ( 1.000909311221618303, 0.8999999999999999112, -0.2953164364386629548 ) ) ;
#9304 = CARTESIAN_POINT ( 'NONE',  ( -1.946804083456310064, 0.8900000000000000133, 0.02976371085323930091 ) ) ;
#9305 = DIRECTION ( 'NONE',  ( 0.0000000000000000000, 0.0000000000000000000, -1.000000000000000000 ) ) ;
#9306 = EDGE_CURVE ( 'NONE', #4583, #3103, #7527, .T. ) ;
#9307 = VERTEX_POINT ( 'NONE', #4772 ) ;
#9308 = FILL_AREA_STYLE_COLOUR ( '', #2451 ) ;
#9309 = VERTEX_POINT ( 'NONE', #10168 ) ;
#9310 = VERTEX_POINT ( 'NONE', #1157 ) ;
#9311 = AXIS2_PLACEMENT_3D ( 'NONE', #4585, #6321, #3814 ) ;
#9312 = DIRECTION ( 'NONE',  ( 0.0000000000000000000, 0.0000000000000000000, -1.000000000000000000 ) ) ;
#9313 = FACE_OUTER_BOUND ( 'NONE', #7406, .T. ) ;
#9314 = DIRECTION ( 'NONE',  ( -0.0000000000000000000, -1.000000000000000000, -0.0000000000000000000 ) ) ;
#9315 = FACE_OUTER_BOUND ( 'NONE', #6924, .T. ) ;
#9316 = AXIS2_PLACEMENT_3D ( 'NONE', #270, #3948, #7583 ) ;
#9317 = EDGE_LOOP ( 'NONE', ( #3105, #9445, #5619, #1164 ) ) ;
#9318 = CARTESIAN_POINT ( 'NONE',  ( -2.220000000000000195, 0.0000000000000000000, 0.1250000000000000000 ) ) ;
#9319 =( NAMED_UNIT ( * ) SI_UNIT ( $, .STERADIAN. ) SOLID_ANGLE_UNIT ( ) );
#9320 = B_SPLINE_CURVE_WITH_KNOTS ( 'NONE', 3,
 ( #6326, #3703, #5379, #10154 ),
 .UNSPECIFIED., .F., .F.,
 ( 4, 4 ),
 ( 0.0000000000000000000, 1.000000000000000000 ),
 .UNSPECIFIED. ) ;
#9321 = CARTESIAN_POINT ( 'NONE',  ( 0.2450000000000008005, 0.0000000000000000000, 2.100000000000000089 ) ) ;
#9322 = EDGE_CURVE ( 'NONE', #10476, #4289, #10279, .T. ) ;
#9323 = VECTOR ( 'NONE', #8675, 1000.000000000000000 ) ;
#9324 = VECTOR ( 'NONE', #5678, 1000.000000000000114 ) ;
#9325 = CARTESIAN_POINT ( 'NONE',  ( -2.220000000000000195, -0.03000000000000000583, 1.625000000000000222 ) ) ;
#9326 = CARTESIAN_POINT ( 'NONE',  ( 2.188584073464102886, 0.0000000000000000000, 1.625000000000000222 ) ) ;
#9327 = AXIS2_PLACEMENT_3D ( 'NONE', #7505, #2856, #4756 ) ;
#9328 = EDGE_LOOP ( 'NONE', ( #6611, #8410, #8882, #7041 ) ) ;
#9329 = VECTOR ( 'NONE', #1933, 1000.000000000000000 ) ;
#9330 = EDGE_CURVE ( 'NONE', #1104, #11440, #872, .T. ) ;
#9331 = DIRECTION ( 'NONE',  ( 0.0000000000000000000, 1.000000000000000000, -0.0000000000000000000 ) ) ;
#9332 = CARTESIAN_POINT ( 'NONE',  ( 0.0000000000000000000, 0.9000000000000001332, -0.3316052058057050167 ) ) ;
#9333 = ORIENTED_EDGE ( 'NONE', *, *, #2990, .F. ) ;
#9334 = CARTESIAN_POINT ( 'NONE',  ( 0.8640475893428001264, 0.8900000000000001243, -0.3429256466198145059 ) ) ;
#9335 = PLANE ( 'NONE',  #11737 ) ;
#9336 = EDGE_CURVE ( 'NONE', #1136, #11213, #4834, .T. ) ;
#9337 = MECHANICAL_DESIGN_GEOMETRIC_PRESENTATION_REPRESENTATION (  '', ( #9149 ), #7975 ) ;
#9338 = CARTESIAN_POINT ( 'NONE',  ( 2.500000000000000000, 0.0000000000000000000, -2.500000000000000000 ) ) ;
#9339 = CARTESIAN_POINT ( 'NONE',  ( -2.500223525886114739, 0.1000000000000000333, 1.125000000000000222 ) ) ;
#9340 = DIRECTION ( 'NONE',  ( 0.0000000000000000000, 1.000000000000000000, 0.0000000000000000000 ) ) ;
#9341 = VECTOR ( 'NONE', #5197, 1000.000000000000000 ) ;
#9342 = ORIENTED_EDGE ( 'NONE', *, *, #10699, .T. ) ;
#9343 = EDGE_CURVE ( 'NONE', #5438, #4278, #10399, .T. ) ;
#9344 = EDGE_CURVE ( 'NONE', #4286, #2206, #2877, .T. ) ;
#9345 = CARTESIAN_POINT ( 'NONE',  ( 0.0000000000000000000, 0.9000000000000001332, 0.0000000000000000000 ) ) ;
#9346 = PLANE ( 'NONE',  #11723 ) ;
#9347 = ORIENTED_EDGE ( 'NONE', *, *, #3970, .T. ) ;
#9348 =( NAMED_UNIT ( * ) SI_UNIT ( $, .STERADIAN. ) SOLID_ANGLE_UNIT ( ) );
#9349 = FACE_OUTER_BOUND ( 'NONE', #3684, .T. ) ;
#9350 = CARTESIAN_POINT ( 'NONE',  ( -2.499999999999999556, 0.0000000000000000000, 2.500000000000000000 ) ) ;
#9351 = ADVANCED_FACE ( 'NONE', ( #10566 ), #6753, .T. ) ;
#9352 = DIRECTION ( 'NONE',  ( 0.0000000000000000000, 0.0000000000000000000, -1.000000000000000000 ) ) ;
#9353 = PLANE ( 'NONE',  #5476 ) ;
#9354 = FACE_OUTER_BOUND ( 'NONE', #1338, .T. ) ;
#9355 = ORIENTED_EDGE ( 'NONE', *, *, #4245, .T. ) ;
#9356 = B_SPLINE_CURVE_WITH_KNOTS ( 'NONE', 3,
 ( #532, #3257, #6784, #359, #2357, #5043 ),
 .UNSPECIFIED., .F., .F.,
 ( 4, 2, 4 ),
 ( 0.0000000000000000000, 0.5000000000000000000, 1.000000000000000000 ),
 .UNSPECIFIED. ) ;
#9357 = DIRECTION ( 'NONE',  ( -1.000000000000000000, 0.0000000000000000000, 0.0000000000000000000 ) ) ;
#9358 = VERTEX_POINT ( 'NONE', #4300 ) ;
#9359 = CARTESIAN_POINT ( 'NONE',  ( 0.8515543603564610375, 0.8900000000000000133, -0.3025521533941810115 ) ) ;
#9360 = ORIENTED_EDGE ( 'NONE', *, *, #11300, .F. ) ;
#9361 = ORIENTED_EDGE ( 'NONE', *, *, #2445, .F. ) ;
#9362 =( LENGTH_UNIT ( ) NAMED_UNIT ( * ) SI_UNIT ( .MILLI., .METRE. ) );
#9363 = ADVANCED_FACE ( 'NONE', ( #5309 ), #2497, .F. ) ;
#9364 = CARTESIAN_POINT ( 'NONE',  ( 2.100000000000000089, 0.0000000000000000000, 1.248333333333333517 ) ) ;
#9365 = CARTESIAN_POINT ( 'NONE',  ( -1.668613946857949948, 0.9000000000000001332, 0.2384770468886940054 ) ) ;
#9366 = CARTESIAN_POINT ( 'NONE',  ( 2.220000000000000195, 0.0000000000000000000, 0.6250000000000000000 ) ) ;
#9367 = CARTESIAN_POINT ( 'NONE',  ( -1.055112477585320008, 0.8900000000000000133, -0.1633154918677859890 ) ) ;
#9368 = VECTOR ( 'NONE', #8098, 1000.000000000000000 ) ;
#9369 = CARTESIAN_POINT ( 'NONE',  ( -0.8749999999999998890, 0.1000000000000000194, 2.500052547825884819 ) ) ;
#9370 = CARTESIAN_POINT ( 'NONE',  ( -0.2916666666666666852, 0.1000000000000000056, -2.500105095651770082 ) ) ;
#9371 = ORIENTED_EDGE ( 'NONE', *, *, #5280, .T. ) ;
#9372 = SURFACE_STYLE_FILL_AREA ( #5556 ) ;
#9373 = ORIENTED_EDGE ( 'NONE', *, *, #9412, .T. ) ;
#9374 = EDGE_CURVE ( 'NONE', #2115, #7387, #909, .T. ) ;
#9375 = PRESENTATION_LAYER_ASSIGNMENT (  '', '', ( #9179 ) ) ;
#9376 = DIRECTION ( 'NONE',  ( 0.0000000000000000000, -1.000000000000000000, 0.0000000000000000000 ) ) ;
#9377 = ORIENTED_EDGE ( 'NONE', *, *, #8853, .F. ) ;
#9378 = CARTESIAN_POINT ( 'NONE',  ( -2.499999999999999556, 0.9000000000000001332, 1.625000000000000222 ) ) ;
#9379 = CARTESIAN_POINT ( 'NONE',  ( 1.125000000000000222, 0.1000000000000000056, -2.220000000000000195 ) ) ;
#9380 = CARTESIAN_POINT ( 'NONE',  ( 1.833079853516319968, 0.8900000000000000133, -0.3316052058057050167 ) ) ;
#9381 = CARTESIAN_POINT ( 'NONE',  ( 0.3154900787141289853, 0.8900000000000000133, 0.2333369731352570031 ) ) ;
#9382 = B_SPLINE_CURVE_WITH_KNOTS ( 'NONE', 3,
 ( #10608, #8818, #5908, #655, #7905, #4169 ),
 .UNSPECIFIED., .F., .F.,
 ( 4, 2, 4 ),
 ( 0.0000000000000000000, 0.5000000000000000000, 1.000000000000000000 ),
 .UNSPECIFIED. ) ;
#9383 = CARTESIAN_POINT ( 'NONE',  ( 2.100000000000000089, -0.03000000000000000930, -0.7864159265358973139 ) ) ;
#9384 = ORIENTED_EDGE ( 'NONE', *, *, #8083, .F. ) ;
#9385 = DIRECTION ( 'NONE',  ( 0.0000000000000000000, 0.0000000000000000000, -1.000000000000000000 ) ) ;
#9386 = AXIS2_PLACEMENT_3D ( 'NONE', #5588, #11731, #9948 ) ;
#9387 = CARTESIAN_POINT ( 'NONE',  ( -2.500447051772229923, 0.1000000000000000056, -0.2916666666666666852 ) ) ;
#9388 = UNCERTAINTY_MEASURE_WITH_UNIT (LENGTH_MEASURE( 1.000000000000000082E-05 ), #620, 'distance_accuracy_value', 'NONE');
#9389 = ORIENTED_EDGE ( 'NONE', *, *, #1551, .T. ) ;
#9390 = EDGE_CURVE ( 'NONE', #8039, #4583, #6138, .T. ) ;
#9391 = EDGE_CURVE ( 'NONE', #3982, #4478, #9133, .T. ) ;
#9392 = VERTEX_POINT ( 'NONE', #10743 ) ;
#9393 = CARTESIAN_POINT ( 'NONE',  ( 2.500447051772229923, 0.1000000000000000056, -1.291666666666666741 ) ) ;
#9394 = CARTESIAN_POINT ( 'NONE',  ( 2.220000000000000195, -0.03000000000000000583, 0.6250000000000000000 ) ) ;
#9395 = VERTEX_POINT ( 'NONE', #8099 ) ;
#9396 = CARTESIAN_POINT ( 'NONE',  ( 2.100000000000000089, 0.0000000000000000000, -1.748333333333333517 ) ) ;
#9397 = CARTESIAN_POINT ( 'NONE',  ( 0.3750000000000000000, 0.0000000000000000000, -2.500000000000000000 ) ) ;
#9398 = CARTESIAN_POINT ( 'NONE',  ( 2.220000000000000195, 0.0000000000000000000, 1.875000000000000000 ) ) ;
#9399 = CARTESIAN_POINT ( 'NONE',  ( 0.6250000000000000000, 0.1000000000000000056, 2.220000000000000195 ) ) ;
#9400 = VERTEX_POINT ( 'NONE', #1740 ) ;
#9401 = ADVANCED_FACE ( 'NONE', ( #11750 ), #11689, .T. ) ;
#9402 = SURFACE_SIDE_STYLE ('',( #10185 ) ) ;
#9403 = CARTESIAN_POINT ( 'NONE',  ( -1.905622319219270278, 0.8999999999999993561, 0.1693082821311220065 ) ) ;
#9404 = ORIENTED_EDGE ( 'NONE', *, *, #3185, .T. ) ;
#9405 =( NAMED_UNIT ( * ) PLANE_ANGLE_UNIT ( ) SI_UNIT ( $, .RADIAN. ) );
#9406 = CARTESIAN_POINT ( 'NONE',  ( 0.6250000000000000000, -0.03000000000000000930, -2.500105095651770082 ) ) ;
#9407 = CARTESIAN_POINT ( 'NONE',  ( 1.760785161669040200, 0.9000000000000010214, -0.1187526057378810035 ) ) ;
#9408 = PLANE ( 'NONE',  #4731 ) ;
#9409 = ORIENTED_EDGE ( 'NONE', *, *, #7472, .F. ) ;
#9410 = DIRECTION ( 'NONE',  ( -0.0000000000000000000, -1.000000000000000000, -0.0000000000000000000 ) ) ;
#9411 = ORIENTED_EDGE ( 'NONE', *, *, #11156, .F. ) ;
#9412 = EDGE_CURVE ( 'NONE', #854, #3227, #9820, .T. ) ;
#9413 = VECTOR ( 'NONE', #2188, 1000.000000000000000 ) ;
#9414 = ADVANCED_FACE ( 'NONE', ( #2562 ), #6325, .T. ) ;
#9415 = CARTESIAN_POINT ( 'NONE',  ( 1.875000000000000000, 0.0000000000000000000, -2.220000000000000195 ) ) ;
#9416 = ORIENTED_EDGE ( 'NONE', *, *, #9686, .T. ) ;
#9417 = DIRECTION ( 'NONE',  ( 1.000000000000000000, 0.0000000000000000000, -0.0000000000000000000 ) ) ;
#9418 = VERTEX_POINT ( 'NONE', #202 ) ;
#9419 = DIRECTION ( 'NONE',  ( -0.0000000000000000000, -1.000000000000000000, 0.0000000000000000000 ) ) ;
#9420 = LINE ( 'NONE', #3813, #9699 ) ;
#9421 = CARTESIAN_POINT ( 'NONE',  ( -1.905622319219270278, 0.9000000000000001332, 0.1693082821311220065 ) ) ;
#9422 = CARTESIAN_POINT ( 'NONE',  ( -0.1412354234161199984, 0.8900000000000000133, -0.3316052058057050167 ) ) ;
#9423 = VECTOR ( 'NONE', #3161, 1000.000000000000000 ) ;
#9424 = UNCERTAINTY_MEASURE_WITH_UNIT (LENGTH_MEASURE( 1.000000000000000082E-05 ), #693, 'distance_accuracy_value', 'NONE');
#9425 = CARTESIAN_POINT ( 'NONE',  ( 0.4583333333333333148, 0.0000000000000000000, 2.500000000000000000 ) ) ;
#9426 =( NAMED_UNIT ( * ) SI_UNIT ( $, .STERADIAN. ) SOLID_ANGLE_UNIT ( ) );
#9427 = ORIENTED_EDGE ( 'NONE', *, *, #8621, .T. ) ;
#9428 = DIRECTION ( 'NONE',  ( -0.0000000000000000000, -1.000000000000000000, -0.0000000000000000000 ) ) ;
#9429 = ORIENTED_EDGE ( 'NONE', *, *, #4090, .T. ) ;
#9430 = AXIS2_PLACEMENT_3D ( 'NONE', #3545, #6286, #147 ) ;
#9431 = DIRECTION ( 'NONE',  ( 0.0000000000000000000, 0.0000000000000000000, -1.000000000000000000 ) ) ;
#9432 = ORIENTED_EDGE ( 'NONE', *, *, #2, .T. ) ;
#9433 = DIRECTION ( 'NONE',  ( 0.0000000000000000000, 0.0000000000000000000, -1.000000000000000000 ) ) ;
#9434 = CARTESIAN_POINT ( 'NONE',  ( -0.7450000000000004396, -0.03000000000000000583, 2.100000000000000089 ) ) ;
#9435 = CARTESIAN_POINT ( 'NONE',  ( 2.500447051772229923, 0.1000000000000000056, -0.1250000000000000000 ) ) ;
#9436 = VERTEX_POINT ( 'NONE', #8406 ) ;
#9437 = CARTESIAN_POINT ( 'NONE',  ( -1.750000000000000000, 0.0000000000000000000, 0.5833333333333334814 ) ) ;
#9438 = ORIENTED_EDGE ( 'NONE', *, *, #3892, .F. ) ;
#9439 = COLOUR_RGB ( '',1.000000000000000000, 1.000000000000000000, 1.000000000000000000 ) ;
#9440 = CARTESIAN_POINT ( 'NONE',  ( -2.220000000000000195, 0.1000000000000000056, 1.254999999999999893 ) ) ;
#9441 = EDGE_CURVE ( 'NONE', #7514, #2335, #3642, .T. ) ;
#9442 = B_SPLINE_CURVE_WITH_KNOTS ( 'NONE', 3,
 ( #7026, #8886, #8709, #2488 ),
 .UNSPECIFIED., .F., .F.,
 ( 4, 4 ),
 ( 0.0000000000000000000, 1.000000000000000000 ),
 .UNSPECIFIED. ) ;
#9443 = LINE ( 'NONE', #1286, #8747 ) ;
#9444 = ORIENTED_EDGE ( 'NONE', *, *, #7640, .T. ) ;
#9445 = ORIENTED_EDGE ( 'NONE', *, *, #8351, .T. ) ;
#9446 = CARTESIAN_POINT ( 'NONE',  ( -1.254999999999999893, 0.0000000000000000000, 2.100000000000000089 ) ) ;
#9447 = VECTOR ( 'NONE', #8071, 1000.000000000000000 ) ;
#9448 = CARTESIAN_POINT ( 'NONE',  ( -1.875000000000000000, 0.1000000000000000194, 2.500052547825884819 ) ) ;
#9449 = ORIENTED_EDGE ( 'NONE', *, *, #10317, .T. ) ;
#9450 = DIRECTION ( 'NONE',  ( 0.0000000000000000000, -1.000000000000000000, 0.0000000000000000000 ) ) ;
#9451 = DIRECTION ( 'NONE',  ( -0.0000000000000000000, -1.000000000000000000, -0.0000000000000000000 ) ) ;
#9452 = CARTESIAN_POINT ( 'NONE',  ( -1.291990212338550048, 0.8999999999999989120, -0.009368253881658159671 ) ) ;
#9453 = CARTESIAN_POINT ( 'NONE',  ( 2.100000000000000089, 0.0000000000000000000, 1.786415926535897869 ) ) ;
#9454 = DIRECTION ( 'NONE',  ( 0.0000000000000000000, 0.0000000000000000000, -1.000000000000000000 ) ) ;
#9455 = EDGE_CURVE ( 'NONE', #6928, #8765, #1916, .T. ) ;
#9456 =( LENGTH_UNIT ( ) NAMED_UNIT ( * ) SI_UNIT ( .MILLI., .METRE. ) );
#9457 = VECTOR ( 'NONE', #9974, 1000.000000000000000 ) ;
#9458 = ORIENTED_EDGE ( 'NONE', *, *, #2774, .T. ) ;
#9459 = CARTESIAN_POINT ( 'NONE',  ( -1.625000000000000222, 0.0000000000000000000, -2.220000000000000195 ) ) ;
#9460 = CARTESIAN_POINT ( 'NONE',  ( 1.745313572323379914, 0.8900000000000000133, -0.3316052058057050167 ) ) ;
#9461 = CARTESIAN_POINT ( 'NONE',  ( -1.245000000000000329, 0.1000000000000000056, 2.100000000000000089 ) ) ;
#9462 = VERTEX_POINT ( 'NONE', #10264 ) ;
#9463 = CARTESIAN_POINT ( 'NONE',  ( -1.245000000000000329, 0.0000000000000000000, -2.100000000000000089 ) ) ;
#9464 = DIRECTION ( 'NONE',  ( -0.0000000000000000000, 1.000000000000000000, -0.0000000000000000000 ) ) ;
#9465 = DIRECTION ( 'NONE',  ( 0.0000000000000000000, -1.000000000000000000, -0.0000000000000000000 ) ) ;
#9466 = LINE ( 'NONE', #6721, #321 ) ;
#9467 = CARTESIAN_POINT ( 'NONE',  ( 2.500000000000000000, 0.0000000000000000000, -1.875000000000000000 ) ) ;
#9468 = CARTESIAN_POINT ( 'NONE',  ( 1.682361600948405922, -0.0000000000000000000, 2.112932771566822687 ) ) ;
#9469 = ORIENTED_EDGE ( 'NONE', *, *, #6327, .F. ) ;
#9470 = DIRECTION ( 'NONE',  ( 1.000000000000000000, 0.0000000000000000000, -0.0000000000000000000 ) ) ;
#9471 = EDGE_CURVE ( 'NONE', #9611, #9307, #4589, .T. ) ;
#9472 = VERTEX_POINT ( 'NONE', #3817 ) ;
#9473 = AXIS2_PLACEMENT_3D ( 'NONE', #1628, #4255, #6154 ) ;
#9474 = FACE_OUTER_BOUND ( 'NONE', #9980, .T. ) ;
#9475 = ORIENTED_EDGE ( 'NONE', *, *, #10438, .T. ) ;
#9476 = ADVANCED_FACE ( 'NONE', ( #81 ), #2744, .F. ) ;
#9477 = PLANE ( 'NONE',  #11165 ) ;
#9478 = CARTESIAN_POINT ( 'NONE',  ( -2.188584073464102886, -0.03000000000000000930, -1.374999999999999778 ) ) ;
#9479 = CARTESIAN_POINT ( 'NONE',  ( -2.500447051772229923, -0.03000000000000000930, -0.6250000000000000000 ) ) ;
#9480 = PRESENTATION_STYLE_ASSIGNMENT (( #8587 ) ) ;
#9481 = CARTESIAN_POINT ( 'NONE',  ( 0.8750000000000001110, 0.0000000000000000000, -2.500000000000000000 ) ) ;
#9482 = CARTESIAN_POINT ( 'NONE',  ( 2.220000000000000195, -0.03000000000000000930, 1.625000000000000222 ) ) ;
#9483 = EDGE_CURVE ( 'NONE', #1773, #6405, #2276, .T. ) ;
#9484 = VERTEX_POINT ( 'NONE', #10210 ) ;
#9485 = CARTESIAN_POINT ( 'NONE',  ( 0.01512489307809719921, 0.9000000000000001332, 0.0000000000000000000 ) ) ;
#9486 = ORIENTED_EDGE ( 'NONE', *, *, #2601, .F. ) ;
#9487 = EDGE_LOOP ( 'NONE', ( #7535, #4442, #11463, #2505, #8665, #11333 ) ) ;
#9488 = CARTESIAN_POINT ( 'NONE',  ( 0.8203592205278840144, 0.9000000000000001332, -0.2165717304557348843 ) ) ;
#9489 = ORIENTED_EDGE ( 'NONE', *, *, #6825, .F. ) ;
#9490 =( GEOMETRIC_REPRESENTATION_CONTEXT ( 3 ) GLOBAL_UNCERTAINTY_ASSIGNED_CONTEXT ( ( #258 ) ) GLOBAL_UNIT_ASSIGNED_CONTEXT ( ( #3577, #6546, #5705 ) ) REPRESENTATION_CONTEXT ( 'NONE', 'WORKASPACE' ) );
#9491 = LINE ( 'NONE', #5970, #11471 ) ;
#9492 = ADVANCED_FACE ( 'NONE', ( #6379 ), #10086, .T. ) ;
#9493 = DIRECTION ( 'NONE',  ( -0.0000000000000000000, 1.000000000000000000, -0.0000000000000000000 ) ) ;
#9494 = LINE ( 'NONE', #9255, #6470 ) ;
#9495 = DIRECTION ( 'NONE',  ( 0.0000000000000000000, 0.0000000000000000000, -1.000000000000000000 ) ) ;
#9496 = B_SPLINE_CURVE_WITH_KNOTS ( 'NONE', 3,
 ( #6911, #7907, #2424, #11558, #10551, #7851 ),
 .UNSPECIFIED., .F., .F.,
 ( 4, 2, 4 ),
 ( 0.0000000000000000000, 0.5000000000000000000, 1.000000000000000000 ),
 .UNSPECIFIED. ) ;
#9497 = EDGE_CURVE ( 'NONE', #10678, #5122, #4405, .T. ) ;
#9498 = ORIENTED_EDGE ( 'NONE', *, *, #7391, .F. ) ;
#9499 = CARTESIAN_POINT ( 'NONE',  ( 2.100000000000000089, -0.03000000000000000583, -1.754999999999999893 ) ) ;
#9500 = B_SPLINE_CURVE_WITH_KNOTS ( 'NONE', 3,
 ( #6124, #1725, #953, #9772 ),
 .UNSPECIFIED., .F., .F.,
 ( 4, 4 ),
 ( 0.0000000000000000000, 1.000000000000000000 ),
 .UNSPECIFIED. ) ;
#9501 = PLANE ( 'NONE',  #6263 ) ;
#9502 = VECTOR ( 'NONE', #5305, 1000.000000000000000 ) ;
#9503 = ORIENTED_EDGE ( 'NONE', *, *, #7059, .T. ) ;
#9504 = CARTESIAN_POINT ( 'NONE',  ( -0.2549999999999990052, 0.1000000000000000056, -2.100000000000000089 ) ) ;
#9505 = EDGE_CURVE ( 'NONE', #10271, #75, #8377, .T. ) ;
#9506 = CARTESIAN_POINT ( 'NONE',  ( 1.875000000000000000, -0.03000000000000000930, 2.500105095651770082 ) ) ;
#9507 = FILL_AREA_STYLE_COLOUR ( '', #1458 ) ;
#9508 = VECTOR ( 'NONE', #3953, 1000.000000000000000 ) ;
#9509 = ORIENTED_EDGE ( 'NONE', *, *, #9330, .T. ) ;
#9510 = CARTESIAN_POINT ( 'NONE',  ( -1.625000000000000222, 0.0000000000000000000, 2.220000000000000195 ) ) ;
#9511 = LINE ( 'NONE', #2940, #2338 ) ;
#9512 = DIRECTION ( 'NONE',  ( 0.0000000000000000000, 0.0000000000000000000, -1.000000000000000000 ) ) ;
#9513 = EDGE_CURVE ( 'NONE', #11770, #4792, #2542, .T. ) ;
#9514 = PLANE ( 'NONE',  #11383 ) ;
#9515 = CARTESIAN_POINT ( 'NONE',  ( -1.253377731761790015, 0.8900000000000000133, 0.03370724980274200644 ) ) ;
#9516 = COLOUR_RGB ( '',1.000000000000000000, 1.000000000000000000, 1.000000000000000000 ) ;
#9517 = AXIS2_PLACEMENT_3D ( 'NONE', #2642, #7237, #6276 ) ;
#9518 = ORIENTED_EDGE ( 'NONE', *, *, #5017, .T. ) ;
#9519 = DIRECTION ( 'NONE',  ( -1.000000000000000000, -0.0000000000000000000, 0.0000000000000000000 ) ) ;
#9520 = CARTESIAN_POINT ( 'NONE',  ( -2.220000000000000195, 0.0000000000000000000, -0.6250000000000000000 ) ) ;
#9521 = CARTESIAN_POINT ( 'NONE',  ( 1.745000000000000329, -0.03000000000000000236, 2.220000000000000195 ) ) ;
#9522 = EDGE_LOOP ( 'NONE', ( #2321, #9667, #517, #11367 ) ) ;
#9523 = B_SPLINE_CURVE_WITH_KNOTS ( 'NONE', 3,
 ( #1382, #4998, #3209, #8642, #484, #9648 ),
 .UNSPECIFIED., .F., .F.,
 ( 4, 2, 4 ),
 ( 0.0000000000000000000, 0.5000000000000000000, 1.000000000000000000 ),
 .UNSPECIFIED. ) ;
#9524 = DIRECTION ( 'NONE',  ( -0.0000000000000000000, 1.000000000000000000, -0.0000000000000000000 ) ) ;
#9525 = DIRECTION ( 'NONE',  ( 0.0000000000000000000, 0.0000000000000000000, -1.000000000000000000 ) ) ;
#9526 = PLANE ( 'NONE',  #10663 ) ;
#9527 = CARTESIAN_POINT ( 'NONE',  ( -2.500223525886114739, 0.1000000000000000333, 1.875000000000000222 ) ) ;
#9528 = CARTESIAN_POINT ( 'NONE',  ( 0.3750000000000000000, 0.0000000000000000000, 2.220000000000000195 ) ) ;
#9529 = DIRECTION ( 'NONE',  ( 0.0000000000000000000, 0.0000000000000000000, 1.000000000000000000 ) ) ;
#9530 = ORIENTED_EDGE ( 'NONE', *, *, #2834, .F. ) ;
#9531 = LINE ( 'NONE', #474, #11002 ) ;
#9532 = VERTEX_POINT ( 'NONE', #5606 ) ;
#9533 = DIRECTION ( 'NONE',  ( 0.0000000000000000000, -1.000000000000000000, 0.0000000000000000000 ) ) ;
#9534 = EDGE_LOOP ( 'NONE', ( #10878, #11154, #1027, #9264 ) ) ;
#9535 = EDGE_CURVE ( 'NONE', #7233, #7743, #5407, .T. ) ;
#9536 = EDGE_CURVE ( 'NONE', #6847, #5963, #11162, .T. ) ;
#9537 = ORIENTED_EDGE ( 'NONE', *, *, #4273, .T. ) ;
#9538 = VERTEX_POINT ( 'NONE', #8526 ) ;
#9539 = DIRECTION ( 'NONE',  ( -0.7071067811865460184, 0.0000000000000000000, 0.7071067811865489050 ) ) ;
#9540 = LINE ( 'NONE', #5174, #579 ) ;
#9541 = CARTESIAN_POINT ( 'NONE',  ( 2.500000000000000000, 0.9000000000000001332, 1.875000000000000444 ) ) ;
#9542 = CARTESIAN_POINT ( 'NONE',  ( -0.3750000000000000000, 0.1000000000000000194, 2.500052547825884819 ) ) ;
#9543 = CARTESIAN_POINT ( 'NONE',  ( 1.639653194964890037, 0.8900000000000000133, 0.3083217570670889751 ) ) ;
#9544 = EDGE_LOOP ( 'NONE', ( #6587, #1788, #10921, #838, #7153, #6205 ) ) ;
#9545 = LINE ( 'NONE', #9485, #205 ) ;
#9546 = CYLINDRICAL_SURFACE ( 'NONE', #10963, 0.1199999999999998845 ) ;
#9547 = EDGE_CURVE ( 'NONE', #5122, #10157, #292, .T. ) ;
#9548 = ORIENTED_EDGE ( 'NONE', *, *, #5478, .T. ) ;
#9549 = PLANE ( 'NONE',  #5487 ) ;
#9550 = CARTESIAN_POINT ( 'NONE',  ( -1.625000000000000222, 0.1000000000000000056, 2.500105095651770082 ) ) ;
#9551 = LINE ( 'NONE', #2271, #7007 ) ;
#9552 = ADVANCED_FACE ( 'NONE', ( #3036 ), #8465, .T. ) ;
#9553 = ADVANCED_FACE ( 'NONE', ( #6858 ), #4878, .T. ) ;
#9554 = STYLED_ITEM ( 'NONE', ( #2624 ), #1450 ) ;
#9555 = EDGE_CURVE ( 'NONE', #8479, #3043, #6740, .T. ) ;
#9556 = ORIENTED_EDGE ( 'NONE', *, *, #4548, .F. ) ;
#9557 = LINE ( 'NONE', #2106, #2466 ) ;
#9558 = B_SPLINE_CURVE_WITH_KNOTS ( 'NONE', 3,
 ( #3518, #3457, #10736, #6190, #2910, #8087 ),
 .UNSPECIFIED., .F., .F.,
 ( 4, 2, 4 ),
 ( 0.0000000000000000000, 0.5000000000000000000, 1.000000000000000000 ),
 .UNSPECIFIED. ) ;
#9559 = EDGE_LOOP ( 'NONE', ( #8056, #3487, #1495, #3264, #8002, #3537, #6583, #11785, #645, #10641, #8086, #1258, #6914, #10123, #467, #7135, #9656, #3493, #4166, #8167, #10656, #6114, #3148, #11468, #8544, #2693, #8815, #710, #2251, #2553, #8655, #6886, #10673, #11167, #10816, #3058 ) ) ;
#9560 = CARTESIAN_POINT ( 'NONE',  ( -1.625000000000000222, 0.0000000000000000000, 2.188584073464102886 ) ) ;
#9561 = CARTESIAN_POINT ( 'NONE',  ( 0.8755088654259448600, 0.8899999999999999023, 0.3158156397302514518 ) ) ;
#9562 = COLOUR_RGB ( '',1.000000000000000000, 1.000000000000000000, 1.000000000000000000 ) ;
#9563 = CARTESIAN_POINT ( 'NONE',  ( -1.754999999999999893, -0.03000000000000000583, 2.100000000000000089 ) ) ;
#9564 = LINE ( 'NONE', #3968, #3276 ) ;
#9565 = B_SPLINE_CURVE_WITH_KNOTS ( 'NONE', 3,
 ( #8950, #3280, #6920, #9723 ),
 .UNSPECIFIED., .F., .F.,
 ( 4, 4 ),
 ( 0.0000000000000000000, 1.000000000000000000 ),
 .UNSPECIFIED. ) ;
#9566 = CARTESIAN_POINT ( 'NONE',  ( -1.366138416502250097, 0.8900000000000000133, 0.2358692094292010322 ) ) ;
#9567 = ORIENTED_EDGE ( 'NONE', *, *, #6062, .F. ) ;
#9568 = VECTOR ( 'NONE', #2034, 1000.000000000000000 ) ;
#9569 = EDGE_CURVE ( 'NONE', #4797, #6847, #9665, .T. ) ;
#9570 = CARTESIAN_POINT ( 'NONE',  ( 2.100000000000000533, 0.0000000000000000000, 0.2135840734641029914 ) ) ;
#9571 = LINE ( 'NONE', #1364, #7236 ) ;
#9572 = CARTESIAN_POINT ( 'NONE',  ( -2.220000000000000195, 0.0000000000000000000, -1.875000000000000000 ) ) ;
#9573 = ORIENTED_EDGE ( 'NONE', *, *, #1362, .T. ) ;
#9574 = CARTESIAN_POINT ( 'NONE',  ( 2.220000000000000195, 0.1000000000000000056, -0.7550000000000000044 ) ) ;
#9575 = LINE ( 'NONE', #4985, #9900 ) ;
#9576 = PLANE ( 'NONE',  #3542 ) ;
#9577 = CARTESIAN_POINT ( 'NONE',  ( -2.220000000000000195, 0.0000000000000000000, 1.625000000000000222 ) ) ;
#9578 = FACE_OUTER_BOUND ( 'NONE', #145, .T. ) ;
#9579 = VERTEX_POINT ( 'NONE', #2199 ) ;
#9580 = DIRECTION ( 'NONE',  ( 0.0000000000000000000, 0.0000000000000000000, -1.000000000000000000 ) ) ;
#9581 = VERTEX_POINT ( 'NONE', #5848 ) ;
#9582 = EDGE_CURVE ( 'NONE', #248, #2617, #10443, .T. ) ;
#9583 = UNCERTAINTY_MEASURE_WITH_UNIT (LENGTH_MEASURE( 1.000000000000000082E-05 ), #2835, 'distance_accuracy_value', 'NONE');
#9584 = CARTESIAN_POINT ( 'NONE',  ( -0.7549999999999993383, 0.0000000000000000000, 2.100000000000000089 ) ) ;
#9585 = ORIENTED_EDGE ( 'NONE', *, *, #10479, .T. ) ;
#9586 = CARTESIAN_POINT ( 'NONE',  ( -1.291666666666666741, 0.1000000000000000056, 2.500105095651770082 ) ) ;
#9587 = ORIENTED_EDGE ( 'NONE', *, *, #5890, .F. ) ;
#9588 = ORIENTED_EDGE ( 'NONE', *, *, #3960, .T. ) ;
#9589 = LINE ( 'NONE', #4337, #4849 ) ;
#9590 = CARTESIAN_POINT ( 'NONE',  ( -0.04166666666666667129, 0.0000000000000000000, 2.500000000000000000 ) ) ;
#9591 = CARTESIAN_POINT ( 'NONE',  ( 1.125000000000000222, 0.0000000000000000000, -2.220000000000000195 ) ) ;
#9592 = CARTESIAN_POINT ( 'NONE',  ( -2.100000000000000089, 0.0000000000000000000, 0.7516666666666663721 ) ) ;
#9593 = SURFACE_STYLE_USAGE ( .BOTH. , #11395 ) ;
#9594 = ORIENTED_EDGE ( 'NONE', *, *, #3427, .T. ) ;
#9595 = EDGE_CURVE ( 'NONE', #1851, #2220, #1440, .T. ) ;
#9596 = EDGE_CURVE ( 'NONE', #6545, #5405, #1267, .T. ) ;
#9597 = LINE ( 'NONE', #2142, #582 ) ;
#9598 = ORIENTED_EDGE ( 'NONE', *, *, #11066, .F. ) ;
#9599 = CARTESIAN_POINT ( 'NONE',  ( 2.000000000000000000, 0.8900000000000000133, 2.149999999999999911 ) ) ;
#9600 = VERTEX_POINT ( 'NONE', #4943 ) ;
#9601 =( LENGTH_UNIT ( ) NAMED_UNIT ( * ) SI_UNIT ( .MILLI., .METRE. ) );
#9602 = STYLED_ITEM ( 'NONE', ( #5542 ), #3252 ) ;
#9603 = B_SPLINE_CURVE_WITH_KNOTS ( 'NONE', 3,
 ( #2355, #5038, #526, #4152 ),
 .UNSPECIFIED., .F., .F.,
 ( 4, 4 ),
 ( 0.0000000000000000000, 1.000000000000000000 ),
 .UNSPECIFIED. ) ;
#9604 = CARTESIAN_POINT ( 'NONE',  ( -1.147507322184299960, 0.9000000000000001332, 0.1848855750470370096 ) ) ;
#9605 = DIRECTION ( 'NONE',  ( -0.3162277660168336113, 0.0000000000000000000, 0.9486832980505152113 ) ) ;
#9606 = CYLINDRICAL_SURFACE ( 'NONE', #3576, 0.2768278204128590270 ) ;
#9607 = EDGE_CURVE ( 'NONE', #6393, #6511, #4673, .T. ) ;
#9608 = CARTESIAN_POINT ( 'NONE',  ( 2.000000000000000000, 0.8900000000000000133, 2.149999999999999911 ) ) ;
#9609 = STYLED_ITEM ( 'NONE', ( #4913 ), #3704 ) ;
#9610 = ORIENTED_EDGE ( 'NONE', *, *, #10242, .T. ) ;
#9611 = VERTEX_POINT ( 'NONE', #4676 ) ;
#9612 = CARTESIAN_POINT ( 'NONE',  ( 1.745000000000000551, 0.0000000000000000000, -2.100000000000000089 ) ) ;
#9613 = DIRECTION ( 'NONE',  ( 0.0000000000000000000, 0.0000000000000000000, -1.000000000000000000 ) ) ;
#9614 = B_SPLINE_CURVE_WITH_KNOTS ( 'NONE', 3,
 ( #7204, #11675, #7142, #10789 ),
 .UNSPECIFIED., .F., .F.,
 ( 4, 4 ),
 ( 0.0000000000000000000, 1.000000000000000000 ),
 .UNSPECIFIED. ) ;
#9615 = VERTEX_POINT ( 'NONE', #1891 ) ;
#9616 = DIRECTION ( 'NONE',  ( 0.0000000000000000000, 0.0000000000000000000, -1.000000000000000000 ) ) ;
#9617 = CARTESIAN_POINT ( 'NONE',  ( 0.5508645970779074696, 0.8899999999999999023, 0.1578081039574917299 ) ) ;
#9618 = EDGE_CURVE ( 'NONE', #4358, #6406, #4257, .T. ) ;
#9619 = AXIS2_PLACEMENT_3D ( 'NONE', #5734, #9376, #9431 ) ;
#9620 = DIRECTION ( 'NONE',  ( 0.0000000000000000000, 0.0000000000000000000, 1.000000000000000000 ) ) ;
#9621 = CARTESIAN_POINT ( 'NONE',  ( 2.500000000000000000, 0.9000000000000001332, -0.1250000000000001110 ) ) ;
#9622 = EDGE_CURVE ( 'NONE', #4399, #3496, #11646, .T. ) ;
#9623 = CARTESIAN_POINT ( 'NONE',  ( 2.112932771566822687, -0.0000000000000000000, -1.682361600948405922 ) ) ;
#9624 = ORIENTED_EDGE ( 'NONE', *, *, #9391, .T. ) ;
#9625 = COLOUR_RGB ( '',1.000000000000000000, 1.000000000000000000, 1.000000000000000000 ) ;
#9626 = DIRECTION ( 'NONE',  ( 1.000000000000000000, 0.0000000000000000000, -0.0000000000000000000 ) ) ;
#9627 = VERTEX_POINT ( 'NONE', #5639 ) ;
#9628 = CARTESIAN_POINT ( 'NONE',  ( 1.591083505372679952, 0.8900000000000000133, 0.2312067235917390218 ) ) ;
#9629 = CARTESIAN_POINT ( 'NONE',  ( -2.188584073464102442, 0.0000000000000000000, -0.1250000000000000000 ) ) ;
#9630 = ADVANCED_FACE ( 'NONE', ( #9280, #3735, #4623, #8502, #2896, #11138, #6661, #1181, #10303 ), #5702, .T. ) ;
#9631 = FACE_OUTER_BOUND ( 'NONE', #3425, .T. ) ;
#9632 = CARTESIAN_POINT ( 'NONE',  ( 1.875000000000000000, 0.1000000000000000056, 2.220000000000000195 ) ) ;
#9633 = B_SPLINE_SURFACE_WITH_KNOTS ( 'NONE', 3, 1, ( 
 ( #7275, #2131 ),
 ( #5652, #1196 ),
 ( #4751, #1379 ),
 ( #4052, #5838 ),
 ( #4110, #11151 ),
 ( #1319, #2071 ),
 ( #5719, #7734 ),
 ( #11387, #1255 ),
 ( #9359, #4868 ),
 ( #7682, #428 ) ),
 .UNSPECIFIED., .F., .F., .F.,
 ( 4, 1, 1, 1, 1, 1, 1, 4 ),
 ( 2, 2 ),
 ( 0.0000000000000000000, 0.1250000000000000000, 0.2500000000000000000, 0.3750000000000000000, 0.5000000000000000000, 0.6250000000000000000, 0.7500000000000000000, 1.000000000000000000 ),
 ( 0.0000000000000000000, 1.000000000000000000 ),
 .UNSPECIFIED. ) ;
#9634 = DIRECTION ( 'NONE',  ( -0.0000000000000000000, 1.000000000000000000, -0.0000000000000000000 ) ) ;
#9635 = ORIENTED_EDGE ( 'NONE', *, *, #11208, .T. ) ;
#9636 = B_SPLINE_CURVE_WITH_KNOTS ( 'NONE', 3,
 ( #9577, #530, #5041, #6946, #8689, #4155 ),
 .UNSPECIFIED., .F., .F.,
 ( 4, 2, 4 ),
 ( 0.0000000000000000000, 0.5000000000000000000, 1.000000000000000000 ),
 .UNSPECIFIED. ) ;
#9637 = DIRECTION ( 'NONE',  ( -0.0000000000000000000, 1.000000000000000000, 0.0000000000000000000 ) ) ;
#9638 = PRESENTATION_LAYER_ASSIGNMENT (  '', '', ( #7545 ) ) ;
#9639 = DIRECTION ( 'NONE',  ( -1.000000000000000000, 0.0000000000000000000, 0.0000000000000000000 ) ) ;
#9640 = ORIENTED_EDGE ( 'NONE', *, *, #5396, .F. ) ;
#9641 = ADVANCED_FACE ( 'NONE', ( #5762 ), #4853, .T. ) ;
#9642 = DIRECTION ( 'NONE',  ( 0.0000000000000000000, 0.0000000000000000000, -1.000000000000000000 ) ) ;
#9643 = CARTESIAN_POINT ( 'NONE',  ( -2.220000000000000195, 0.0000000000000000000, -1.625000000000000222 ) ) ;
#9644 = B_SPLINE_CURVE_WITH_KNOTS ( 'NONE', 3,
 ( #3765, #89, #3652, #2697 ),
 .UNSPECIFIED., .F., .F.,
 ( 4, 4 ),
 ( 0.0000000000000000000, 1.000000000000000000 ),
 .UNSPECIFIED. ) ;
#9645 = ORIENTED_EDGE ( 'NONE', *, *, #7402, .T. ) ;
#9646 = EDGE_LOOP ( 'NONE', ( #5649, #2998, #6531, #8247, #5828, #2847 ) ) ;
#9647 = EDGE_CURVE ( 'NONE', #2157, #1747, #10252, .T. ) ;
#9648 = CARTESIAN_POINT ( 'NONE',  ( 1.875000000000000000, 0.0000000000000000000, 2.220000000000000195 ) ) ;
#9649 = DIRECTION ( 'NONE',  ( 1.000000000000000000, -0.0000000000000000000, 0.0000000000000000000 ) ) ;
#9650 = CARTESIAN_POINT ( 'NONE',  ( -2.100000000000000089, 0.0000000000000000000, 0.7450000000000009948 ) ) ;
#9651 = CARTESIAN_POINT ( 'NONE',  ( -2.100000000000000089, -0.03000000000000000583, -1.745000000000000329 ) ) ;
#9652 = EDGE_LOOP ( 'NONE', ( #1169, #9972, #11485, #11314, #11092, #11229 ) ) ;
#9653 =( GEOMETRIC_REPRESENTATION_CONTEXT ( 3 ) GLOBAL_UNCERTAINTY_ASSIGNED_CONTEXT ( ( #6525 ) ) GLOBAL_UNIT_ASSIGNED_CONTEXT ( ( #4803, #2956, #8266 ) ) REPRESENTATION_CONTEXT ( 'NONE', 'WORKASPACE' ) );
#9654 = PRESENTATION_STYLE_ASSIGNMENT (( #3998 ) ) ;
#9655 = DIRECTION ( 'NONE',  ( 1.000000000000000000, 0.0000000000000000000, -0.0000000000000000000 ) ) ;
#9656 = ORIENTED_EDGE ( 'NONE', *, *, #6657, .F. ) ;
#9657 = VECTOR ( 'NONE', #2239, 1000.000000000000000 ) ;
#9658 = CARTESIAN_POINT ( 'NONE',  ( -1.430232663244010105, 0.9000000000000001332, -0.003069089361714209905 ) ) ;
#9659 = DIRECTION ( 'NONE',  ( 1.000000000000000000, 0.0000000000000000000, -0.0000000000000000000 ) ) ;
#9660 = EDGE_CURVE ( 'NONE', #2192, #6448, #10588, .T. ) ;
#9661 = EDGE_CURVE ( 'NONE', #8931, #6614, #1281, .T. ) ;
#9662 = CARTESIAN_POINT ( 'NONE',  ( 2.188584073464102442, -0.03000000000000000930, -0.3750000000000000555 ) ) ;
#9663 = CARTESIAN_POINT ( 'NONE',  ( 1.754999999999999893, 0.1000000000000000056, -2.220000000000000195 ) ) ;
#9664 = CARTESIAN_POINT ( 'NONE',  ( -2.500447051772229923, 0.1000000000000000056, -0.3750000000000000000 ) ) ;
#9665 = B_SPLINE_CURVE_WITH_KNOTS ( 'NONE', 3,
 ( #3216, #377, #7572, #10380 ),
 .UNSPECIFIED., .F., .F.,
 ( 4, 4 ),
 ( 0.0000000000000000000, 1.000000000000000000 ),
 .UNSPECIFIED. ) ;
#9666 = SURFACE_STYLE_USAGE ( .BOTH. , #6027 ) ;
#9667 = ORIENTED_EDGE ( 'NONE', *, *, #9811, .T. ) ;
#9668 = VECTOR ( 'NONE', #5791, 1000.000000000000000 ) ;
#9669 = ORIENTED_EDGE ( 'NONE', *, *, #1608, .T. ) ;
#9670 = LINE ( 'NONE', #858, #5140 ) ;
#9671 = EDGE_CURVE ( 'NONE', #6511, #6193, #10474, .T. ) ;
#9672 = SURFACE_STYLE_USAGE ( .BOTH. , #5980 ) ;
#9673 = EDGE_CURVE ( 'NONE', #10486, #3571, #4206, .T. ) ;
#9674 = ORIENTED_EDGE ( 'NONE', *, *, #8127, .F. ) ;
#9675 = CARTESIAN_POINT ( 'NONE',  ( -2.500000000000000000, 0.0000000000000000000, -1.625000000000000222 ) ) ;
#9676 = CARTESIAN_POINT ( 'NONE',  ( 0.1250000000000000555, 0.1000000000000000194, -2.500052547825884819 ) ) ;
#9677 = CARTESIAN_POINT ( 'NONE',  ( -1.125000000000000222, 0.1000000000000000194, -2.500052547825884819 ) ) ;
#9678 = CARTESIAN_POINT ( 'NONE',  ( -1.745000000000000551, 0.0000000000000000000, 2.100000000000000089 ) ) ;
#9679 = B_SPLINE_CURVE_WITH_KNOTS ( 'NONE', 3,
 ( #3009, #4036, #5884, #2005 ),
 .UNSPECIFIED., .F., .F.,
 ( 4, 4 ),
 ( 0.0000000000000000000, 1.000000000000000000 ),
 .UNSPECIFIED. ) ;
#9680 = ORIENTED_EDGE ( 'NONE', *, *, #11335, .F. ) ;
#9681 = FACE_OUTER_BOUND ( 'NONE', #5495, .T. ) ;
#9682 = VECTOR ( 'NONE', #10713, 1000.000000000000000 ) ;
#9683 = AXIS2_PLACEMENT_3D ( 'NONE', #9171, #1067, #6425 ) ;
#9684 = DIRECTION ( 'NONE',  ( 0.0000000000000000000, -1.000000000000000000, 0.0000000000000000000 ) ) ;
#9685 = PLANE ( 'NONE',  #4486 ) ;
#9686 = EDGE_CURVE ( 'NONE', #2696, #7101, #11505, .T. ) ;
#9687 = ORIENTED_EDGE ( 'NONE', *, *, #8661, .F. ) ;
#9688 = CARTESIAN_POINT ( 'NONE',  ( 0.3154900787141289853, 0.9000000000000001332, 0.03479771567938360483 ) ) ;
#9689 = CARTESIAN_POINT ( 'NONE',  ( 2.500223525886114739, 0.1000000000000000194, 1.625000000000000222 ) ) ;
#9690 = CARTESIAN_POINT ( 'NONE',  ( 1.291666666666666741, 0.1000000000000000056, -2.500105095651770082 ) ) ;
#9691 = CARTESIAN_POINT ( 'NONE',  ( 0.1250000000000001110, 0.03333333333333334675, -2.500105095651770082 ) ) ;
#9692 = ORIENTED_EDGE ( 'NONE', *, *, #69, .T. ) ;
#9693 = CARTESIAN_POINT ( 'NONE',  ( 2.100000000000000089, -0.03000000000000000583, 0.2450000000000010780 ) ) ;
#9694 = CYLINDRICAL_SURFACE ( 'NONE', #6318, 0.1199999999999999956 ) ;
#9695 = EDGE_LOOP ( 'NONE', ( #1532, #10940, #8989, #3110 ) ) ;
#9696 = AXIS2_PLACEMENT_3D ( 'NONE', #10469, #462, #4030 ) ;
#9697 = UNCERTAINTY_MEASURE_WITH_UNIT (LENGTH_MEASURE( 1.000000000000000082E-05 ), #3123, 'distance_accuracy_value', 'NONE');
#9698 = EDGE_CURVE ( 'NONE', #9041, #9295, #4368, .T. ) ;
#9699 = VECTOR ( 'NONE', #4873, 1000.000000000000000 ) ;
#9700 = CARTESIAN_POINT ( 'NONE',  ( 2.220000000000000195, 0.1000000000000000056, -1.625000000000000222 ) ) ;
#9701 = ORIENTED_EDGE ( 'NONE', *, *, #2823, .T. ) ;
#9702 = CARTESIAN_POINT ( 'NONE',  ( -2.500447051772229923, 0.1000000000000000056, -0.1250000000000000000 ) ) ;
#9703 = EDGE_CURVE ( 'NONE', #4594, #9418, #9571, .T. ) ;
#9704 = ORIENTED_EDGE ( 'NONE', *, *, #10746, .F. ) ;
#9705 = AXIS2_PLACEMENT_3D ( 'NONE', #639, #5039, #8686 ) ;
#9706 = CARTESIAN_POINT ( 'NONE',  ( 2.100000000000000089, 0.0000000000000000000, -1.245000000000000329 ) ) ;
#9707 = STYLED_ITEM ( 'NONE', ( #8442 ), #9630 ) ;
#9708 = VERTEX_POINT ( 'NONE', #5819 ) ;
#9709 = CARTESIAN_POINT ( 'NONE',  ( 1.486270063746210068, 0.8900000000000000133, 0.1258332384051620012 ) ) ;
#9710 = CARTESIAN_POINT ( 'NONE',  ( 0.3998479606374399919, 0.9000000000000001332, 0.3083217570670889751 ) ) ;
#9711 = DIRECTION ( 'NONE',  ( -0.0000000000000000000, 0.0000000000000000000, -1.000000000000000000 ) ) ;
#9712 = CARTESIAN_POINT ( 'NONE',  ( 0.3750000000000000555, -0.03000000000000000930, 2.500105095651770082 ) ) ;
#9713 = CARTESIAN_POINT ( 'NONE',  ( -2.220000000000000195, 0.0000000000000000000, 1.375000000000000000 ) ) ;
#9714 = PRESENTATION_STYLE_ASSIGNMENT (( #9593 ) ) ;
#9715 = VECTOR ( 'NONE', #7978, 1000.000000000000000 ) ;
#9716 = VERTEX_POINT ( 'NONE', #1302 ) ;
#9717 = VECTOR ( 'NONE', #4563, 1000.000000000000000 ) ;
#9718 = ORIENTED_EDGE ( 'NONE', *, *, #3091, .F. ) ;
#9719 = CARTESIAN_POINT ( 'NONE',  ( -0.2226109559785069969, 0.9000000000000001332, -0.3316052058057049612 ) ) ;
#9720 = EDGE_CURVE ( 'NONE', #8051, #8592, #6678, .T. ) ;
#9721 = ORIENTED_EDGE ( 'NONE', *, *, #5843, .F. ) ;
#9722 = COLOUR_RGB ( '',1.000000000000000000, 1.000000000000000000, 1.000000000000000000 ) ;
#9723 = CARTESIAN_POINT ( 'NONE',  ( 1.125000000000000222, 0.1000000000000000194, 2.500052547825884819 ) ) ;
#9724 = CARTESIAN_POINT ( 'NONE',  ( 1.245000000000000329, 0.0000000000000000000, -2.100000000000000089 ) ) ;
#9725 = SURFACE_SIDE_STYLE ('',( #8094 ) ) ;
#9726 = CARTESIAN_POINT ( 'NONE',  ( -0.1412354234161199984, 0.9000000000000001332, -0.3316052058057050167 ) ) ;
#9727 = ORIENTED_EDGE ( 'NONE', *, *, #8618, .T. ) ;
#9728 = DIRECTION ( 'NONE',  ( 0.0000000000000000000, 0.0000000000000000000, -1.000000000000000000 ) ) ;
#9729 = LINE ( 'NONE', #1563, #8560 ) ;
#9730 = EDGE_CURVE ( 'NONE', #75, #8931, #6773, .T. ) ;
#9731 = ORIENTED_EDGE ( 'NONE', *, *, #2850, .T. ) ;
#9732 = ORIENTED_EDGE ( 'NONE', *, *, #6373, .T. ) ;
#9733 = PRODUCT ( 'EDD1A5CE-FB3B-493F-AF3A-D747A036161D', 'EDD1A5CE-FB3B-493F-AF3A-D747A036161D', '', ( #7618 ) ) ;
#9734 = ORIENTED_EDGE ( 'NONE', *, *, #2289, .F. ) ;
#9735 = DIRECTION ( 'NONE',  ( 0.0000000000000000000, -1.000000000000000000, 0.0000000000000000000 ) ) ;
#9736 = CARTESIAN_POINT ( 'NONE',  ( -1.253377731761790015, 0.8900000000000000133, 0.03370724980274200644 ) ) ;
#9737 = ORIENTED_EDGE ( 'NONE', *, *, #6097, .T. ) ;
#9738 = CARTESIAN_POINT ( 'NONE',  ( -2.100000000000000533, 0.0000000000000000000, 1.786415926535897869 ) ) ;
#9739 = PLANE ( 'NONE',  #2224 ) ;
#9740 =( GEOMETRIC_REPRESENTATION_CONTEXT ( 3 ) GLOBAL_UNCERTAINTY_ASSIGNED_CONTEXT ( ( #1482 ) ) GLOBAL_UNIT_ASSIGNED_CONTEXT ( ( #1439, #5910, #5121 ) ) REPRESENTATION_CONTEXT ( 'NONE', 'WORKASPACE' ) );
#9741 = CARTESIAN_POINT ( 'NONE',  ( -1.284324105418200190, 0.8900000000000000133, 0.04581484287409479800 ) ) ;
#9742 = ADVANCED_FACE ( 'NONE', ( #8625 ), #465, .F. ) ;
#9743 = EDGE_CURVE ( 'NONE', #632, #3956, #6240, .T. ) ;
#9744 = VERTEX_POINT ( 'NONE', #3247 ) ;
#9745 = CARTESIAN_POINT ( 'NONE',  ( 1.790900912554659996, 0.8950000000000000178, -0.2421347249779509936 ) ) ;
#9746 = PLANE ( 'NONE',  #10665 ) ;
#9747 = FACE_OUTER_BOUND ( 'NONE', #4698, .T. ) ;
#9748 = ORIENTED_EDGE ( 'NONE', *, *, #4621, .T. ) ;
#9749 = CARTESIAN_POINT ( 'NONE',  ( 0.7450000000000006617, 0.0000000000000000000, 2.100000000000000089 ) ) ;
#9750 = CARTESIAN_POINT ( 'NONE',  ( -2.500447051772229923, -0.03000000000000000930, 1.625000000000000222 ) ) ;
#9751 = CARTESIAN_POINT ( 'NONE',  ( 1.625000000000000222, 0.0000000000000000000, 2.220000000000000195 ) ) ;
#9752 = EDGE_LOOP ( 'NONE', ( #4581, #1087, #11247, #7902 ) ) ;
#9753 = LINE ( 'NONE', #7950, #5087 ) ;
#9754 = ORIENTED_EDGE ( 'NONE', *, *, #7047, .T. ) ;
#9755 = VECTOR ( 'NONE', #10129, 1000.000000000000000 ) ;
#9756 = EDGE_CURVE ( 'NONE', #10810, #10476, #2295, .T. ) ;
#9757 = VERTEX_POINT ( 'NONE', #5094 ) ;
#9758 = PLANE ( 'NONE',  #6160 ) ;
#9759 = ORIENTED_EDGE ( 'NONE', *, *, #10889, .F. ) ;
#9760 = B_SPLINE_CURVE_WITH_KNOTS ( 'NONE', 3,
 ( #11161, #11221, #2919, #6620, #2079, #10263 ),
 .UNSPECIFIED., .F., .F.,
 ( 4, 2, 4 ),
 ( 0.0000000000000000000, 0.5000000000000000000, 1.000000000000000000 ),
 .UNSPECIFIED. ) ;
#9761 = CYLINDRICAL_SURFACE ( 'NONE', #3721, 0.1199999999999998845 ) ;
#9762 = VERTEX_POINT ( 'NONE', #8736 ) ;
#9763 = CARTESIAN_POINT ( 'NONE',  ( 0.3750000000000000000, 0.0000000000000000000, 2.500000000000000000 ) ) ;
#9764 = CARTESIAN_POINT ( 'NONE',  ( 0.01512489307809719574, 0.8900000000000000133, 0.03479771567938359789 ) ) ;
#9765 = ORIENTED_EDGE ( 'NONE', *, *, #10904, .F. ) ;
#9766 = VECTOR ( 'NONE', #1938, 1000.000000000000000 ) ;
#9767 = CARTESIAN_POINT ( 'NONE',  ( 2.001795617362940316, 0.8900000000000000133, 0.3083217570670888086 ) ) ;
#9768 = B_SPLINE_CURVE_WITH_KNOTS ( 'NONE', 3,
 ( #5647, #10251, #1127, #7496, #6670, #5769, #3314, #2410 ),
 .UNSPECIFIED., .F., .F.,
 ( 4, 1, 1, 1, 1, 4 ),
 ( 0.0000000000000000000, 0.2500000000000000000, 0.3750000000000000000, 0.5000000000000000000, 0.7500000000000000000, 1.000000000000000000 ),
 .UNSPECIFIED. ) ;
#9769 = DIRECTION ( 'NONE',  ( -1.000000000000000000, 0.0000000000000000000, -0.0000000000000000000 ) ) ;
#9770 = CARTESIAN_POINT ( 'NONE',  ( -2.500447051772229923, -0.03000000000000000930, 1.125000000000000222 ) ) ;
#9771 = SURFACE_STYLE_USAGE ( .BOTH. , #1598 ) ;
#9772 = CARTESIAN_POINT ( 'NONE',  ( 0.1250000000000000555, 0.1000000000000000194, 2.500052547825884819 ) ) ;
#9773 = EDGE_CURVE ( 'NONE', #1922, #10080, #586, .T. ) ;
#9774 = CARTESIAN_POINT ( 'NONE',  ( 1.362067228433177402, -0.03000000000000000930, -2.157361600948406011 ) ) ;
#9775 = ORIENTED_EDGE ( 'NONE', *, *, #9441, .F. ) ;
#9776 = EDGE_CURVE ( 'NONE', #1075, #8298, #10702, .T. ) ;
#9777 = VERTEX_POINT ( 'NONE', #2582 ) ;
#9778 = CARTESIAN_POINT ( 'NONE',  ( -0.8620672284331774016, -0.03000000000000000930, 2.157361600948406011 ) ) ;
#9779 = ORIENTED_EDGE ( 'NONE', *, *, #9773, .T. ) ;
#9780 = ORIENTED_EDGE ( 'NONE', *, *, #3449, .T. ) ;
#9781 = DIRECTION ( 'NONE',  ( 0.0000000000000000000, 0.0000000000000000000, 1.000000000000000000 ) ) ;
#9782 = SURFACE_SIDE_STYLE ('',( #11742 ) ) ;
#9783 = DIRECTION ( 'NONE',  ( 0.0000000000000000000, 0.0000000000000000000, 1.000000000000000000 ) ) ;
#9784 = DIRECTION ( 'NONE',  ( -1.000000000000000000, 0.0000000000000000000, -0.0000000000000000000 ) ) ;
#9785 =( LENGTH_UNIT ( ) NAMED_UNIT ( * ) SI_UNIT ( .MILLI., .METRE. ) );
#9786 = ORIENTED_EDGE ( 'NONE', *, *, #10464, .F. ) ;
#9787 = CARTESIAN_POINT ( 'NONE',  ( 1.713584073464102131, 0.0000000000000000000, -2.100000000000000533 ) ) ;
#9788 = EDGE_CURVE ( 'NONE', #8941, #6393, #1699, .T. ) ;
#9789 = CARTESIAN_POINT ( 'NONE',  ( 0.3176383990515937450, -0.03000000000000000930, 2.112932771566822687 ) ) ;
#9790 = ORIENTED_EDGE ( 'NONE', *, *, #2336, .T. ) ;
#9791 = B_SPLINE_CURVE_WITH_KNOTS ( 'NONE', 3,
 ( #10983, #5489, #8955, #8096, #79, #3701 ),
 .UNSPECIFIED., .F., .F.,
 ( 4, 2, 4 ),
 ( 0.0000000000000000000, 0.5000000000000000000, 1.000000000000000000 ),
 .UNSPECIFIED. ) ;
#9792 = VERTEX_POINT ( 'NONE', #10645 ) ;
#9793 = COLOUR_RGB ( '',0.2000000000000000111, 0.2000000000000000111, 0.2000000000000000111 ) ;
#9794 = VERTEX_POINT ( 'NONE', #3360 ) ;
#9795 = CARTESIAN_POINT ( 'NONE',  ( -2.500447051772229923, 0.1000000000000000056, 1.125000000000000222 ) ) ;
#9796 = LINE ( 'NONE', #7292, #9457 ) ;
#9797 = B_SPLINE_CURVE_WITH_KNOTS ( 'NONE', 3,
 ( #7816, #3291, #6931, #7594, #8546, #504 ),
 .UNSPECIFIED., .F., .F.,
 ( 4, 2, 4 ),
 ( 0.0000000000000000000, 0.5000000000000000000, 1.000000000000000000 ),
 .UNSPECIFIED. ) ;
#9798 = PLANE ( 'NONE',  #1840 ) ;
#9799 = ORIENTED_EDGE ( 'NONE', *, *, #1902, .F. ) ;
#9800 = CARTESIAN_POINT ( 'NONE',  ( 1.105261380706687335, 0.8900000000000001243, 0.1329611854825989981 ) ) ;
#9801 = EDGE_CURVE ( 'NONE', #1089, #2000, #8088, .T. ) ;
#9802 = LINE ( 'NONE', #5201, #7969 ) ;
#9803 = LINE ( 'NONE', #8786, #6222 ) ;
#9804 = CARTESIAN_POINT ( 'NONE',  ( 0.7450000000000009948, 0.0000000000000000000, -2.100000000000000089 ) ) ;
#9805 = DIRECTION ( 'NONE',  ( 0.0000000000000000000, -1.000000000000000000, 0.0000000000000000000 ) ) ;
#9806 = FILL_AREA_STYLE_COLOUR ( '', #9625 ) ;
#9807 = ORIENTED_EDGE ( 'NONE', *, *, #5496, .T. ) ;
#9808 = CARTESIAN_POINT ( 'NONE',  ( 2.220000000000000195, -0.03000000000000000930, 0.3750000000000000000 ) ) ;
#9809 = LINE ( 'NONE', #8917, #6727 ) ;
#9810 = CARTESIAN_POINT ( 'NONE',  ( 2.157361600948406011, -0.0000000000000000000, -1.362067228433177402 ) ) ;
#9811 = EDGE_CURVE ( 'NONE', #10170, #8612, #8979, .T. ) ;
#9812 = B_SPLINE_CURVE_WITH_KNOTS ( 'NONE', 3,
 ( #2618, #1611, #1855, #3635, #1670, #8092 ),
 .UNSPECIFIED., .F., .F.,
 ( 4, 2, 4 ),
 ( 0.0000000000000000000, 0.5000000000000000000, 1.000000000000000000 ),
 .UNSPECIFIED. ) ;
#9813 = CARTESIAN_POINT ( 'NONE',  ( 2.500223525886114739, 0.1000000000000000194, -1.874999999999999778 ) ) ;
#9814 = ORIENTED_EDGE ( 'NONE', *, *, #10904, .T. ) ;
#9815 = CARTESIAN_POINT ( 'NONE',  ( 1.395526597277665815, 0.9000000000000001332, -0.2421347249779658706 ) ) ;
#9816 = VERTEX_POINT ( 'NONE', #2521 ) ;
#9817 = CARTESIAN_POINT ( 'NONE',  ( 1.745000000000000329, 0.1000000000000000056, 2.100000000000000089 ) ) ;
#9818 = STYLED_ITEM ( 'NONE', ( #6605 ), #5863 ) ;
#9819 = VECTOR ( 'NONE', #11791, 1000.000000000000000 ) ;
#9820 = B_SPLINE_CURVE_WITH_KNOTS ( 'NONE', 3,
 ( #5376, #7979, #672, #6199, #7034, #849 ),
 .UNSPECIFIED., .F., .F.,
 ( 4, 2, 4 ),
 ( 0.0000000000000000000, 0.5000000000000000000, 1.000000000000000000 ),
 .UNSPECIFIED. ) ;
#9821 = ORIENTED_EDGE ( 'NONE', *, *, #10891, .F. ) ;
#9822 = CARTESIAN_POINT ( 'NONE',  ( -0.3750000000000000000, 0.0000000000000000000, -2.500000000000000000 ) ) ;
#9823 = VERTEX_POINT ( 'NONE', #7122 ) ;
#9824 = SURFACE_SIDE_STYLE ('',( #9886 ) ) ;
#9825 = VECTOR ( 'NONE', #1705, 1000.000000000000000 ) ;
#9826 = CARTESIAN_POINT ( 'NONE',  ( 0.5798150221043818497, 0.8900000000000000133, -0.3625908433922415131 ) ) ;
#9827 = VERTEX_POINT ( 'NONE', #3546 ) ;
#9828 = VECTOR ( 'NONE', #7930, 1000.000000000000000 ) ;
#9829 = CARTESIAN_POINT ( 'NONE',  ( 1.755000000000000115, 0.0000000000000000000, 2.100000000000000089 ) ) ;
#9830 = EDGE_CURVE ( 'NONE', #11168, #9400, #5267, .T. ) ;
#9831 = LINE ( 'NONE', #7141, #565 ) ;
#9832 = LINE ( 'NONE', #2546, #4008 ) ;
#9833 = DIRECTION ( 'NONE',  ( -1.000000000000000000, 0.0000000000000000000, -0.0000000000000000000 ) ) ;
#9834 = DIRECTION ( 'NONE',  ( 0.0000000000000000000, 1.000000000000000000, 0.0000000000000000000 ) ) ;
#9835 = ORIENTED_EDGE ( 'NONE', *, *, #6499, .T. ) ;
#9836 = VECTOR ( 'NONE', #10804, 1000.000000000000000 ) ;
#9837 = ORIENTED_EDGE ( 'NONE', *, *, #9698, .F. ) ;
#9838 = EDGE_CURVE ( 'NONE', #1542, #6845, #10762, .T. ) ;
#9839 = CARTESIAN_POINT ( 'NONE',  ( -0.6478087648646909669, 0.8900000000000000133, 0.3083217570670889751 ) ) ;
#9840 = ORIENTED_EDGE ( 'NONE', *, *, #6473, .F. ) ;
#9841 = ORIENTED_EDGE ( 'NONE', *, *, #2703, .T. ) ;
#9842 = PLANE ( 'NONE',  #6233 ) ;
#9843 = ADVANCED_FACE ( 'NONE', ( #11709 ), #9746, .T. ) ;
#9844 = CARTESIAN_POINT ( 'NONE',  ( -2.100000000000000089, 0.1000000000000000056, 0.7549999999999990052 ) ) ;
#9845 = FILL_AREA_STYLE ('',( #4586 ) ) ;
#9846 = LINE ( 'NONE', #4530, #3169 ) ;
#9847 = CARTESIAN_POINT ( 'NONE',  ( 1.245000000000000329, -0.03000000000000000583, 2.100000000000000089 ) ) ;
#9848 = CARTESIAN_POINT ( 'NONE',  ( 1.625000000000000222, 0.0000000000000000000, -2.220000000000000195 ) ) ;
#9849 = FACE_OUTER_BOUND ( 'NONE', #5182, .T. ) ;
#9850 = EDGE_LOOP ( 'NONE', ( #9007, #8609, #3559, #2862 ) ) ;
#9851 = EDGE_CURVE ( 'NONE', #8612, #8051, #2700, .T. ) ;
#9852 = AXIS2_PLACEMENT_3D ( 'NONE', #3067, #5756, #9454 ) ;
#9853 = ORIENTED_EDGE ( 'NONE', *, *, #9249, .F. ) ;
#9854 = ADVANCED_FACE ( 'NONE', ( #1580 ), #7244, .T. ) ;
#9855 = ORIENTED_EDGE ( 'NONE', *, *, #7879, .T. ) ;
#9856 = PLANE ( 'NONE',  #23 ) ;
#9857 = DIRECTION ( 'NONE',  ( -1.000000000000000000, 0.0000000000000000000, 0.0000000000000000000 ) ) ;
#9858 = CARTESIAN_POINT ( 'NONE',  ( 0.7450000000000009948, -0.03000000000000000930, 2.100000000000000089 ) ) ;
#9859 = ORIENTED_EDGE ( 'NONE', *, *, #3218, .F. ) ;
#9860 = CYLINDRICAL_SURFACE ( 'NONE', #373, 0.1199999999999998845 ) ;
#9861 = CARTESIAN_POINT ( 'NONE',  ( -0.2450000000000004396, 0.0000000000000000000, -2.100000000000000089 ) ) ;
#9862 = B_SPLINE_CURVE_WITH_KNOTS ( 'NONE', 3,
 ( #3734, #10778, #827, #942, #1715, #11664 ),
 .UNSPECIFIED., .F., .F.,
 ( 4, 2, 4 ),
 ( 0.0000000000000000000, 0.5000000000000000000, 1.000000000000000000 ),
 .UNSPECIFIED. ) ;
#9863 =( GEOMETRIC_REPRESENTATION_CONTEXT ( 3 ) GLOBAL_UNCERTAINTY_ASSIGNED_CONTEXT ( ( #7474 ) ) GLOBAL_UNIT_ASSIGNED_CONTEXT ( ( #2332, #1284, #10397 ) ) REPRESENTATION_CONTEXT ( 'NONE', 'WORKASPACE' ) );
#9864 = CARTESIAN_POINT ( 'NONE',  ( -2.220000000000000195, -0.03000000000000000930, -1.375000000000000000 ) ) ;
#9865 = CARTESIAN_POINT ( 'NONE',  ( -1.875000000000000000, 0.1000000000000000194, -2.500052547825884819 ) ) ;
#9866 = VECTOR ( 'NONE', #11345, 1000.000000000000000 ) ;
#9867 = ORIENTED_EDGE ( 'NONE', *, *, #4292, .F. ) ;
#9868 = CARTESIAN_POINT ( 'NONE',  ( 2.220000000000000195, 0.1000000000000000056, 0.2449999999999999956 ) ) ;
#9869 = DIRECTION ( 'NONE',  ( -0.0000000000000000000, -1.000000000000000000, 0.0000000000000000000 ) ) ;
#9870 = VERTEX_POINT ( 'NONE', #4259 ) ;
#9871 = EDGE_CURVE ( 'NONE', #9121, #1380, #6959, .T. ) ;
#9872 = CARTESIAN_POINT ( 'NONE',  ( 2.112932771566822687, -0.03000000000000000930, 1.182361600948406588 ) ) ;
#9873 = CARTESIAN_POINT ( 'NONE',  ( -1.540383323598710108, 0.8950000000000001288, -0.3316052058057050722 ) ) ;
#9874 = PLANE ( 'NONE',  #1466 ) ;
#9875 = DIRECTION ( 'NONE',  ( 0.0000000000000000000, 1.000000000000000000, 0.0000000000000000000 ) ) ;
#9876 = ORIENTED_EDGE ( 'NONE', *, *, #10214, .T. ) ;
#9877 = DIRECTION ( 'NONE',  ( 0.0000000000000000000, -1.000000000000000000, 0.0000000000000000000 ) ) ;
#9878 = ORIENTED_EDGE ( 'NONE', *, *, #7160, .F. ) ;
#9879 = CARTESIAN_POINT ( 'NONE',  ( 2.500000000000000000, 0.0000000000000000000, 1.875000000000000000 ) ) ;
#9880 = STYLED_ITEM ( 'NONE', ( #670 ), #8766 ) ;
#9881 = VERTEX_POINT ( 'NONE', #2995 ) ;
#9882 = ADVANCED_FACE ( 'NONE', ( #4553 ), #162, .T. ) ;
#9883 = EDGE_LOOP ( 'NONE', ( #7436, #7227, #8653, #11488 ) ) ;
#9884 = CARTESIAN_POINT ( 'NONE',  ( -2.500447051772229923, 0.1000000000000000056, -1.291666666666666741 ) ) ;
#9885 = ORIENTED_EDGE ( 'NONE', *, *, #8688, .F. ) ;
#9886 = SURFACE_STYLE_FILL_AREA ( #6060 ) ;
#9887 =( NAMED_UNIT ( * ) SI_UNIT ( $, .STERADIAN. ) SOLID_ANGLE_UNIT ( ) );
#9888 = AXIS2_PLACEMENT_3D ( 'NONE', #10888, #807, #5450 ) ;
#9889 = CARTESIAN_POINT ( 'NONE',  ( 1.125000000000000222, 0.1000000000000000194, -2.500052547825884819 ) ) ;
#9890 = PLANE ( 'NONE',  #3600 ) ;
#9891 = DIRECTION ( 'NONE',  ( 0.0000000000000000000, 0.0000000000000000000, 1.000000000000000000 ) ) ;
#9892 = CARTESIAN_POINT ( 'NONE',  ( 2.500000000000000000, 0.9000000000000001332, -2.500000000000000000 ) ) ;
#9893 = SURFACE_STYLE_FILL_AREA ( #6182 ) ;
#9894 = ORIENTED_EDGE ( 'NONE', *, *, #1341, .T. ) ;
#9895 = B_SPLINE_CURVE_WITH_KNOTS ( 'NONE', 3,
 ( #8774, #11509, #2329, #11293 ),
 .UNSPECIFIED., .F., .F.,
 ( 4, 4 ),
 ( 0.0000000000000000000, 1.000000000000000000 ),
 .UNSPECIFIED. ) ;
#9896 = VECTOR ( 'NONE', #8643, 1000.000000000000000 ) ;
#9897 = ADVANCED_FACE ( 'NONE', ( #279 ), #5511, .T. ) ;
#9898 = EDGE_CURVE ( 'NONE', #8765, #1536, #2046, .T. ) ;
#9899 = DIRECTION ( 'NONE',  ( 0.0000000000000000000, 0.0000000000000000000, -1.000000000000000000 ) ) ;
#9900 = VECTOR ( 'NONE', #9465, 1000.000000000000000 ) ;
#9901 = ORIENTED_EDGE ( 'NONE', *, *, #8853, .T. ) ;
#9902 = VECTOR ( 'NONE', #8184, 1000.000000000000000 ) ;
#9903 = DIRECTION ( 'NONE',  ( 0.0000000000000000000, 0.0000000000000000000, -1.000000000000000000 ) ) ;
#9904 = VERTEX_POINT ( 'NONE', #2883 ) ;
#9905 = ORIENTED_EDGE ( 'NONE', *, *, #555, .F. ) ;
#9906 = CARTESIAN_POINT ( 'NONE',  ( -0.8750000000000001110, 0.0000000000000000000, -2.500000000000000000 ) ) ;
#9907 = FILL_AREA_STYLE_COLOUR ( '', #7911 ) ;
#9908 = VECTOR ( 'NONE', #11131, 1000.000000000000000 ) ;
#9909 = DIRECTION ( 'NONE',  ( 0.0000000000000000000, -1.000000000000000000, 0.0000000000000000000 ) ) ;
#9910 = CARTESIAN_POINT ( 'NONE',  ( -2.313333333333333464, 0.0000000000000000000, 1.875000000000000000 ) ) ;
#9911 = UNCERTAINTY_MEASURE_WITH_UNIT (LENGTH_MEASURE( 1.000000000000000082E-05 ), #11057, 'distance_accuracy_value', 'NONE');
#9912 = CARTESIAN_POINT ( 'NONE',  ( -1.625000000000000222, 0.0000000000000000000, 2.500000000000000000 ) ) ;
#9913 = CARTESIAN_POINT ( 'NONE',  ( -0.2450000000000010225, 0.1000000000000000056, 2.100000000000000089 ) ) ;
#9914 = COLOUR_RGB ( '',1.000000000000000000, 1.000000000000000000, 1.000000000000000000 ) ;
#9915 = CARTESIAN_POINT ( 'NONE',  ( -1.073640129337579907, 0.8900000000000000133, 0.2119030800701119932 ) ) ;
#9916 = ORIENTED_EDGE ( 'NONE', *, *, #2242, .T. ) ;
#9917 = EDGE_CURVE ( 'NONE', #4102, #1542, #41, .T. ) ;
#9918 = VECTOR ( 'NONE', #445, 1000.000000000000000 ) ;
#9919 = EDGE_LOOP ( 'NONE', ( #553, #9640, #130, #10618 ) ) ;
#9920 = CARTESIAN_POINT ( 'NONE',  ( 1.875000000000000000, 0.0000000000000000000, 2.500000000000000000 ) ) ;
#9921 = ORIENTED_EDGE ( 'NONE', *, *, #818, .T. ) ;
#9922 = DIRECTION ( 'NONE',  ( 0.0000000000000000000, 0.0000000000000000000, 1.000000000000000000 ) ) ;
#9923 = CARTESIAN_POINT ( 'NONE',  ( 2.500000000000000000, 0.9000000000000001332, -2.500000000000000000 ) ) ;
#9924 = CARTESIAN_POINT ( 'NONE',  ( -0.2135840734641020477, 0.0000000000000000000, -2.100000000000000089 ) ) ;
#9925 = B_SPLINE_CURVE_WITH_KNOTS ( 'NONE', 3,
 ( #3921, #185, #4577, #7558, #2125, #3804 ),
 .UNSPECIFIED., .F., .F.,
 ( 4, 2, 4 ),
 ( 0.0000000000000000000, 0.5000000000000000000, 1.000000000000000000 ),
 .UNSPECIFIED. ) ;
#9926 = CYLINDRICAL_SURFACE ( 'NONE', #10629, 0.1199999999999999956 ) ;
#9927 = CARTESIAN_POINT ( 'NONE',  ( 1.875000000000000000, -0.03000000000000000583, 2.220000000000000195 ) ) ;
#9928 = EDGE_CURVE ( 'NONE', #9579, #4996, #1050, .T. ) ;
#9929 = EDGE_LOOP ( 'NONE', ( #8545, #7574, #3780, #6983, #1014, #1005, #8738 ) ) ;
#9930 =( NAMED_UNIT ( * ) SI_UNIT ( $, .STERADIAN. ) SOLID_ANGLE_UNIT ( ) );
#9931 = CARTESIAN_POINT ( 'NONE',  ( 2.220000000000000195, -0.03000000000000000583, -1.375000000000000000 ) ) ;
#9932 = ORIENTED_EDGE ( 'NONE', *, *, #9703, .F. ) ;
#9933 = CARTESIAN_POINT ( 'NONE',  ( 1.875000000000000000, 0.0000000000000000000, -2.500000000000000000 ) ) ;
#9934 = DIRECTION ( 'NONE',  ( -1.000000000000000000, 0.0000000000000000000, -0.0000000000000000000 ) ) ;
#9935 = LINE ( 'NONE', #698, #11530 ) ;
#9936 = LINE ( 'NONE', #1769, #963 ) ;
#9937 = VERTEX_POINT ( 'NONE', #7420 ) ;
#9938 = PRESENTATION_STYLE_ASSIGNMENT (( #10772 ) ) ;
#9939 = ORIENTED_EDGE ( 'NONE', *, *, #8015, .T. ) ;
#9940 = CARTESIAN_POINT ( 'NONE',  ( 2.406666666666666732, 0.0000000000000000000, 1.125000000000000222 ) ) ;
#9941 = EDGE_CURVE ( 'NONE', #682, #6252, #1165, .T. ) ;
#9942 = ORIENTED_EDGE ( 'NONE', *, *, #7484, .T. ) ;
#9943 = CARTESIAN_POINT ( 'NONE',  ( 1.745000000000000551, 0.0000000000000000000, 2.100000000000000089 ) ) ;
#9944 = ORIENTED_EDGE ( 'NONE', *, *, #9029, .T. ) ;
#9945 = CARTESIAN_POINT ( 'NONE',  ( 2.500447051772229923, 0.1000000000000000056, 0.2083333333333333148 ) ) ;
#9946 = ORIENTED_EDGE ( 'NONE', *, *, #291, .F. ) ;
#9947 = DIRECTION ( 'NONE',  ( -1.000000000000000000, 0.0000000000000000000, -0.0000000000000000000 ) ) ;
#9948 = DIRECTION ( 'NONE',  ( 0.0000000000000000000, 0.0000000000000000000, -1.000000000000000000 ) ) ;
#9949 = CARTESIAN_POINT ( 'NONE',  ( 1.125000000000000000, 0.0000000000000000000, 2.188584073464102442 ) ) ;
#9950 = FACE_OUTER_BOUND ( 'NONE', #6608, .T. ) ;
#9951 = CARTESIAN_POINT ( 'NONE',  ( -1.905376810939479970, 0.8999999999999901412, -0.01786213366506720149 ) ) ;
#9952 = EDGE_CURVE ( 'NONE', #9307, #10570, #3696, .T. ) ;
#9953 = MECHANICAL_DESIGN_GEOMETRIC_PRESENTATION_REPRESENTATION (  '', ( #7477 ), #1958 ) ;
#9954 = CARTESIAN_POINT ( 'NONE',  ( 2.100000000000000089, 0.0000000000000000000, -1.254999999999999893 ) ) ;
#9955 = EDGE_LOOP ( 'NONE', ( #2189, #4945, #8345, #10690 ) ) ;
#9956 = DIRECTION ( 'NONE',  ( -0.0000000000000000000, -1.000000000000000000, -0.0000000000000000000 ) ) ;
#9957 = ORIENTED_EDGE ( 'NONE', *, *, #11680, .T. ) ;
#9958 = VECTOR ( 'NONE', #9216, 1000.000000000000000 ) ;
#9959 = FILL_AREA_STYLE ('',( #73 ) ) ;
#9960 = ORIENTED_EDGE ( 'NONE', *, *, #9150, .F. ) ;
#9961 = ORIENTED_EDGE ( 'NONE', *, *, #8787, .F. ) ;
#9962 = CARTESIAN_POINT ( 'NONE',  ( -1.755000000000000115, 0.0000000000000000000, 2.100000000000000089 ) ) ;
#9963 = PRESENTATION_STYLE_ASSIGNMENT (( #10982 ) ) ;
#9964 = DIRECTION ( 'NONE',  ( 0.0000000000000000000, 0.0000000000000000000, -1.000000000000000000 ) ) ;
#9965 = EDGE_CURVE ( 'NONE', #10355, #8407, #7939, .T. ) ;
#9966 = CARTESIAN_POINT ( 'NONE',  ( -1.125000000000000222, 0.0000000000000000000, 2.220000000000000195 ) ) ;
#9967 = VECTOR ( 'NONE', #1516, 1000.000000000000000 ) ;
#9968 = CARTESIAN_POINT ( 'NONE',  ( -2.100000000000000089, -0.03000000000000000583, -0.2549999999999990052 ) ) ;
#9969 = ORIENTED_EDGE ( 'NONE', *, *, #8155, .F. ) ;
#9970 = B_SPLINE_CURVE_WITH_KNOTS ( 'NONE', 3,
 ( #11117, #273, #2930, #8420, #6636, #9146 ),
 .UNSPECIFIED., .F., .F.,
 ( 4, 2, 4 ),
 ( 0.0000000000000000000, 0.5000000000000000000, 1.000000000000000000 ),
 .UNSPECIFIED. ) ;
#9971 = VERTEX_POINT ( 'NONE', #11070 ) ;
#9972 = ORIENTED_EDGE ( 'NONE', *, *, #9213, .F. ) ;
#9973 = CARTESIAN_POINT ( 'NONE',  ( 1.875000000000000000, 0.0000000000000000000, -2.188584073464102442 ) ) ;
#9974 = DIRECTION ( 'NONE',  ( 1.000000000000000000, 0.0000000000000000000, 0.0000000000000000000 ) ) ;
#9975 = CARTESIAN_POINT ( 'NONE',  ( 2.100000000000000089, 0.1000000000000000056, -1.754999999999999893 ) ) ;
#9976 = ORIENTED_EDGE ( 'NONE', *, *, #10108, .T. ) ;
#9977 = CARTESIAN_POINT ( 'NONE',  ( 0.8620672284331777346, -0.03000000000000001277, 2.157361600948406455 ) ) ;
#9978 = EDGE_CURVE ( 'NONE', #9238, #11682, #5626, .T. ) ;
#9979 = CARTESIAN_POINT ( 'NONE',  ( -0.8749999999999998890, 0.1000000000000000194, -2.500052547825884819 ) ) ;
#9980 = EDGE_LOOP ( 'NONE', ( #987, #163, #2646, #11576 ) ) ;
#9981 = B_SPLINE_CURVE_WITH_KNOTS ( 'NONE', 3,
 ( #8260, #9945, #1716, #5354 ),
 .UNSPECIFIED., .F., .F.,
 ( 4, 4 ),
 ( 0.0000000000000000000, 1.000000000000000000 ),
 .UNSPECIFIED. ) ;
#9982 = EDGE_CURVE ( 'NONE', #10996, #9600, #9265, .T. ) ;
#9983 = CARTESIAN_POINT ( 'NONE',  ( 2.500447051772229923, -0.03000000000000000930, -0.8750000000000000000 ) ) ;
#9984 = CARTESIAN_POINT ( 'NONE',  ( -1.745000000000000329, 0.1000000000000000056, 2.220000000000000195 ) ) ;
#9985 = ORIENTED_EDGE ( 'NONE', *, *, #6143, .T. ) ;
#9986 = DIRECTION ( 'NONE',  ( 0.0000000000000000000, 1.000000000000000000, 0.0000000000000000000 ) ) ;
#9987 = CARTESIAN_POINT ( 'NONE',  ( 2.188584073464102442, -0.03000000000000000930, 1.125000000000000444 ) ) ;
#9988 = VECTOR ( 'NONE', #4580, 1000.000000000000000 ) ;
#9989 = CARTESIAN_POINT ( 'NONE',  ( 2.220000000000000195, 0.1000000000000000056, 1.254999999999999893 ) ) ;
#9990 = B_SPLINE_CURVE_WITH_KNOTS ( 'NONE', 3,
 ( #10694, #6151, #3478, #747 ),
 .UNSPECIFIED., .F., .F.,
 ( 4, 4 ),
 ( 0.0000000000000000000, 1.000000000000000000 ),
 .UNSPECIFIED. ) ;
#9991 = EDGE_CURVE ( 'NONE', #3437, #9309, #10949, .T. ) ;
#9992 = PLANE ( 'NONE',  #5527 ) ;
#9993 = CARTESIAN_POINT ( 'NONE',  ( -1.750000000000000000, -0.03000000000000000236, -1.750000000000000000 ) ) ;
#9994 = CARTESIAN_POINT ( 'NONE',  ( -1.875000000000000000, 0.06666666666666666574, 2.500105095651770082 ) ) ;
#9995 = ORIENTED_EDGE ( 'NONE', *, *, #2950, .F. ) ;
#9996 = PLANE ( 'NONE',  #3234 ) ;
#9997 = ORIENTED_EDGE ( 'NONE', *, *, #4863, .F. ) ;
#9998 = AXIS2_PLACEMENT_3D ( 'NONE', #7770, #4258, #4089 ) ;
#9999 = SURFACE_SIDE_STYLE ('',( #8010 ) ) ;
#10000 = VERTEX_POINT ( 'NONE', #6402 ) ;
#10001 = ADVANCED_FACE ( 'NONE', ( #229 ), #8245, .T. ) ;
#10002 = LINE ( 'NONE', #4677, #5239 ) ;
#10003 = ORIENTED_EDGE ( 'NONE', *, *, #5403, .T. ) ;
#10004 = CARTESIAN_POINT ( 'NONE',  ( -2.220000000000000195, 0.0000000000000000000, 1.125000000000000222 ) ) ;
#10005 = DIRECTION ( 'NONE',  ( -0.5579391863233839066, 0.0000000000000000000, -0.8298818375918347590 ) ) ;
#10006 = EDGE_CURVE ( 'NONE', #5871, #10283, #3837, .T. ) ;
#10007 = FILL_AREA_STYLE_COLOUR ( '', #11418 ) ;
#10008 = FACE_OUTER_BOUND ( 'NONE', #13, .T. ) ;
#10009 = SURFACE_STYLE_USAGE ( .BOTH. , #8143 ) ;
#10010 = CARTESIAN_POINT ( 'NONE',  ( 0.6250000000000000000, 0.1000000000000000056, 2.500105095651770082 ) ) ;
#10011 = VECTOR ( 'NONE', #1732, 1000.000000000000000 ) ;
#10012 = CARTESIAN_POINT ( 'NONE',  ( -1.625000000000000222, 0.1000000000000000194, -2.500052547825884819 ) ) ;
#10013 = ORIENTED_EDGE ( 'NONE', *, *, #5475, .T. ) ;
#10014 = B_SPLINE_CURVE_WITH_KNOTS ( 'NONE', 3,
 ( #4747, #4865, #8330, #2246 ),
 .UNSPECIFIED., .F., .F.,
 ( 4, 4 ),
 ( 0.0000000000000000000, 1.000000000000000000 ),
 .UNSPECIFIED. ) ;
#10015 = VECTOR ( 'NONE', #11655, 1000.000000000000000 ) ;
#10016 = ORIENTED_EDGE ( 'NONE', *, *, #2630, .T. ) ;
#10017 = EDGE_CURVE ( 'NONE', #8590, #1361, #4781, .T. ) ;
#10018 = VECTOR ( 'NONE', #569, 1000.000000000000000 ) ;
#10019 = VERTEX_POINT ( 'NONE', #6818 ) ;
#10020 = VERTEX_POINT ( 'NONE', #4841 ) ;
#10021 = EDGE_CURVE ( 'NONE', #2555, #9079, #7653, .T. ) ;
#10022 = DIRECTION ( 'NONE',  ( -0.0000000000000000000, 1.000000000000000000, -0.0000000000000000000 ) ) ;
#10023 = CARTESIAN_POINT ( 'NONE',  ( 2.100000000000000533, 0.0000000000000000000, -0.7864159265358972029 ) ) ;
#10024 = CARTESIAN_POINT ( 'NONE',  ( -0.7549999999999993383, 0.0000000000000000000, 2.100000000000000089 ) ) ;
#10025 = UNCERTAINTY_MEASURE_WITH_UNIT (LENGTH_MEASURE( 1.000000000000000082E-05 ), #749, 'distance_accuracy_value', 'NONE');
#10026 = SURFACE_STYLE_USAGE ( .BOTH. , #1859 ) ;
#10027 = CARTESIAN_POINT ( 'NONE',  ( -1.375000000000000000, 0.0000000000000000000, 2.313333333333333464 ) ) ;
#10028 = VECTOR ( 'NONE', #5026, 1000.000000000000000 ) ;
#10029 = CARTESIAN_POINT ( 'NONE',  ( 0.3176383990515937450, -0.0000000000000000000, -2.112932771566822687 ) ) ;
#10030 = VECTOR ( 'NONE', #7293, 1000.000000000000000 ) ;
#10031 = ORIENTED_EDGE ( 'NONE', *, *, #1045, .T. ) ;
#10032 = ORIENTED_EDGE ( 'NONE', *, *, #2706, .T. ) ;
#10033 = EDGE_CURVE ( 'NONE', #3651, #4924, #7664, .T. ) ;
#10034 = ORIENTED_EDGE ( 'NONE', *, *, #1830, .F. ) ;
#10035 = DIRECTION ( 'NONE',  ( 0.0000000000000000000, 0.0000000000000000000, 1.000000000000000000 ) ) ;
#10036 = LINE ( 'NONE', #8109, #9247 ) ;
#10037 = DIRECTION ( 'NONE',  ( -1.000000000000000000, 0.0000000000000000000, -0.0000000000000000000 ) ) ;
#10038 = EDGE_LOOP ( 'NONE', ( #2020, #11003, #8349, #11147, #10991, #9091, #5045, #5300, #7683, #1134, #797, #243, #9248 ) ) ;
#10039 = CARTESIAN_POINT ( 'NONE',  ( -2.157361600948405123, -0.0000000000000000000, 0.1379327715668226262 ) ) ;
#10040 = CARTESIAN_POINT ( 'NONE',  ( 1.349513207137741144, 0.8900000000000000133, -0.3316052058057046836 ) ) ;
#10041 = CARTESIAN_POINT ( 'NONE',  ( 2.188584073464102442, -0.03000000000000000930, -0.6250000000000000000 ) ) ;
#10042 = CARTESIAN_POINT ( 'NONE',  ( -0.8750000000000000000, -0.03000000000000000583, -2.220000000000000195 ) ) ;
#10043 = ORIENTED_EDGE ( 'NONE', *, *, #5046, .F. ) ;
#10044 = EDGE_CURVE ( 'NONE', #11727, #7095, #10516, .T. ) ;
#10045 = EDGE_CURVE ( 'NONE', #1668, #8931, #10640, .T. ) ;
#10046 = CARTESIAN_POINT ( 'NONE',  ( 1.245000000000000329, -0.03000000000000000236, 2.220000000000000195 ) ) ;
#10047 = CARTESIAN_POINT ( 'NONE',  ( -1.788357333276466399, -0.03000000000000000236, 2.100000000000000089 ) ) ;
#10048 = VERTEX_POINT ( 'NONE', #4077 ) ;
#10049 = ORIENTED_EDGE ( 'NONE', *, *, #439, .F. ) ;
#10050 = PRESENTATION_LAYER_ASSIGNMENT (  '', '', ( #350 ) ) ;
#10051 = CARTESIAN_POINT ( 'NONE',  ( 2.500000000000000000, 0.0000000000000000000, 2.083333333333333481 ) ) ;
#10052 = CARTESIAN_POINT ( 'NONE',  ( -0.3750000000000000000, 0.1000000000000000056, -2.220000000000000195 ) ) ;
#10053 = DIRECTION ( 'NONE',  ( 0.0000000000000000000, 0.0000000000000000000, 1.000000000000000000 ) ) ;
#10054 = CARTESIAN_POINT ( 'NONE',  ( 1.745000000000000329, -0.03000000000000000583, 2.100000000000000089 ) ) ;
#10055 = CARTESIAN_POINT ( 'NONE',  ( 1.701506374892229889, 0.9000000000000001332, 0.08842112146053691946 ) ) ;
#10056 = CARTESIAN_POINT ( 'NONE',  ( 1.754999999999999893, 0.1000000000000000056, 2.220000000000000195 ) ) ;
#10057 = MECHANICAL_DESIGN_GEOMETRIC_PRESENTATION_REPRESENTATION (  '', ( #11766 ), #10254 ) ;
#10058 = EDGE_LOOP ( 'NONE', ( #9942, #491, #1741, #5252 ) ) ;
#10059 = LINE ( 'NONE', #5281, #855 ) ;
#10060 = VERTEX_POINT ( 'NONE', #5978 ) ;
#10061 = AXIS2_PLACEMENT_3D ( 'NONE', #6893, #6833, #7775 ) ;
#10062 = CARTESIAN_POINT ( 'NONE',  ( 0.6669812533945912447, 0.8899999999999999023, -0.3030598619225642887 ) ) ;
#10063 = ORIENTED_EDGE ( 'NONE', *, *, #6415, .F. ) ;
#10064 = FACE_OUTER_BOUND ( 'NONE', #7028, .T. ) ;
#10065 = CARTESIAN_POINT ( 'NONE',  ( -0.9920570910971920897, 0.9000000000000001332, -0.1394566969803849865 ) ) ;
#10066 = EDGE_LOOP ( 'NONE', ( #738, #1312, #8170, #10951 ) ) ;
#10067 =( NAMED_UNIT ( * ) SI_UNIT ( $, .STERADIAN. ) SOLID_ANGLE_UNIT ( ) );
#10068 = CARTESIAN_POINT ( 'NONE',  ( -2.100000000000000089, 0.1000000000000000056, -0.7549999999999990052 ) ) ;
#10069 = CARTESIAN_POINT ( 'NONE',  ( 2.100000000000000089, 0.0000000000000000000, -1.251666666666666483 ) ) ;
#10070 = ORIENTED_EDGE ( 'NONE', *, *, #99, .T. ) ;
#10071 = EDGE_CURVE ( 'NONE', #6541, #2675, #11224, .T. ) ;
#10072 = AXIS2_PLACEMENT_3D ( 'NONE', #11685, #6257, #617 ) ;
#10073 = ADVANCED_FACE ( 'NONE', ( #6759 ), #11465, .T. ) ;
#10074 = EDGE_CURVE ( 'NONE', #8810, #10792, #1404, .T. ) ;
#10075 = FILL_AREA_STYLE_COLOUR ( '', #9793 ) ;
#10076 = ORIENTED_EDGE ( 'NONE', *, *, #8836, .T. ) ;
#10077 = ORIENTED_EDGE ( 'NONE', *, *, #2097, .T. ) ;
#10078 = VECTOR ( 'NONE', #7757, 1000.000000000000000 ) ;
#10079 = PRESENTATION_LAYER_ASSIGNMENT (  '', '', ( #8554 ) ) ;
#10080 = VERTEX_POINT ( 'NONE', #1457 ) ;
#10081 = CYLINDRICAL_SURFACE ( 'NONE', #7881, 0.1199999999999998845 ) ;
#10082 =( NAMED_UNIT ( * ) SI_UNIT ( $, .STERADIAN. ) SOLID_ANGLE_UNIT ( ) );
#10083 = PLANE ( 'NONE',  #2842 ) ;
#10084 = DIRECTION ( 'NONE',  ( 0.0000000000000000000, 1.000000000000000000, 0.0000000000000000000 ) ) ;
#10085 = FACE_OUTER_BOUND ( 'NONE', #7371, .T. ) ;
#10086 = CYLINDRICAL_SURFACE ( 'NONE', #9144, 0.1200000000000000927 ) ;
#10087 = PRESENTATION_LAYER_ASSIGNMENT (  '', '', ( #3611 ) ) ;
#10088 = CARTESIAN_POINT ( 'NONE',  ( -0.2449999999999999956, -0.03000000000000000236, -2.220000000000000195 ) ) ;
#10089 = VECTOR ( 'NONE', #580, 1000.000000000000000 ) ;
#10090 = CARTESIAN_POINT ( 'NONE',  ( -1.905376810939479970, 0.8900000000000000133, -0.01786213366506720149 ) ) ;
#10091 = AXIS2_PLACEMENT_3D ( 'NONE', #2625, #3583, #8835 ) ;
#10092 = ORIENTED_EDGE ( 'NONE', *, *, #5907, .F. ) ;
#10093 = EDGE_CURVE ( 'NONE', #1773, #10686, #5867, .T. ) ;
#10094 = ORIENTED_EDGE ( 'NONE', *, *, #7185, .T. ) ;
#10095 = AXIS2_PLACEMENT_3D ( 'NONE', #6536, #287, #3905 ) ;
#10096 = ORIENTED_EDGE ( 'NONE', *, *, #249, .F. ) ;
#10097 = B_SPLINE_CURVE_WITH_KNOTS ( 'NONE', 3,
 ( #11497, #8698, #3150, #7631 ),
 .UNSPECIFIED., .F., .F.,
 ( 4, 4 ),
 ( 0.0000000000000000000, 1.000000000000000000 ),
 .UNSPECIFIED. ) ;
#10098 = PLANE ( 'NONE',  #67 ) ;
#10099 = PRESENTATION_STYLE_ASSIGNMENT (( #977 ) ) ;
#10100 = CARTESIAN_POINT ( 'NONE',  ( -1.125000000000000222, 0.03333333333333334675, -2.500000000000000000 ) ) ;
#10101 = PRESENTATION_LAYER_ASSIGNMENT (  '', '', ( #3997 ) ) ;
#10102 = EDGE_LOOP ( 'NONE', ( #10343, #10976, #2285, #7915, #1455 ) ) ;
#10103 = FACE_OUTER_BOUND ( 'NONE', #11716, .T. ) ;
#10104 = CARTESIAN_POINT ( 'NONE',  ( 1.823365593190779954, 0.8900000000000000133, -0.05997179474196869670 ) ) ;
#10105 = VECTOR ( 'NONE', #9331, 1000.000000000000000 ) ;
#10106 = CARTESIAN_POINT ( 'NONE',  ( 1.178241143838899996, 0.8900000000000000133, 0.3083217570670889751 ) ) ;
#10107 = DIRECTION ( 'NONE',  ( 0.0000000000000000000, -1.000000000000000000, 0.0000000000000000000 ) ) ;
#10108 = EDGE_CURVE ( 'NONE', #8640, #8970, #9797, .T. ) ;
#10109 = CARTESIAN_POINT ( 'NONE',  ( -0.7864159265358973139, -0.03000000000000000930, -2.100000000000000089 ) ) ;
#10110 = VERTEX_POINT ( 'NONE', #11249 ) ;
#10111 = CARTESIAN_POINT ( 'NONE',  ( -0.1250000000000000000, 0.1000000000000000056, 2.220000000000000195 ) ) ;
#10112 = CARTESIAN_POINT ( 'NONE',  ( 0.5297931827920353554, 0.9000000000000001332, -0.3810269952153216844 ) ) ;
#10113 = ORIENTED_EDGE ( 'NONE', *, *, #10877, .F. ) ;
#10114 = ORIENTED_EDGE ( 'NONE', *, *, #4049, .F. ) ;
#10115 = CARTESIAN_POINT ( 'NONE',  ( -2.500223525886114739, 0.1000000000000000333, 0.1250000000000000555 ) ) ;
#10116 = DIRECTION ( 'NONE',  ( 0.0000000000000000000, -0.0000000000000000000, -1.000000000000000000 ) ) ;
#10117 =( NAMED_UNIT ( * ) SI_UNIT ( $, .STERADIAN. ) SOLID_ANGLE_UNIT ( ) );
#10118 = CARTESIAN_POINT ( 'NONE',  ( -0.8750000000000001110, 0.0000000000000000000, -2.220000000000000195 ) ) ;
#10119 = EDGE_CURVE ( 'NONE', #8636, #7520, #4966, .T. ) ;
#10120 = SURFACE_STYLE_FILL_AREA ( #7369 ) ;
#10121 = EDGE_CURVE ( 'NONE', #11739, #9757, #3174, .T. ) ;
#10122 = PLANE ( 'NONE',  #7596 ) ;
#10123 = ORIENTED_EDGE ( 'NONE', *, *, #3859, .T. ) ;
#10124 = B_SPLINE_CURVE_WITH_KNOTS ( 'NONE', 3,
 ( #6455, #94, #3950, #7585 ),
 .UNSPECIFIED., .F., .F.,
 ( 4, 4 ),
 ( 0.0000000000000000000, 0.0005689341335657762755 ),
 .UNSPECIFIED. ) ;
#10125 = SURFACE_STYLE_USAGE ( .BOTH. , #9402 ) ;
#10126 = CARTESIAN_POINT ( 'NONE',  ( 0.1379327715668226262, -0.0000000000000000000, -2.157361600948405567 ) ) ;
#10127 = CARTESIAN_POINT ( 'NONE',  ( 2.220000000000000195, 0.0000000000000000000, -0.1250000000000000000 ) ) ;
#10128 = VERTEX_POINT ( 'NONE', #5929 ) ;
#10129 = DIRECTION ( 'NONE',  ( -0.0000000000000000000, -1.000000000000000000, 0.0000000000000000000 ) ) ;
#10130 = CARTESIAN_POINT ( 'NONE',  ( -1.875000000000000000, -0.03000000000000000583, -2.220000000000000195 ) ) ;
#10131 = CARTESIAN_POINT ( 'NONE',  ( -0.3750000000000000000, 0.03333333333333333287, 2.500105095651770082 ) ) ;
#10132 = CARTESIAN_POINT ( 'NONE',  ( 2.100000000000000089, -0.03000000000000000583, 0.2549999999999990052 ) ) ;
#10133 = VERTEX_POINT ( 'NONE', #3059 ) ;
#10134 = PLANE ( 'NONE',  #537 ) ;
#10135 = CARTESIAN_POINT ( 'NONE',  ( -0.6250000000000000000, 0.1000000000000000056, 2.500105095651770082 ) ) ;
#10136 = EDGE_CURVE ( 'NONE', #9081, #9777, #9557, .T. ) ;
#10137 = ORIENTED_EDGE ( 'NONE', *, *, #238, .T. ) ;
#10138 = STYLED_ITEM ( 'NONE', ( #8080 ), #1695 ) ;
#10139 = CARTESIAN_POINT ( 'NONE',  ( -2.499999999999999556, 0.0000000000000000000, 0.8750000000000001110 ) ) ;
#10140 = ORIENTED_EDGE ( 'NONE', *, *, #9077, .T. ) ;
#10141 = ORIENTED_EDGE ( 'NONE', *, *, #10227, .T. ) ;
#10142 = ORIENTED_EDGE ( 'NONE', *, *, #509, .T. ) ;
#10143 = EDGE_CURVE ( 'NONE', #10157, #68, #10340, .T. ) ;
#10144 = AXIS2_PLACEMENT_3D ( 'NONE', #3788, #7430, #11074 ) ;
#10145 = CARTESIAN_POINT ( 'NONE',  ( 0.3749999999999999445, -0.03000000000000000930, -2.188584073464102886 ) ) ;
#10146 = CARTESIAN_POINT ( 'NONE',  ( -2.313333333333333464, 0.0000000000000000000, 0.6250000000000000000 ) ) ;
#10147 = CARTESIAN_POINT ( 'NONE',  ( 0.5150298878978475381, 0.9000000000000001332, -0.002161740005617206022 ) ) ;
#10148 = UNCERTAINTY_MEASURE_WITH_UNIT (LENGTH_MEASURE( 1.000000000000000082E-05 ), #9072, 'distance_accuracy_value', 'NONE');
#10149 = B_SPLINE_CURVE_WITH_KNOTS ( 'NONE', 3,
 ( #283, #9396, #8490, #345 ),
 .UNSPECIFIED., .F., .F.,
 ( 4, 4 ),
 ( 0.0000000000000000000, 1.000000000000000000 ),
 .UNSPECIFIED. ) ;
#10150 = LINE ( 'NONE', #7571, #4596 ) ;
#10151 = CARTESIAN_POINT ( 'NONE',  ( -0.1250000000000000000, 0.0000000000000000000, -2.313333333333333464 ) ) ;
#10152 = EDGE_CURVE ( 'NONE', #666, #6087, #5387, .T. ) ;
#10153 = ORIENTED_EDGE ( 'NONE', *, *, #8925, .T. ) ;
#10154 = CARTESIAN_POINT ( 'NONE',  ( 2.500223525886114739, 0.1000000000000000194, -1.625000000000000222 ) ) ;
#10155 = CARTESIAN_POINT ( 'NONE',  ( -1.650730249952940154, 0.8900000000000000133, -0.2566204218738730169 ) ) ;
#10156 = AXIS2_PLACEMENT_3D ( 'NONE', #5533, #11795, #7377 ) ;
#10157 = VERTEX_POINT ( 'NONE', #9446 ) ;
#10158 = ORIENTED_EDGE ( 'NONE', *, *, #5974, .T. ) ;
#10159 = CARTESIAN_POINT ( 'NONE',  ( 0.1250000000000000555, 0.0000000000000000000, -2.500000000000000000 ) ) ;
#10160 = ORIENTED_EDGE ( 'NONE', *, *, #10954, .T. ) ;
#10161 = DIRECTION ( 'NONE',  ( 0.0000000000000000000, 0.0000000000000000000, 1.000000000000000000 ) ) ;
#10162 = DIRECTION ( 'NONE',  ( -0.0000000000000000000, -1.000000000000000000, 0.0000000000000000000 ) ) ;
#10163 = DIRECTION ( 'NONE',  ( -0.0000000000000000000, -1.000000000000000000, -0.0000000000000000000 ) ) ;
#10164 = CARTESIAN_POINT ( 'NONE',  ( 1.486270063746210068, 0.8899999999999989031, 0.1258332384051620012 ) ) ;
#10165 = CARTESIAN_POINT ( 'NONE',  ( -2.188584073464102442, 0.0000000000000000000, 0.1250000000000000000 ) ) ;
#10166 = CYLINDRICAL_SURFACE ( 'NONE', #4443, 0.1200000000000000927 ) ;
#10167 = VECTOR ( 'NONE', #6777, 1000.000000000000000 ) ;
#10168 = CARTESIAN_POINT ( 'NONE',  ( -0.6250000000000000000, -0.03000000000000000930, -2.500105095651770082 ) ) ;
#10169 = EDGE_CURVE ( 'NONE', #952, #2364, #624, .T. ) ;
#10170 = VERTEX_POINT ( 'NONE', #1750 ) ;
#10171 = LINE ( 'NONE', #10225, #7384 ) ;
#10172 = B_SPLINE_CURVE_WITH_KNOTS ( 'NONE', 3,
 ( #5739, #8355, #4833, #2876, #1218, #153 ),
 .UNSPECIFIED., .F., .F.,
 ( 4, 2, 4 ),
 ( 0.0000000000000000000, 0.5000000000000000000, 1.000000000000000000 ),
 .UNSPECIFIED. ) ;
#10173 = LINE ( 'NONE', #6698, #9131 ) ;
#10174 = ORIENTED_EDGE ( 'NONE', *, *, #10510, .T. ) ;
#10175 = STYLED_ITEM ( 'NONE', ( #4604 ), #3126 ) ;
#10176 = CARTESIAN_POINT ( 'NONE',  ( 1.125000000000000222, 0.0000000000000000000, 2.500000000000000000 ) ) ;
#10177 = EDGE_CURVE ( 'NONE', #11607, #5068, #8901, .T. ) ;
#10178 = ORIENTED_EDGE ( 'NONE', *, *, #9991, .F. ) ;
#10179 = ORIENTED_EDGE ( 'NONE', *, *, #8787, .T. ) ;
#10180 = SURFACE_STYLE_FILL_AREA ( #7249 ) ;
#10181 = SURFACE_STYLE_FILL_AREA ( #10409 ) ;
#10182 = FACE_OUTER_BOUND ( 'NONE', #423, .T. ) ;
#10183 = FILL_AREA_STYLE ('',( #11015 ) ) ;
#10184 = ORIENTED_EDGE ( 'NONE', *, *, #4241, .F. ) ;
#10185 = SURFACE_STYLE_FILL_AREA ( #3793 ) ;
#10186 = AXIS2_PLACEMENT_3D ( 'NONE', #10197, #6610, #7447 ) ;
#10187 = EDGE_CURVE ( 'NONE', #3381, #4274, #562, .T. ) ;
#10188 = ORIENTED_EDGE ( 'NONE', *, *, #5695, .F. ) ;
#10189 = CARTESIAN_POINT ( 'NONE',  ( 2.100000000000000533, -0.03000000000000000930, 1.286415926535897647 ) ) ;
#10190 = CARTESIAN_POINT ( 'NONE',  ( -1.291990212338550048, 0.8900000000000001243, -0.009368253881658159671 ) ) ;
#10191 = SURFACE_STYLE_USAGE ( .BOTH. , #6482 ) ;
#10192 = EDGE_LOOP ( 'NONE', ( #6663, #8303, #2017, #4701 ) ) ;
#10193 = CARTESIAN_POINT ( 'NONE',  ( 1.375000000000000000, 0.0000000000000000000, -2.406666666666666732 ) ) ;
#10194 = LINE ( 'NONE', #10311, #3087 ) ;
#10195 = ORIENTED_EDGE ( 'NONE', *, *, #4502, .F. ) ;
#10196 = AXIS2_PLACEMENT_3D ( 'NONE', #5818, #3912, #10301 ) ;
#10197 = CARTESIAN_POINT ( 'NONE',  ( -1.745000000000000329, 0.1000000000000000056, 2.100000000000000089 ) ) ;
#10198 = ORIENTED_EDGE ( 'NONE', *, *, #7118, .F. ) ;
#10199 = DIRECTION ( 'NONE',  ( -1.000000000000000000, 0.0000000000000000000, -0.0000000000000000000 ) ) ;
#10200 = EDGE_CURVE ( 'NONE', #9436, #11071, #8842, .T. ) ;
#10201 = VERTEX_POINT ( 'NONE', #11636 ) ;
#10202 = B_SPLINE_CURVE_WITH_KNOTS ( 'NONE', 3,
 ( #1175, #4790, #11073, #9274, #171, #6410 ),
 .UNSPECIFIED., .F., .F.,
 ( 4, 2, 4 ),
 ( 0.0000000000000000000, 0.5000000000000000000, 1.000000000000000000 ),
 .UNSPECIFIED. ) ;
#10203 = ORIENTED_EDGE ( 'NONE', *, *, #7709, .F. ) ;
#10204 = STYLED_ITEM ( 'NONE', ( #5111 ), #4260 ) ;
#10205 = CARTESIAN_POINT ( 'NONE',  ( 0.3620672284331775126, -0.03000000000000000930, -2.157361600948406011 ) ) ;
#10206 = DIRECTION ( 'NONE',  ( -1.000000000000000000, 0.0000000000000000000, 0.0000000000000000000 ) ) ;
#10207 = CARTESIAN_POINT ( 'NONE',  ( -1.785319895140109914, 0.9000000000000001332, -0.02812016593027890157 ) ) ;
#10208 = DIRECTION ( 'NONE',  ( 0.0000000000000000000, 1.000000000000000000, -0.0000000000000000000 ) ) ;
#10209 = CARTESIAN_POINT ( 'NONE',  ( 1.754999999999999893, 0.1000000000000000056, 2.100000000000000089 ) ) ;
#10210 = CARTESIAN_POINT ( 'NONE',  ( 2.100000000000000089, -0.03000000000000000583, 0.7549999999999990052 ) ) ;
#10211 = ORIENTED_EDGE ( 'NONE', *, *, #2155, .F. ) ;
#10212 =( LENGTH_UNIT ( ) NAMED_UNIT ( * ) SI_UNIT ( .MILLI., .METRE. ) );
#10213 = VECTOR ( 'NONE', #1260, 1000.000000000000000 ) ;
#10214 = EDGE_CURVE ( 'NONE', #4278, #10334, #3534, .T. ) ;
#10215 = VERTEX_POINT ( 'NONE', #5385 ) ;
#10216 = ORIENTED_EDGE ( 'NONE', *, *, #3304, .F. ) ;
#10217 = CARTESIAN_POINT ( 'NONE',  ( -2.313333333333333464, 0.0000000000000000000, 0.1250000000000000000 ) ) ;
#10218 = DIRECTION ( 'NONE',  ( -1.000000000000000000, 0.0000000000000000000, -0.0000000000000000000 ) ) ;
#10219 = CARTESIAN_POINT ( 'NONE',  ( 2.001795617362939872, 0.8900000000000000133, 0.3083217570670889751 ) ) ;
#10220 = CARTESIAN_POINT ( 'NONE',  ( 2.500223525886114739, 0.1000000000000000194, 0.3749999999999999445 ) ) ;
#10221 = COLOUR_RGB ( '',1.000000000000000000, 1.000000000000000000, 1.000000000000000000 ) ;
#10222 = VECTOR ( 'NONE', #11522, 1000.000000000000000 ) ;
#10223 = CARTESIAN_POINT ( 'NONE',  ( -1.966007182393600283, 0.8900000000000000133, -0.2566204218738730169 ) ) ;
#10224 = VERTEX_POINT ( 'NONE', #9028 ) ;
#10225 = CARTESIAN_POINT ( 'NONE',  ( -0.03174059687929790124, 0.8900000000000000133, 0.3083217570670889751 ) ) ;
#10226 = DIRECTION ( 'NONE',  ( 0.0000000000000000000, 0.0000000000000000000, 1.000000000000000000 ) ) ;
#10227 = EDGE_CURVE ( 'NONE', #10919, #2045, #2443, .T. ) ;
#10228 = EDGE_CURVE ( 'NONE', #75, #854, #6030, .T. ) ;
#10229 = UNCERTAINTY_MEASURE_WITH_UNIT (LENGTH_MEASURE( 1.000000000000000082E-05 ), #7647, 'distance_accuracy_value', 'NONE');
#10230 = AXIS2_PLACEMENT_3D ( 'NONE', #10292, #2111, #2164 ) ;
#10231 = ORIENTED_EDGE ( 'NONE', *, *, #4514, .T. ) ;
#10232 = EDGE_CURVE ( 'NONE', #5169, #11490, #9670, .T. ) ;
#10233 = DIRECTION ( 'NONE',  ( 1.000000000000000000, -0.0000000000000000000, 0.0000000000000000000 ) ) ;
#10234 = CARTESIAN_POINT ( 'NONE',  ( 2.220000000000000195, 0.1000000000000000056, 1.625000000000000222 ) ) ;
#10235 = CARTESIAN_POINT ( 'NONE',  ( -1.650730249952940154, 0.8950000000000001288, -0.2566204218738730169 ) ) ;
#10236 = ORIENTED_EDGE ( 'NONE', *, *, #1852, .T. ) ;
#10237 = CARTESIAN_POINT ( 'NONE',  ( -1.125000000000000222, 0.03333333333333334675, 2.500105095651770082 ) ) ;
#10238 = CARTESIAN_POINT ( 'NONE',  ( -1.251666666666666483, 0.0000000000000000000, -2.100000000000000089 ) ) ;
#10239 = CARTESIAN_POINT ( 'NONE',  ( 1.754999999999999893, 0.1000000000000000056, -2.100000000000000089 ) ) ;
#10240 = DIRECTION ( 'NONE',  ( 0.0000000000000000000, 0.0000000000000000000, 1.000000000000000000 ) ) ;
#10241 = ORIENTED_EDGE ( 'NONE', *, *, #3932, .T. ) ;
#10242 = EDGE_CURVE ( 'NONE', #8596, #7194, #6369, .T. ) ;
#10243 = VECTOR ( 'NONE', #11602, 1000.000000000000000 ) ;
#10244 =( NAMED_UNIT ( * ) SI_UNIT ( $, .STERADIAN. ) SOLID_ANGLE_UNIT ( ) );
#10245 = ORIENTED_EDGE ( 'NONE', *, *, #7315, .T. ) ;
#10246 = DIRECTION ( 'NONE',  ( 0.0000000000000000000, 1.000000000000000000, 0.0000000000000000000 ) ) ;
#10247 = LINE ( 'NONE', #9406, #10167 ) ;
#10248 = CARTESIAN_POINT ( 'NONE',  ( -0.7450000000000003286, 0.0000000000000000000, -2.100000000000000089 ) ) ;
#10249 = LINE ( 'NONE', #8322, #1348 ) ;
#10250 = PRESENTATION_STYLE_ASSIGNMENT (( #4043 ) ) ;
#10251 = CARTESIAN_POINT ( 'NONE',  ( 0.4936025846935260253, 0.9000000000000001332, -0.1496145997844580411 ) ) ;
#10252 = B_SPLINE_CURVE_WITH_KNOTS ( 'NONE', 3,
 ( #4915, #3128, #3306, #10418 ),
 .UNSPECIFIED., .F., .F.,
 ( 4, 4 ),
 ( 0.0000000000000000000, 1.000000000000000000 ),
 .UNSPECIFIED. ) ;
#10253 = FACE_OUTER_BOUND ( 'NONE', #2184, .T. ) ;
#10254 =( GEOMETRIC_REPRESENTATION_CONTEXT ( 3 ) GLOBAL_UNCERTAINTY_ASSIGNED_CONTEXT ( ( #10229 ) ) GLOBAL_UNIT_ASSIGNED_CONTEXT ( ( #7647, #7531, #2099 ) ) REPRESENTATION_CONTEXT ( 'NONE', 'WORKASPACE' ) );
#10255 = EDGE_CURVE ( 'NONE', #8636, #3290, #4308, .T. ) ;
#10256 = STYLED_ITEM ( 'NONE', ( #4855 ), #7995 ) ;
#10257 = PLANE ( 'NONE',  #10186 ) ;
#10258 = ORIENTED_EDGE ( 'NONE', *, *, #1111, .F. ) ;
#10259 = ORIENTED_EDGE ( 'NONE', *, *, #2613, .T. ) ;
#10260 = CARTESIAN_POINT ( 'NONE',  ( -1.815208675776879943, 0.9000000000000001332, 0.2566633326901030521 ) ) ;
#10261 = AXIS2_PLACEMENT_3D ( 'NONE', #9085, #5390, #5445 ) ;
#10262 = CARTESIAN_POINT ( 'NONE',  ( 1.067980074209963659, 0.9000000000000000222, -0.2209893759404166769 ) ) ;
#10263 = CARTESIAN_POINT ( 'NONE',  ( -0.3750000000000000000, 0.0000000000000000000, -2.220000000000000195 ) ) ;
#10264 = CARTESIAN_POINT ( 'NONE',  ( -0.3750000000000000555, -0.03000000000000000930, 2.500105095651770082 ) ) ;
#10265 = ORIENTED_EDGE ( 'NONE', *, *, #8084, .F. ) ;
#10266 = ADVANCED_FACE ( 'NONE', ( #11577 ), #3348, .T. ) ;
#10267 = ADVANCED_FACE ( 'NONE', ( #6146 ), #9856, .T. ) ;
#10268 = CARTESIAN_POINT ( 'NONE',  ( 2.220000000000000195, -0.03000000000000000583, 0.1250000000000000000 ) ) ;
#10269 = ORIENTED_EDGE ( 'NONE', *, *, #11368, .T. ) ;
#10270 = VECTOR ( 'NONE', #3235, 1000.000000000000000 ) ;
#10271 = VERTEX_POINT ( 'NONE', #1868 ) ;
#10272 = DIRECTION ( 'NONE',  ( 0.0000000000000000000, 0.0000000000000000000, -1.000000000000000000 ) ) ;
#10273 = B_SPLINE_CURVE_WITH_KNOTS ( 'NONE', 3,
 ( #1571, #2640, #1753, #10884 ),
 .UNSPECIFIED., .F., .F.,
 ( 4, 4 ),
 ( 0.0000000000000000000, 1.000000000000000000 ),
 .UNSPECIFIED. ) ;
#10274 = ORIENTED_EDGE ( 'NONE', *, *, #7273, .F. ) ;
#10275 = CARTESIAN_POINT ( 'NONE',  ( 2.500223525886114739, 0.1000000000000000194, 0.1250000000000000555 ) ) ;
#10276 = VECTOR ( 'NONE', #10022, 1000.000000000000000 ) ;
#10277 = LINE ( 'NONE', #6693, #6261 ) ;
#10278 = CARTESIAN_POINT ( 'NONE',  ( -2.083333333333333481, 0.0000000000000000000, -2.500000000000000000 ) ) ;
#10279 = LINE ( 'NONE', #5503, #5327 ) ;
#10280 = VECTOR ( 'NONE', #6155, 1000.000000000000000 ) ;
#10281 = EDGE_CURVE ( 'NONE', #5091, #9757, #4705, .T. ) ;
#10282 = LINE ( 'NONE', #8483, #8934 ) ;
#10283 = VERTEX_POINT ( 'NONE', #2035 ) ;
#10284 = ORIENTED_EDGE ( 'NONE', *, *, #7822, .T. ) ;
#10285 = VECTOR ( 'NONE', #8883, 1000.000000000000114 ) ;
#10286 = MECHANICAL_DESIGN_GEOMETRIC_PRESENTATION_REPRESENTATION (  '', ( #7982 ), #1720 ) ;
#10287 = CARTESIAN_POINT ( 'NONE',  ( -2.100000000000000089, 0.1000000000000000056, 1.745000000000000329 ) ) ;
#10288 = PLANE ( 'NONE',  #11176 ) ;
#10289 = ORIENTED_EDGE ( 'NONE', *, *, #10714, .T. ) ;
#10290 = FACE_OUTER_BOUND ( 'NONE', #2429, .T. ) ;
#10291 = CARTESIAN_POINT ( 'NONE',  ( 1.067980074209964547, 0.8900000000000000133, -0.2209893759404156499 ) ) ;
#10292 = CARTESIAN_POINT ( 'NONE',  ( -2.220000000000000195, -0.03000000000000000236, -1.245000000000000329 ) ) ;
#10293 = VECTOR ( 'NONE', #699, 1000.000000000000000 ) ;
#10294 = CARTESIAN_POINT ( 'NONE',  ( -1.349104182627449910, 0.8900000000000000133, 0.3250809995088330129 ) ) ;
#10295 = CARTESIAN_POINT ( 'NONE',  ( -2.220000000000000195, -0.03000000000000000236, 0.2550000000000000044 ) ) ;
#10296 = CARTESIAN_POINT ( 'NONE',  ( 1.625000000000000222, 0.1000000000000000194, -2.500052547825884819 ) ) ;
#10297 = EDGE_CURVE ( 'NONE', #7461, #3853, #9644, .T. ) ;
#10298 = FILL_AREA_STYLE ('',( #3071 ) ) ;
#10299 = VECTOR ( 'NONE', #11696, 1000.000000000000000 ) ;
#10300 = ORIENTED_EDGE ( 'NONE', *, *, #3584, .T. ) ;
#10301 = DIRECTION ( 'NONE',  ( 1.000000000000000000, 0.0000000000000000000, -0.0000000000000000000 ) ) ;
#10302 = VECTOR ( 'NONE', #6374, 1000.000000000000114 ) ;
#10303 = FACE_BOUND ( 'NONE', #3969, .T. ) ;
#10304 = DIRECTION ( 'NONE',  ( 0.0000000000000000000, -1.000000000000000000, 0.0000000000000000000 ) ) ;
#10305 = CARTESIAN_POINT ( 'NONE',  ( -1.625000000000000222, 0.0000000000000000000, -2.500000000000000000 ) ) ;
#10306 = SURFACE_STYLE_FILL_AREA ( #8629 ) ;
#10307 = LINE ( 'NONE', #5767, #5330 ) ;
#10308 = DIRECTION ( 'NONE',  ( 0.0000000000000000000, 0.0000000000000000000, -1.000000000000000000 ) ) ;
#10309 = ORIENTED_EDGE ( 'NONE', *, *, #3796, .T. ) ;
#10310 = CARTESIAN_POINT ( 'NONE',  ( 1.375000000000000000, 0.0000000000000000000, -2.313333333333333464 ) ) ;
#10311 = CARTESIAN_POINT ( 'NONE',  ( -1.125000000000000222, 0.1000000000000000056, -2.500105095651770082 ) ) ;
#10312 = EDGE_CURVE ( 'NONE', #4221, #10862, #5674, .T. ) ;
#10313 = UNCERTAINTY_MEASURE_WITH_UNIT (LENGTH_MEASURE( 1.000000000000000082E-05 ), #7697, 'distance_accuracy_value', 'NONE');
#10314 = CARTESIAN_POINT ( 'NONE',  ( -0.2516666666666663166, 0.0000000000000000000, 2.100000000000000089 ) ) ;
#10315 = ORIENTED_EDGE ( 'NONE', *, *, #9200, .T. ) ;
#10316 = ORIENTED_EDGE ( 'NONE', *, *, #2966, .F. ) ;
#10317 = EDGE_CURVE ( 'NONE', #5079, #8596, #7405, .T. ) ;
#10318 = CARTESIAN_POINT ( 'NONE',  ( 0.2864159265358979800, -0.03000000000000000930, -2.100000000000000533 ) ) ;
#10319 = CARTESIAN_POINT ( 'NONE',  ( -0.8750000000000000000, -0.03000000000000000930, -2.500105095651770082 ) ) ;
#10320 = CARTESIAN_POINT ( 'NONE',  ( 2.220000000000000195, -0.03000000000000000236, 0.7550000000000000044 ) ) ;
#10321 = VECTOR ( 'NONE', #7853, 1000.000000000000000 ) ;
#10322 = CARTESIAN_POINT ( 'NONE',  ( 0.5416666666666666297, 0.0000000000000000000, 2.500000000000000000 ) ) ;
#10323 = CARTESIAN_POINT ( 'NONE',  ( -1.286415926535898091, 0.0000000000000000000, 2.100000000000000089 ) ) ;
#10324 = ORIENTED_EDGE ( 'NONE', *, *, #10644, .F. ) ;
#10325 = ORIENTED_EDGE ( 'NONE', *, *, #5595, .T. ) ;
#10326 = COLOUR_RGB ( '',0.2000000000000000111, 0.2000000000000000111, 0.2000000000000000111 ) ;
#10327 = CARTESIAN_POINT ( 'NONE',  ( -2.220000000000000195, 0.0000000000000000000, 0.1250000000000000000 ) ) ;
#10328 = DIRECTION ( 'NONE',  ( -1.000000000000000000, 0.0000000000000000000, -0.0000000000000000000 ) ) ;
#10329 = ADVANCED_FACE ( 'NONE', ( #7291 ), #2872, .F. ) ;
#10330 = B_SPLINE_CURVE_WITH_KNOTS ( 'NONE', 3,
 ( #6997, #4324, #10649, #11596, #6894 ),
 .UNSPECIFIED., .F., .F.,
 ( 4, 1, 4 ),
 ( 2.168404344971008868E-19, 0.0002918116691053014946, 0.0005836233382106027724 ),
 .UNSPECIFIED. ) ;
#10331 = DIRECTION ( 'NONE',  ( -0.0000000000000000000, 1.000000000000000000, -0.0000000000000000000 ) ) ;
#10332 = CARTESIAN_POINT ( 'NONE',  ( 2.100000000000000089, 0.0000000000000000000, -0.2135840734641029359 ) ) ;
#10333 =( NAMED_UNIT ( * ) SI_UNIT ( $, .STERADIAN. ) SOLID_ANGLE_UNIT ( ) );
#10334 = VERTEX_POINT ( 'NONE', #10993 ) ;
#10335 = CARTESIAN_POINT ( 'NONE',  ( -2.220000000000000195, 0.1000000000000000056, -0.8750000000000000000 ) ) ;
#10336 = AXIS2_PLACEMENT_3D ( 'NONE', #7521, #5011, #4069 ) ;
#10337 = LINE ( 'NONE', #8606, #571 ) ;
#10338 = EDGE_LOOP ( 'NONE', ( #4424, #2721, #6467, #8454 ) ) ;
#10339 = ORIENTED_EDGE ( 'NONE', *, *, #11245, .F. ) ;
#10340 = LINE ( 'NONE', #1405, #10874 ) ;
#10341 = LINE ( 'NONE', #7595, #8884 ) ;
#10342 = EDGE_CURVE ( 'NONE', #7780, #10850, #5499, .T. ) ;
#10343 = ORIENTED_EDGE ( 'NONE', *, *, #2117, .T. ) ;
#10344 = CARTESIAN_POINT ( 'NONE',  ( 0.2864159265358979800, 0.0000000000000000000, 2.100000000000000533 ) ) ;
#10345 = DIRECTION ( 'NONE',  ( 0.0000000000000000000, -1.000000000000000000, 0.0000000000000000000 ) ) ;
#10346 = LINE ( 'NONE', #2165, #3045 ) ;
#10347 = CARTESIAN_POINT ( 'NONE',  ( -2.500000000000000000, 0.9000000000000001332, -2.500000000000000000 ) ) ;
#10348 =( NAMED_UNIT ( * ) PLANE_ANGLE_UNIT ( ) SI_UNIT ( $, .RADIAN. ) );
#10349 = ORIENTED_EDGE ( 'NONE', *, *, #7272, .T. ) ;
#10350 = EDGE_CURVE ( 'NONE', #11198, #4399, #704, .T. ) ;
#10351 = CARTESIAN_POINT ( 'NONE',  ( 1.625000000000000222, 0.0000000000000000000, 2.500000000000000000 ) ) ;
#10352 = DIRECTION ( 'NONE',  ( 0.0000000000000000000, 0.0000000000000000000, 1.000000000000000000 ) ) ;
#10353 = CARTESIAN_POINT ( 'NONE',  ( -2.220000000000000195, 0.0000000000000000000, 0.3750000000000000000 ) ) ;
#10354 = EDGE_CURVE ( 'NONE', #9114, #4850, #1153, .T. ) ;
#10355 = VERTEX_POINT ( 'NONE', #5615 ) ;
#10356 = DIRECTION ( 'NONE',  ( -0.0000000000000000000, -1.000000000000000000, -0.0000000000000000000 ) ) ;
#10357 = CARTESIAN_POINT ( 'NONE',  ( 0.1250000000000000000, 0.0000000000000000000, 2.406666666666666732 ) ) ;
#10358 = FACE_OUTER_BOUND ( 'NONE', #11694, .T. ) ;
#10359 = DIRECTION ( 'NONE',  ( 0.0000000000000000000, -1.000000000000000000, -0.0000000000000000000 ) ) ;
#10360 = DIRECTION ( 'NONE',  ( 1.000000000000000000, -0.0000000000000000000, 0.0000000000000000000 ) ) ;
#10361 = ORIENTED_EDGE ( 'NONE', *, *, #9756, .T. ) ;
#10362 = CARTESIAN_POINT ( 'NONE',  ( 2.313333333333333464, 0.0000000000000000000, 1.625000000000000222 ) ) ;
#10363 = B_SPLINE_CURVE_WITH_KNOTS ( 'NONE', 3,
 ( #10042, #5203, #8850, #7937, #10109, #158 ),
 .UNSPECIFIED., .F., .F.,
 ( 4, 2, 4 ),
 ( 0.0000000000000000000, 0.5000000000000000000, 1.000000000000000000 ),
 .UNSPECIFIED. ) ;
#10364 = CARTESIAN_POINT ( 'NONE',  ( -2.220000000000000195, 0.0000000000000000000, 0.6250000000000000000 ) ) ;
#10365 = ORIENTED_EDGE ( 'NONE', *, *, #10108, .F. ) ;
#10366 = EDGE_CURVE ( 'NONE', #3372, #8810, #1123, .T. ) ;
#10367 = PRESENTATION_LAYER_ASSIGNMENT (  '', '', ( #7312 ) ) ;
#10368 = CARTESIAN_POINT ( 'NONE',  ( 2.100000000000000089, -0.03000000000000000930, -1.754999999999999893 ) ) ;
#10369 = ORIENTED_EDGE ( 'NONE', *, *, #4535, .F. ) ;
#10370 = LINE ( 'NONE', #2019, #10578 ) ;
#10371 = EDGE_CURVE ( 'NONE', #1827, #11589, #7228, .T. ) ;
#10372 = ORIENTED_EDGE ( 'NONE', *, *, #7735, .T. ) ;
#10373 = ORIENTED_EDGE ( 'NONE', *, *, #9660, .F. ) ;
#10374 = CARTESIAN_POINT ( 'NONE',  ( 2.500447051772229923, -0.03000000000000000930, -1.875000000000000000 ) ) ;
#10375 = CARTESIAN_POINT ( 'NONE',  ( -2.112932771566823131, -0.03000000000000001277, -1.317638399051593634 ) ) ;
#10376 = DIRECTION ( 'NONE',  ( -0.0000000000000000000, -1.000000000000000000, -0.0000000000000000000 ) ) ;
#10377 = DIRECTION ( 'NONE',  ( 1.000000000000000000, -0.0000000000000000000, 0.0000000000000000000 ) ) ;
#10378 = AXIS2_PLACEMENT_3D ( 'NONE', #9868, #2520, #2869 ) ;
#10379 = CARTESIAN_POINT ( 'NONE',  ( -0.6250000000000001110, 0.1000000000000000194, 2.500052547825884819 ) ) ;
#10380 = CARTESIAN_POINT ( 'NONE',  ( -2.220000000000000195, 0.0000000000000000000, 1.625000000000000222 ) ) ;
#10381 = EDGE_LOOP ( 'NONE', ( #11380, #10830, #6071, #1330 ) ) ;
#10382 = EDGE_CURVE ( 'NONE', #2617, #1747, #7368, .T. ) ;
#10383 = ORIENTED_EDGE ( 'NONE', *, *, #2638, .T. ) ;
#10384 = VECTOR ( 'NONE', #10980, 1000.000000000000000 ) ;
#10385 = ORIENTED_EDGE ( 'NONE', *, *, #5462, .T. ) ;
#10386 = VECTOR ( 'NONE', #4933, 1000.000000000000000 ) ;
#10387 = CARTESIAN_POINT ( 'NONE',  ( 0.7621170999436358562, 0.9000000000000001332, -0.2364620946973714222 ) ) ;
#10388 = EDGE_CURVE ( 'NONE', #3296, #4812, #5278, .T. ) ;
#10389 = ORIENTED_EDGE ( 'NONE', *, *, #3484, .F. ) ;
#10390 = CARTESIAN_POINT ( 'NONE',  ( -2.500000000000000000, 0.0000000000000000000, -1.375000000000000000 ) ) ;
#10391 = LINE ( 'NONE', #5857, #9866 ) ;
#10392 = CARTESIAN_POINT ( 'NONE',  ( -0.3750000000000000555, 0.0000000000000000000, 2.188584073464102442 ) ) ;
#10393 = B_SPLINE_CURVE_WITH_KNOTS ( 'NONE', 3,
 ( #979, #91, #8110, #10815 ),
 .UNSPECIFIED., .F., .F.,
 ( 4, 4 ),
 ( 0.0000000000000000000, 1.000000000000000000 ),
 .UNSPECIFIED. ) ;
#10394 = ORIENTED_EDGE ( 'NONE', *, *, #1684, .F. ) ;
#10395 = CARTESIAN_POINT ( 'NONE',  ( 2.220000000000000195, 0.0000000000000000000, -0.1250000000000000000 ) ) ;
#10396 = ORIENTED_EDGE ( 'NONE', *, *, #5280, .F. ) ;
#10397 =( NAMED_UNIT ( * ) SI_UNIT ( $, .STERADIAN. ) SOLID_ANGLE_UNIT ( ) );
#10398 = VECTOR ( 'NONE', #7435, 1000.000000000000000 ) ;
#10399 = B_SPLINE_CURVE_WITH_KNOTS ( 'NONE', 3,
 ( #8297, #9205, #1041, #4654, #154, #3769 ),
 .UNSPECIFIED., .F., .F.,
 ( 4, 2, 4 ),
 ( 0.0000000000000000000, 0.5000000000000000000, 1.000000000000000000 ),
 .UNSPECIFIED. ) ;
#10400 = CARTESIAN_POINT ( 'NONE',  ( -2.220000000000000195, 0.1000000000000000056, -1.375000000000000000 ) ) ;
#10401 = EDGE_CURVE ( 'NONE', #6386, #8795, #9229, .T. ) ;
#10402 = ORIENTED_EDGE ( 'NONE', *, *, #9223, .T. ) ;
#10403 = ORIENTED_EDGE ( 'NONE', *, *, #10624, .T. ) ;
#10404 = DIRECTION ( 'NONE',  ( -1.000000000000000000, 0.0000000000000000000, 0.0000000000000000000 ) ) ;
#10405 = AXIS2_PLACEMENT_3D ( 'NONE', #4481, #11697, #7045 ) ;
#10406 = CARTESIAN_POINT ( 'NONE',  ( -2.157361600948406455, -0.0000000000000000000, 1.137932771566823043 ) ) ;
#10407 = ORIENTED_EDGE ( 'NONE', *, *, #10152, .F. ) ;
#10408 = CARTESIAN_POINT ( 'NONE',  ( -2.188584073464102442, -0.03000000000000000930, 0.1250000000000000000 ) ) ;
#10409 = FILL_AREA_STYLE ('',( #284 ) ) ;
#10410 = CARTESIAN_POINT ( 'NONE',  ( -1.215319232939700012, 0.8999999999999989120, -0.3053677086611230052 ) ) ;
#10411 = CYLINDRICAL_SURFACE ( 'NONE', #9852, 0.1199999999999999956 ) ;
#10412 = CARTESIAN_POINT ( 'NONE',  ( -2.157361600948405567, -0.03000000000000000930, 0.6379327715668224874 ) ) ;
#10413 = VECTOR ( 'NONE', #994, 1000.000000000000000 ) ;
#10414 = ADVANCED_FACE ( 'NONE', ( #1645 ), #9996, .F. ) ;
#10415 = ADVANCED_FACE ( 'NONE', ( #4501 ), #1828, .F. ) ;
#10416 = ORIENTED_EDGE ( 'NONE', *, *, #2267, .T. ) ;
#10417 = CARTESIAN_POINT ( 'NONE',  ( 1.750000000000000000, 0.0000000000000000000, -0.6844350140350734524 ) ) ;
#10418 = CARTESIAN_POINT ( 'NONE',  ( -1.625000000000000222, 0.1000000000000000194, -2.500052547825884819 ) ) ;
#10419 = FACE_OUTER_BOUND ( 'NONE', #2629, .T. ) ;
#10420 = ORIENTED_EDGE ( 'NONE', *, *, #6734, .F. ) ;
#10421 = CARTESIAN_POINT ( 'NONE',  ( 1.625000000000000222, -0.03000000000000000930, 2.500105095651770082 ) ) ;
#10422 = DIRECTION ( 'NONE',  ( 0.0000000000000000000, 0.0000000000000000000, -1.000000000000000000 ) ) ;
#10423 = CARTESIAN_POINT ( 'NONE',  ( -2.220000000000000195, 0.1000000000000000056, 1.245000000000000329 ) ) ;
#10424 = LINE ( 'NONE', #5826, #8764 ) ;
#10425 =( NAMED_UNIT ( * ) SI_UNIT ( $, .STERADIAN. ) SOLID_ANGLE_UNIT ( ) );
#10426 = ORIENTED_EDGE ( 'NONE', *, *, #4727, .F. ) ;
#10427 = CARTESIAN_POINT ( 'NONE',  ( 2.500000000000000000, 0.0000000000000000000, 1.541666666666666741 ) ) ;
#10428 = DIRECTION ( 'NONE',  ( 0.0000000000000000000, 0.0000000000000000000, -1.000000000000000000 ) ) ;
#10429 = ORIENTED_EDGE ( 'NONE', *, *, #11005, .T. ) ;
#10430 = ADVANCED_FACE ( 'NONE', ( #2592 ), #3558, .T. ) ;
#10431 = ORIENTED_EDGE ( 'NONE', *, *, #6927, .T. ) ;
#10432 =( NAMED_UNIT ( * ) PLANE_ANGLE_UNIT ( ) SI_UNIT ( $, .RADIAN. ) );
#10433 = ORIENTED_EDGE ( 'NONE', *, *, #177, .T. ) ;
#10434 = ORIENTED_EDGE ( 'NONE', *, *, #7952, .T. ) ;
#10435 = LINE ( 'NONE', #5906, #11524 ) ;
#10436 = CARTESIAN_POINT ( 'NONE',  ( 0.04166666666666667129, 0.0000000000000000000, 2.500000000000000000 ) ) ;
#10437 = CARTESIAN_POINT ( 'NONE',  ( -1.905622319219270278, 0.8900000000000000133, 0.1693082821311220065 ) ) ;
#10438 = EDGE_CURVE ( 'NONE', #7094, #3629, #54, .T. ) ;
#10439 = PRESENTATION_LAYER_ASSIGNMENT (  '', '', ( #7752 ) ) ;
#10440 = CARTESIAN_POINT ( 'NONE',  ( -2.100000000000000089, 0.1000000000000000056, 1.254999999999999893 ) ) ;
#10441 = DIRECTION ( 'NONE',  ( -0.1285540286413182909, 0.0000000000000000000, 0.9917025066621980578 ) ) ;
#10442 = CARTESIAN_POINT ( 'NONE',  ( 1.137932771566822376, -0.0000000000000000000, -2.157361600948406011 ) ) ;
#10443 = LINE ( 'NONE', #5962, #10487 ) ;
#10444 = ORIENTED_EDGE ( 'NONE', *, *, #6657, .T. ) ;
#10445 = AXIS2_PLACEMENT_3D ( 'NONE', #10831, #5271, #2652 ) ;
#10446 = EDGE_CURVE ( 'NONE', #8195, #1072, #1885, .T. ) ;
#10447 = CARTESIAN_POINT ( 'NONE',  ( -2.220000000000000195, -0.03000000000000000583, -1.375000000000000000 ) ) ;
#10448 = VERTEX_POINT ( 'NONE', #9879 ) ;
#10449 = EDGE_LOOP ( 'NONE', ( #6569, #7744, #2006, #1800 ) ) ;
#10450 = CARTESIAN_POINT ( 'NONE',  ( 2.100000000000000089, 0.1000000000000000056, -0.2450000000000010225 ) ) ;
#10451 = ORIENTED_EDGE ( 'NONE', *, *, #5788, .F. ) ;
#10452 = CARTESIAN_POINT ( 'NONE',  ( 0.7450000000000006617, 0.0000000000000000000, 2.100000000000000089 ) ) ;
#10453 = CARTESIAN_POINT ( 'NONE',  ( 0.6669812533945912447, 0.8899999999999999023, -0.3030598619225642887 ) ) ;
#10454 = LINE ( 'NONE', #9381, #4161 ) ;
#10455 = EDGE_CURVE ( 'NONE', #9011, #34, #998, .T. ) ;
#10456 = DIRECTION ( 'NONE',  ( -0.0000000000000000000, -1.000000000000000000, -0.0000000000000000000 ) ) ;
#10457 = VECTOR ( 'NONE', #1657, 1000.000000000000000 ) ;
#10458 = DIRECTION ( 'NONE',  ( -0.0000000000000000000, -1.000000000000000000, -0.0000000000000000000 ) ) ;
#10459 =( NAMED_UNIT ( * ) PLANE_ANGLE_UNIT ( ) SI_UNIT ( $, .RADIAN. ) );
#10460 = VECTOR ( 'NONE', #5926, 1000.000000000000000 ) ;
#10461 = ORIENTED_EDGE ( 'NONE', *, *, #2445, .T. ) ;
#10462 = CARTESIAN_POINT ( 'NONE',  ( -2.100000000000000089, 0.0000000000000000000, 1.755000000000000115 ) ) ;
#10463 = AXIS2_PLACEMENT_3D ( 'NONE', #5486, #5656, #8218 ) ;
#10464 = EDGE_CURVE ( 'NONE', #2266, #4274, #4799, .T. ) ;
#10465 = DIRECTION ( 'NONE',  ( 0.0000000000000000000, 1.000000000000000000, 0.0000000000000000000 ) ) ;
#10466 =( NAMED_UNIT ( * ) PLANE_ANGLE_UNIT ( ) SI_UNIT ( $, .RADIAN. ) );
#10467 =( NAMED_UNIT ( * ) PLANE_ANGLE_UNIT ( ) SI_UNIT ( $, .RADIAN. ) );
#10468 = VECTOR ( 'NONE', #8141, 1000.000000000000000 ) ;
#10469 = CARTESIAN_POINT ( 'NONE',  ( 1.125000000000000222, 0.1000000000000000056, -2.500105095651770082 ) ) ;
#10470 =( GEOMETRIC_REPRESENTATION_CONTEXT ( 3 ) GLOBAL_UNCERTAINTY_ASSIGNED_CONTEXT ( ( #138 ) ) GLOBAL_UNIT_ASSIGNED_CONTEXT ( ( #11339, #7693, #3158 ) ) REPRESENTATION_CONTEXT ( 'NONE', 'WORKASPACE' ) );
#10471 = VECTOR ( 'NONE', #5566, 1000.000000000000000 ) ;
#10472 = EDGE_LOOP ( 'NONE', ( #4882, #6850, #6613, #3207, #8282, #11448 ) ) ;
#10473 = FACE_OUTER_BOUND ( 'NONE', #8081, .T. ) ;
#10474 = LINE ( 'NONE', #3073, #3617 ) ;
#10475 = CARTESIAN_POINT ( 'NONE',  ( -2.100000000000000089, 0.0000000000000000000, -1.786415926535898091 ) ) ;
#10476 = VERTEX_POINT ( 'NONE', #5524 ) ;
#10477 = DIRECTION ( 'NONE',  ( -0.0000000000000000000, -1.000000000000000000, -0.0000000000000000000 ) ) ;
#10478 = PLANE ( 'NONE',  #7675 ) ;
#10479 = EDGE_CURVE ( 'NONE', #2441, #8970, #8065, .T. ) ;
#10480 = CARTESIAN_POINT ( 'NONE',  ( 0.8750000000000001110, 0.0000000000000000000, -2.220000000000000195 ) ) ;
#10481 = CARTESIAN_POINT ( 'NONE',  ( -2.499999999999999556, 0.0000000000000000000, 1.375000000000000000 ) ) ;
#10482 = ADVANCED_FACE ( 'NONE', ( #7070 ), #11721, .T. ) ;
#10483 = PRESENTATION_LAYER_ASSIGNMENT (  '', '', ( #7799 ) ) ;
#10484 = CARTESIAN_POINT ( 'NONE',  ( 0.7558056176929196512, 0.8900000000000000133, -0.1664610370566431963 ) ) ;
#10485 =( LENGTH_UNIT ( ) NAMED_UNIT ( * ) SI_UNIT ( .MILLI., .METRE. ) );
#10486 = VERTEX_POINT ( 'NONE', #6296 ) ;
#10487 = VECTOR ( 'NONE', #10502, 1000.000000000000000 ) ;
#10488 = CARTESIAN_POINT ( 'NONE',  ( 0.8750000000000000000, 0.1000000000000000056, 2.500105095651770082 ) ) ;
#10489 = DIRECTION ( 'NONE',  ( 1.000000000000000000, 0.0000000000000000000, -8.673617379884040402E-17 ) ) ;
#10490 = EDGE_LOOP ( 'NONE', ( #1441, #5955, #5236, #4224 ) ) ;
#10491 = CARTESIAN_POINT ( 'NONE',  ( 2.406666666666666732, 0.0000000000000000000, -1.375000000000000000 ) ) ;
#10492 = B_SPLINE_CURVE_WITH_KNOTS ( 'NONE', 3,
 ( #7515, #2084, #2977, #7287 ),
 .UNSPECIFIED., .F., .F.,
 ( 4, 4 ),
 ( 0.0000000000000000000, 1.000000000000000000 ),
 .UNSPECIFIED. ) ;
#10493 = DIRECTION ( 'NONE',  ( 0.0000000000000000000, -1.000000000000000000, 0.0000000000000000000 ) ) ;
#10494 = ORIENTED_EDGE ( 'NONE', *, *, #724, .T. ) ;
#10495 = DIRECTION ( 'NONE',  ( 0.0000000000000000000, 0.0000000000000000000, -1.000000000000000000 ) ) ;
#10496 = EDGE_CURVE ( 'NONE', #11210, #2680, #3616, .T. ) ;
#10497 = CARTESIAN_POINT ( 'NONE',  ( 2.220000000000000195, 0.1000000000000000056, -1.125000000000000222 ) ) ;
#10498 = DIRECTION ( 'NONE',  ( 0.0000000000000000000, 0.0000000000000000000, 1.000000000000000000 ) ) ;
#10499 = FACE_OUTER_BOUND ( 'NONE', #960, .T. ) ;
#10500 = CARTESIAN_POINT ( 'NONE',  ( 2.500223525886114739, 0.1000000000000000194, -1.375000000000000000 ) ) ;
#10501 = CARTESIAN_POINT ( 'NONE',  ( 1.374999999999999778, -0.03000000000000000930, -2.188584073464102886 ) ) ;
#10502 = DIRECTION ( 'NONE',  ( 0.0000000000000000000, 1.000000000000000000, 0.0000000000000000000 ) ) ;
#10503 = ORIENTED_EDGE ( 'NONE', *, *, #6902, .T. ) ;
#10504 = CARTESIAN_POINT ( 'NONE',  ( -1.209768594444730061, 0.8950000000000001288, -0.02953582053485870329 ) ) ;
#10505 = ORIENTED_EDGE ( 'NONE', *, *, #8913, .F. ) ;
#10506 = EDGE_CURVE ( 'NONE', #307, #11213, #10903, .T. ) ;
#10507 = DIRECTION ( 'NONE',  ( -0.0000000000000000000, -1.000000000000000000, -0.0000000000000000000 ) ) ;
#10508 = CARTESIAN_POINT ( 'NONE',  ( -1.150359397269010042, 0.8900000000000000133, -0.3554240631100160641 ) ) ;
#10509 = AXIS2_PLACEMENT_3D ( 'NONE', #4588, #2804, #6442 ) ;
#10510 = EDGE_CURVE ( 'NONE', #1075, #7101, #3677, .T. ) ;
#10511 = SURFACE_STYLE_USAGE ( .BOTH. , #7586 ) ;
#10512 = CARTESIAN_POINT ( 'NONE',  ( 2.500447051772229923, 0.1000000000000000056, 1.625000000000000222 ) ) ;
#10513 = VECTOR ( 'NONE', #10742, 1000.000000000000000 ) ;
#10514 = EDGE_LOOP ( 'NONE', ( #7928, #1829, #3028, #5042 ) ) ;
#10515 = ORIENTED_EDGE ( 'NONE', *, *, #4518, .F. ) ;
#10516 = LINE ( 'NONE', #2158, #11431 ) ;
#10517 = CARTESIAN_POINT ( 'NONE',  ( -1.966007182393600283, 0.8900000000000000133, -0.3316052058057050167 ) ) ;
#10518 = CARTESIAN_POINT ( 'NONE',  ( -1.196084899097560106, 0.8900000000000000133, 0.2608682412935129924 ) ) ;
#10519 = EDGE_LOOP ( 'NONE', ( #3501, #4688, #4931, #3249, #6084, #10429 ) ) ;
#10520 = CARTESIAN_POINT ( 'NONE',  ( 1.708333333333333481, 0.1000000000000000056, 2.500105095651770082 ) ) ;
#10521 = CARTESIAN_POINT ( 'NONE',  ( 1.665482921560889951, 0.8899999999999997913, 0.2167436354994530245 ) ) ;
#10522 = AXIS2_PLACEMENT_3D ( 'NONE', #5951, #9639, #4047 ) ;
#10523 = LINE ( 'NONE', #3965, #3939 ) ;
#10524 = CARTESIAN_POINT ( 'NONE',  ( 2.100000000000000089, 0.0000000000000000000, 0.7549999999999990052 ) ) ;
#10525 = CARTESIAN_POINT ( 'NONE',  ( -0.6250000000000000000, 0.1000000000000000056, 2.500105095651770082 ) ) ;
#10526 = CARTESIAN_POINT ( 'NONE',  ( -1.218715642527501641, 0.8899999999999999023, 0.03948426467512293481 ) ) ;
#10527 = EDGE_LOOP ( 'NONE', ( #7210, #11023, #7055, #5610, #9371 ) ) ;
#10528 = EDGE_CURVE ( 'NONE', #11055, #3832, #2532, .T. ) ;
#10529 = CIRCLE ( 'NONE', #10540, 75.26957596295279984 ) ;
#10530 = CARTESIAN_POINT ( 'NONE',  ( -0.6250000000000001110, 0.03333333333333334675, 2.500105095651770082 ) ) ;
#10531 = CARTESIAN_POINT ( 'NONE',  ( -2.100000000000000089, 0.0000000000000000000, -0.7450000000000009948 ) ) ;
#10532 = EDGE_LOOP ( 'NONE', ( #3822, #3472, #9837, #2371 ) ) ;
#10533 = FILL_AREA_STYLE ('',( #10591 ) ) ;
#10534 = DIRECTION ( 'NONE',  ( 0.0000000000000000000, 1.000000000000000000, -0.0000000000000000000 ) ) ;
#10535 =( LENGTH_UNIT ( ) NAMED_UNIT ( * ) SI_UNIT ( .MILLI., .METRE. ) );
#10536 = CARTESIAN_POINT ( 'NONE',  ( -2.220000000000000195, -0.03000000000000000583, 1.625000000000000222 ) ) ;
#10537 = CARTESIAN_POINT ( 'NONE',  ( -1.625000000000000222, 0.1000000000000000056, -2.220000000000000195 ) ) ;
#10538 = ORIENTED_EDGE ( 'NONE', *, *, #8699, .F. ) ;
#10539 = CARTESIAN_POINT ( 'NONE',  ( 2.500000000000000000, 0.0000000000000000000, 1.625000000000000222 ) ) ;
#10540 = AXIS2_PLACEMENT_3D ( 'NONE', #5765, #2176, #4737 ) ;
#10541 = FACE_OUTER_BOUND ( 'NONE', #403, .T. ) ;
#10542 = ORIENTED_EDGE ( 'NONE', *, *, #4146, .T. ) ;
#10543 = B_SPLINE_CURVE_WITH_KNOTS ( 'NONE', 3,
 ( #11238, #6397, #6582, #11062, #10041, #3714 ),
 .UNSPECIFIED., .F., .F.,
 ( 4, 2, 4 ),
 ( 0.0000000000000000000, 0.5000000000000000000, 1.000000000000000000 ),
 .UNSPECIFIED. ) ;
#10544 = UNCERTAINTY_MEASURE_WITH_UNIT (LENGTH_MEASURE( 1.000000000000000082E-05 ), #8150, 'distance_accuracy_value', 'NONE');
#10545 = EDGE_CURVE ( 'NONE', #10060, #11122, #6413, .T. ) ;
#10546 = DIRECTION ( 'NONE',  ( -1.000000000000000000, 0.0000000000000000000, -0.0000000000000000000 ) ) ;
#10547 = ORIENTED_EDGE ( 'NONE', *, *, #3726, .T. ) ;
#10548 =( NAMED_UNIT ( * ) SI_UNIT ( $, .STERADIAN. ) SOLID_ANGLE_UNIT ( ) );
#10549 = CARTESIAN_POINT ( 'NONE',  ( 2.500000000000000000, 0.0000000000000000000, -0.6250000000000000000 ) ) ;
#10550 = DIRECTION ( 'NONE',  ( 0.0000000000000000000, -1.000000000000000000, 0.0000000000000000000 ) ) ;
#10551 = CARTESIAN_POINT ( 'NONE',  ( -0.6249999999999998890, 0.0000000000000000000, 2.188584073464102886 ) ) ;
#10552 = CARTESIAN_POINT ( 'NONE',  ( 0.7549999999999997824, -0.03000000000000000583, -2.100000000000000089 ) ) ;
#10553 = DIRECTION ( 'NONE',  ( 0.0000000000000000000, 0.0000000000000000000, -1.000000000000000000 ) ) ;
#10554 = ORIENTED_EDGE ( 'NONE', *, *, #7143, .F. ) ;
#10555 = ADVANCED_FACE ( 'NONE', ( #8437 ), #7605, .F. ) ;
#10556 = EDGE_CURVE ( 'NONE', #7387, #5928, #236, .T. ) ;
#10557 = ORIENTED_EDGE ( 'NONE', *, *, #925, .T. ) ;
#10558 = LINE ( 'NONE', #1499, #675 ) ;
#10559 = ORIENTED_EDGE ( 'NONE', *, *, #8015, .F. ) ;
#10560 = FACE_OUTER_BOUND ( 'NONE', #2536, .T. ) ;
#10561 = CARTESIAN_POINT ( 'NONE',  ( 1.914881435987410008, 0.8950000000000000178, 0.3083217570670889751 ) ) ;
#10562 = VECTOR ( 'NONE', #9642, 1000.000000000000000 ) ;
#10563 = DIRECTION ( 'NONE',  ( 0.0000000000000000000, 1.000000000000000000, 0.0000000000000000000 ) ) ;
#10564 = CARTESIAN_POINT ( 'NONE',  ( -2.100000000000000089, 0.0000000000000000000, -1.245000000000000329 ) ) ;
#10565 = CARTESIAN_POINT ( 'NONE',  ( -0.3750000000000000000, -0.03000000000000000583, -2.220000000000000195 ) ) ;
#10566 = FACE_OUTER_BOUND ( 'NONE', #602, .T. ) ;
#10567 = FACE_OUTER_BOUND ( 'NONE', #3278, .T. ) ;
#10568 = FACE_OUTER_BOUND ( 'NONE', #10381, .T. ) ;
#10569 = ADVANCED_FACE ( 'NONE', ( #6599 ), #10122, .T. ) ;
#10570 = VERTEX_POINT ( 'NONE', #2169 ) ;
#10571 = ORIENTED_EDGE ( 'NONE', *, *, #8129, .F. ) ;
#10572 = CARTESIAN_POINT ( 'NONE',  ( -2.100000000000000089, -0.03000000000000000930, -0.7549999999999990052 ) ) ;
#10573 = DIRECTION ( 'NONE',  ( 0.0000000000000000000, -1.000000000000000000, -0.0000000000000000000 ) ) ;
#10574 =( LENGTH_UNIT ( ) NAMED_UNIT ( * ) SI_UNIT ( .MILLI., .METRE. ) );
#10575 = ORIENTED_EDGE ( 'NONE', *, *, #4733, .T. ) ;
#10576 = CARTESIAN_POINT ( 'NONE',  ( 2.220000000000000195, 0.1000000000000000056, 1.125000000000000222 ) ) ;
#10577 = CARTESIAN_POINT ( 'NONE',  ( 0.5177207035037287852, 0.8900000000000001243, 0.04254276026138167216 ) ) ;
#10578 = VECTOR ( 'NONE', #9296, 1000.000000000000000 ) ;
#10579 = CARTESIAN_POINT ( 'NONE',  ( 2.313333333333333464, 0.0000000000000000000, -0.8750000000000000000 ) ) ;
#10580 = ADVANCED_FACE ( 'NONE', ( #1112 ), #11260, .F. ) ;
#10581 = PLANE ( 'NONE',  #10811 ) ;
#10582 = DIRECTION ( 'NONE',  ( 0.9939473651901002960, 0.0000000000000000000, 0.1098573403631150358 ) ) ;
#10583 = B_SPLINE_CURVE_WITH_KNOTS ( 'NONE', 3,
 ( #6338, #9088, #8422, #5925, #8604, #9499 ),
 .UNSPECIFIED., .F., .F.,
 ( 4, 2, 4 ),
 ( 0.0000000000000000000, 0.5000000000000000000, 1.000000000000000000 ),
 .UNSPECIFIED. ) ;
#10584 = EDGE_CURVE ( 'NONE', #10883, #11179, #1113, .T. ) ;
#10585 = ORIENTED_EDGE ( 'NONE', *, *, #11262, .F. ) ;
#10586 = AXIS2_PLACEMENT_3D ( 'NONE', #11666, #5584, #8137 ) ;
#10587 = CARTESIAN_POINT ( 'NONE',  ( -2.157361600948406455, -0.03000000000000001277, -1.637932771566822820 ) ) ;
#10588 = LINE ( 'NONE', #8564, #8756 ) ;
#10589 = PLANE ( 'NONE',  #4115 ) ;
#10590 = ORIENTED_EDGE ( 'NONE', *, *, #6488, .T. ) ;
#10591 = FILL_AREA_STYLE_COLOUR ( '', #11019 ) ;
#10592 = DIRECTION ( 'NONE',  ( 0.0000000000000000000, 0.0000000000000000000, 1.000000000000000000 ) ) ;
#10593 = CARTESIAN_POINT ( 'NONE',  ( -2.220000000000000195, 0.1000000000000000056, -1.754999999999999893 ) ) ;
#10594 = CARTESIAN_POINT ( 'NONE',  ( -1.378043711359129952, 0.9000000000000001332, -0.03388417220688030168 ) ) ;
#10595 = B_SPLINE_SURFACE_WITH_KNOTS ( 'NONE', 3, 1, ( 
 ( #1803, #5435 ),
 ( #9915, #4415 ),
 ( #7924, #11691 ),
 ( #3469, #737 ),
 ( #6203, #6264 ),
 ( #10745, #11572 ),
 ( #10809, #3528 ) ),
 .UNSPECIFIED., .F., .F., .F.,
 ( 4, 1, 1, 1, 4 ),
 ( 2, 2 ),
 ( 0.0000000000000000000, 0.2500000000000000000, 0.5000000000000000000, 0.7500000000000000000, 1.000000000000000000 ),
 ( 0.0000000000000000000, 1.000000000000000000 ),
 .UNSPECIFIED. ) ;
#10596 = CARTESIAN_POINT ( 'NONE',  ( 1.245000000000000329, -0.03000000000000000583, -2.100000000000000089 ) ) ;
#10597 = CARTESIAN_POINT ( 'NONE',  ( 2.500000000000000000, 0.0000000000000000000, 1.375000000000000000 ) ) ;
#10598 = CARTESIAN_POINT ( 'NONE',  ( -0.6250000000000000000, 0.0000000000000000000, -2.313333333333333464 ) ) ;
#10599 = ADVANCED_FACE ( 'NONE', ( #8375 ), #11134, .T. ) ;
#10600 = CARTESIAN_POINT ( 'NONE',  ( -0.6250000000000000000, 0.1000000000000000056, -2.500105095651770082 ) ) ;
#10601 = B_SPLINE_CURVE_WITH_KNOTS ( 'NONE', 3,
 ( #2772, #9987, #6223, #9872, #8250, #9096 ),
 .UNSPECIFIED., .F., .F.,
 ( 4, 2, 4 ),
 ( 0.0000000000000000000, 0.5000000000000000000, 1.000000000000000000 ),
 .UNSPECIFIED. ) ;
#10602 = AXIS2_PLACEMENT_3D ( 'NONE', #7157, #11747, #2560 ) ;
#10603 = ORIENTED_EDGE ( 'NONE', *, *, #7717, .T. ) ;
#10604 = FACE_OUTER_BOUND ( 'NONE', #8315, .T. ) ;
#10605 = ORIENTED_EDGE ( 'NONE', *, *, #5815, .T. ) ;
#10606 = CARTESIAN_POINT ( 'NONE',  ( 0.6132989648979390029, 0.9000000000000001332, -0.2630111705044270165 ) ) ;
#10607 = DIRECTION ( 'NONE',  ( -1.000000000000000000, 0.0000000000000000000, -0.0000000000000000000 ) ) ;
#10608 = CARTESIAN_POINT ( 'NONE',  ( 2.100000000000000089, 0.0000000000000000000, -0.2549999999999990052 ) ) ;
#10609 = DIRECTION ( 'NONE',  ( 1.000000000000000000, 0.0000000000000000000, -0.0000000000000000000 ) ) ;
#10610 = CARTESIAN_POINT ( 'NONE',  ( -0.03174059687929790124, 0.8900000000000000133, 0.3083217570670889751 ) ) ;
#10611 = CARTESIAN_POINT ( 'NONE',  ( -2.188584073464102886, 0.0000000000000000000, 1.374999999999999778 ) ) ;
#10612 = EDGE_CURVE ( 'NONE', #6950, #4164, #4521, .T. ) ;
#10613 = DIRECTION ( 'NONE',  ( 0.0000000000000000000, -0.0000000000000000000, 1.000000000000000000 ) ) ;
#10614 = EDGE_LOOP ( 'NONE', ( #3924, #7449, #761, #4105 ) ) ;
#10615 = CARTESIAN_POINT ( 'NONE',  ( 1.875000000000000222, 0.1000000000000000194, 2.500052547825884819 ) ) ;
#10616 = ORIENTED_EDGE ( 'NONE', *, *, #6771, .T. ) ;
#10617 = CARTESIAN_POINT ( 'NONE',  ( -2.220000000000000195, 0.1000000000000000056, -0.3750000000000000000 ) ) ;
#10618 = ORIENTED_EDGE ( 'NONE', *, *, #2268, .T. ) ;
#10619 = COLOUR_RGB ( '',1.000000000000000000, 1.000000000000000000, 1.000000000000000000 ) ;
#10620 = CARTESIAN_POINT ( 'NONE',  ( 2.220000000000000195, 0.0000000000000000000, 1.125000000000000222 ) ) ;
#10621 = CARTESIAN_POINT ( 'NONE',  ( 1.375000000000000000, 0.0000000000000000000, -2.500000000000000000 ) ) ;
#10622 = CARTESIAN_POINT ( 'NONE',  ( -1.370530704624860041, 0.9000000000000001332, 0.08514221937134949791 ) ) ;
#10623 =( NAMED_UNIT ( * ) SI_UNIT ( $, .STERADIAN. ) SOLID_ANGLE_UNIT ( ) );
#10624 = EDGE_CURVE ( 'NONE', #6227, #9436, #2533, .T. ) ;
#10625 = CARTESIAN_POINT ( 'NONE',  ( -1.375000000000000000, 0.0000000000000000000, 2.500000000000000000 ) ) ;
#10626 = DIRECTION ( 'NONE',  ( 0.0000000000000000000, 1.000000000000000000, 0.0000000000000000000 ) ) ;
#10627 = EDGE_CURVE ( 'NONE', #8690, #7730, #7715, .T. ) ;
#10628 = CARTESIAN_POINT ( 'NONE',  ( -2.220000000000000195, 0.0000000000000000000, -0.8750000000000001110 ) ) ;
#10629 = AXIS2_PLACEMENT_3D ( 'NONE', #2394, #5393, #865 ) ;
#10630 = ORIENTED_EDGE ( 'NONE', *, *, #1309, .T. ) ;
#10631 = VERTEX_POINT ( 'NONE', #8620 ) ;
#10632 = VECTOR ( 'NONE', #10246, 1000.000000000000000 ) ;
#10633 = EDGE_LOOP ( 'NONE', ( #4044, #5482, #808, #11251 ) ) ;
#10634 = LINE ( 'NONE', #862, #6055 ) ;
#10635 = CARTESIAN_POINT ( 'NONE',  ( 1.639653194964890037, 0.8900000000000000133, 0.3083217570670889751 ) ) ;
#10636 = ADVANCED_FACE ( 'NONE', ( #4976 ), #3244, .F. ) ;
#10637 = B_SPLINE_CURVE_WITH_KNOTS ( 'NONE', 3,
 ( #2918, #3993, #2138, #6564 ),
 .UNSPECIFIED., .F., .F.,
 ( 4, 4 ),
 ( 0.0000000000000000000, 0.0005643312833596327970 ),
 .UNSPECIFIED. ) ;
#10638 = LINE ( 'NONE', #9864, #1100 ) ;
#10639 = CARTESIAN_POINT ( 'NONE',  ( -2.220000000000000195, -0.03000000000000000583, 0.6250000000000000000 ) ) ;
#10640 = B_SPLINE_CURVE_WITH_KNOTS ( 'NONE', 3,
 ( #401, #5747, #8721, #4193 ),
 .UNSPECIFIED., .F., .F.,
 ( 4, 4 ),
 ( 0.0000000000000000000, 1.000000000000000000 ),
 .UNSPECIFIED. ) ;
#10641 = ORIENTED_EDGE ( 'NONE', *, *, #6200, .F. ) ;
#10642 = SURFACE_STYLE_FILL_AREA ( #3359 ) ;
#10643 = COLOUR_RGB ( '',1.000000000000000000, 1.000000000000000000, 1.000000000000000000 ) ;
#10644 = EDGE_CURVE ( 'NONE', #6793, #11607, #5950, .T. ) ;
#10645 = CARTESIAN_POINT ( 'NONE',  ( -2.100000000000000089, 0.0000000000000000000, 1.745000000000000551 ) ) ;
#10646 = LINE ( 'NONE', #6100, #6007 ) ;
#10647 = EDGE_LOOP ( 'NONE', ( #6132, #88, #2833, #3866 ) ) ;
#10648 = CARTESIAN_POINT ( 'NONE',  ( 1.745313572323379914, 0.9000000000000001332, -0.3316052058057050167 ) ) ;
#10649 = CARTESIAN_POINT ( 'NONE',  ( 1.665525383924060021, 0.8999999999999991340, -0.04231650211633959657 ) ) ;
#10650 = CARTESIAN_POINT ( 'NONE',  ( -1.578553151628609985, 0.8900000000000000133, -0.2121918246879440084 ) ) ;
#10651 = EDGE_CURVE ( 'NONE', #11179, #4375, #1576, .T. ) ;
#10652 = CARTESIAN_POINT ( 'NONE',  ( -2.100000000000000089, -0.03000000000000000583, 1.245000000000000329 ) ) ;
#10653 = VERTEX_POINT ( 'NONE', #9678 ) ;
#10654 = CARTESIAN_POINT ( 'NONE',  ( -1.966007182393600283, 0.8900000000000000133, -0.3316052058057050167 ) ) ;
#10655 = CARTESIAN_POINT ( 'NONE',  ( 2.500000000000000000, 0.9000000000000001332, 2.500000000000000000 ) ) ;
#10656 = ORIENTED_EDGE ( 'NONE', *, *, #7446, .F. ) ;
#10657 = AXIS2_PLACEMENT_3D ( 'NONE', #8715, #3343, #564 ) ;
#10658 =( GEOMETRIC_REPRESENTATION_CONTEXT ( 3 ) GLOBAL_UNCERTAINTY_ASSIGNED_CONTEXT ( ( #8956 ) ) GLOBAL_UNIT_ASSIGNED_CONTEXT ( ( #9785, #10873, #3401 ) ) REPRESENTATION_CONTEXT ( 'NONE', 'WORKASPACE' ) );
#10659 = LINE ( 'NONE', #1483, #1240 ) ;
#10660 = ORIENTED_EDGE ( 'NONE', *, *, #5328, .T. ) ;
#10661 = CARTESIAN_POINT ( 'NONE',  ( 0.0000000000000000000, 0.8900000000000000133, 0.0000000000000000000 ) ) ;
#10662 = ORIENTED_EDGE ( 'NONE', *, *, #2470, .F. ) ;
#10663 = AXIS2_PLACEMENT_3D ( 'NONE', #6944, #2406, #5946 ) ;
#10664 = CARTESIAN_POINT ( 'NONE',  ( 2.112932771566822687, -0.0000000000000000000, -1.182361600948406366 ) ) ;
#10665 = AXIS2_PLACEMENT_3D ( 'NONE', #5206, #1818, #8118 ) ;
#10666 = CARTESIAN_POINT ( 'NONE',  ( -0.6844350140350732303, 0.0000000000000000000, 1.750000000000000000 ) ) ;
#10667 = VERTEX_POINT ( 'NONE', #4087 ) ;
#10668 = CARTESIAN_POINT ( 'NONE',  ( -0.2450000000000008005, -0.03000000000000000583, -2.100000000000000089 ) ) ;
#10669 = ADVANCED_FACE ( 'NONE', ( #8559 ), #410, .F. ) ;
#10670 = DIRECTION ( 'NONE',  ( 0.0000000000000000000, -1.000000000000000000, 0.0000000000000000000 ) ) ;
#10671 = CARTESIAN_POINT ( 'NONE',  ( -1.966007182393600283, 0.9000000000000001332, -0.2566204218738730169 ) ) ;
#10672 = FACE_OUTER_BOUND ( 'NONE', #412, .T. ) ;
#10673 = ORIENTED_EDGE ( 'NONE', *, *, #1223, .F. ) ;
#10674 = AXIS2_PLACEMENT_3D ( 'NONE', #7190, #10840, #2660 ) ;
#10675 = ORIENTED_EDGE ( 'NONE', *, *, #2921, .T. ) ;
#10676 = EDGE_CURVE ( 'NONE', #252, #7060, #3301, .T. ) ;
#10677 = CARTESIAN_POINT ( 'NONE',  ( -0.7864159265358978690, -0.03000000000000000930, 2.100000000000000533 ) ) ;
#10678 = VERTEX_POINT ( 'NONE', #6037 ) ;
#10679 = VERTEX_POINT ( 'NONE', #6938 ) ;
#10680 = CYLINDRICAL_SURFACE ( 'NONE', #7756, 0.4841622163147920599 ) ;
#10681 = SURFACE_STYLE_USAGE ( .BOTH. , #6319 ) ;
#10682 = DIRECTION ( 'NONE',  ( 0.0000000000000000000, 1.000000000000000000, -0.0000000000000000000 ) ) ;
#10683 = SURFACE_STYLE_USAGE ( .BOTH. , #9725 ) ;
#10684 = DIRECTION ( 'NONE',  ( 0.0000000000000000000, -1.000000000000000000, 0.0000000000000000000 ) ) ;
#10685 = SURFACE_STYLE_FILL_AREA ( #3467 ) ;
#10686 = VERTEX_POINT ( 'NONE', #3184 ) ;
#10687 = ORIENTED_EDGE ( 'NONE', *, *, #3353, .T. ) ;
#10688 = ORIENTED_EDGE ( 'NONE', *, *, #11208, .F. ) ;
#10689 = EDGE_CURVE ( 'NONE', #5091, #11739, #1465, .T. ) ;
#10690 = ORIENTED_EDGE ( 'NONE', *, *, #7537, .T. ) ;
#10691 = CARTESIAN_POINT ( 'NONE',  ( -0.5664332323023040239, 0.9000000000000001332, -0.1948431851118519464 ) ) ;
#10692 = CARTESIAN_POINT ( 'NONE',  ( -2.500447051772229923, 0.1000000000000000056, -1.708333333333333481 ) ) ;
#10693 = ORIENTED_EDGE ( 'NONE', *, *, #3266, .F. ) ;
#10694 = CARTESIAN_POINT ( 'NONE',  ( -0.3750000000000000000, 0.0000000000000000000, 2.500000000000000000 ) ) ;
#10695 = CARTESIAN_POINT ( 'NONE',  ( 0.8203592205278840144, 0.9000000000000001332, -0.2165717304557348843 ) ) ;
#10696 = DIRECTION ( 'NONE',  ( -0.0000000000000000000, -1.000000000000000000, -0.0000000000000000000 ) ) ;
#10697 = CARTESIAN_POINT ( 'NONE',  ( -2.220000000000000195, 0.1000000000000000056, 1.375000000000000000 ) ) ;
#10698 = ORIENTED_EDGE ( 'NONE', *, *, #7105, .T. ) ;
#10699 = EDGE_CURVE ( 'NONE', #4963, #1129, #516, .T. ) ;
#10700 = CARTESIAN_POINT ( 'NONE',  ( 2.100000000000000089, -0.03000000000000000583, -0.7450000000000009948 ) ) ;
#10701 = B_SPLINE_CURVE_WITH_KNOTS ( 'NONE', 3,
 ( #6941, #10417, #2229, #5882 ),
 .UNSPECIFIED., .F., .F.,
 ( 4, 4 ),
 ( 0.0000000000000000000, 1.000000000000000000 ),
 .UNSPECIFIED. ) ;
#10702 = LINE ( 'NONE', #8792, #2085 ) ;
#10703 = SURFACE_STYLE_USAGE ( .BOTH. , #6891 ) ;
#10704 = ORIENTED_EDGE ( 'NONE', *, *, #449, .F. ) ;
#10705 = CARTESIAN_POINT ( 'NONE',  ( 1.648898319298260251, 0.0000000000000000000, 1.547796638596520280 ) ) ;
#10706 = FACE_OUTER_BOUND ( 'NONE', #4111, .T. ) ;
#10707 = FACE_OUTER_BOUND ( 'NONE', #11108, .T. ) ;
#10708 = DIRECTION ( 'NONE',  ( -0.0000000000000000000, -1.000000000000000000, 0.0000000000000000000 ) ) ;
#10709 = EDGE_LOOP ( 'NONE', ( #6372, #10113, #1507, #3811 ) ) ;
#10710 = FACE_OUTER_BOUND ( 'NONE', #74, .T. ) ;
#10711 = PLANE ( 'NONE',  #11648 ) ;
#10712 = EDGE_LOOP ( 'NONE', ( #7039, #10538, #2665, #10571, #6495 ) ) ;
#10713 = DIRECTION ( 'NONE',  ( 1.000000000000000000, 0.0000000000000000000, -0.0000000000000000000 ) ) ;
#10714 = EDGE_CURVE ( 'NONE', #3853, #9716, #4114, .T. ) ;
#10715 = VECTOR ( 'NONE', #1122, 1000.000000000000114 ) ;
#10716 = EDGE_LOOP ( 'NONE', ( #1694, #8120, #2491, #4343 ) ) ;
#10717 = EDGE_CURVE ( 'NONE', #6444, #6878, #2240, .T. ) ;
#10718 = CARTESIAN_POINT ( 'NONE',  ( -0.7450000000000005507, 0.0000000000000000000, 2.100000000000000089 ) ) ;
#10719 = VERTEX_POINT ( 'NONE', #8789 ) ;
#10720 = ORIENTED_EDGE ( 'NONE', *, *, #155, .F. ) ;
#10721 = CARTESIAN_POINT ( 'NONE',  ( 2.500447051772229923, 0.1000000000000000056, -0.2083333333333333148 ) ) ;
#10722 = LINE ( 'NONE', #11294, #1200 ) ;
#10723 = ORIENTED_EDGE ( 'NONE', *, *, #5411, .T. ) ;
#10724 = AXIS2_PLACEMENT_3D ( 'NONE', #3489, #8685, #6103 ) ;
#10725 = CARTESIAN_POINT ( 'NONE',  ( 1.748333333333333517, 0.0000000000000000000, 2.100000000000000089 ) ) ;
#10726 = DIRECTION ( 'NONE',  ( -0.0000000000000000000, -1.000000000000000000, -0.0000000000000000000 ) ) ;
#10727 = CARTESIAN_POINT ( 'NONE',  ( -0.8750000000000001110, 0.0000000000000000000, 2.500000000000000000 ) ) ;
#10728 = CARTESIAN_POINT ( 'NONE',  ( -2.100000000000000089, 0.0000000000000000000, -0.2483333333333336834 ) ) ;
#10729 = CARTESIAN_POINT ( 'NONE',  ( -1.625000000000000222, 0.0000000000000000000, 2.500000000000000000 ) ) ;
#10730 = ORIENTED_EDGE ( 'NONE', *, *, #96, .T. ) ;
#10731 = EDGE_CURVE ( 'NONE', #1097, #9155, #5238, .T. ) ;
#10732 = EDGE_CURVE ( 'NONE', #10128, #6043, #7083, .T. ) ;
#10733 = LINE ( 'NONE', #6248, #10285 ) ;
#10734 = EDGE_CURVE ( 'NONE', #7403, #11168, #11704, .T. ) ;
#10735 = ORIENTED_EDGE ( 'NONE', *, *, #7077, .F. ) ;
#10736 = CARTESIAN_POINT ( 'NONE',  ( -1.182361600948406366, -0.03000000000000001277, -2.112932771566823131 ) ) ;
#10737 = EDGE_LOOP ( 'NONE', ( #9921, #3757, #5410, #7130, #8723 ) ) ;
#10738 = ORIENTED_EDGE ( 'NONE', *, *, #4755, .F. ) ;
#10739 = CARTESIAN_POINT ( 'NONE',  ( 1.817638399051593634, -0.03000000000000001277, -2.112932771566823131 ) ) ;
#10740 = FACE_OUTER_BOUND ( 'NONE', #5836, .T. ) ;
#10741 = DIRECTION ( 'NONE',  ( 0.0000000000000000000, 0.0000000000000000000, 1.000000000000000000 ) ) ;
#10742 = DIRECTION ( 'NONE',  ( -0.0000000000000000000, -1.000000000000000000, -0.0000000000000000000 ) ) ;
#10743 = CARTESIAN_POINT ( 'NONE',  ( -0.7450000000000005507, 0.0000000000000000000, 2.100000000000000089 ) ) ;
#10744 = CARTESIAN_POINT ( 'NONE',  ( -0.9920570910971920897, 0.8900000000000000133, -0.05978536405281360128 ) ) ;
#10745 = CARTESIAN_POINT ( 'NONE',  ( -1.417263123745039932, 0.8900000000000000133, 0.04339776913695130717 ) ) ;
#10746 = EDGE_CURVE ( 'NONE', #463, #7461, #11644, .T. ) ;
#10747 = ORIENTED_EDGE ( 'NONE', *, *, #6473, .T. ) ;
#10748 = CARTESIAN_POINT ( 'NONE',  ( 2.500000000000000000, 0.9000000000000001332, 0.0000000000000000000 ) ) ;
#10749 = FACE_OUTER_BOUND ( 'NONE', #7005, .T. ) ;
#10750 = ORIENTED_EDGE ( 'NONE', *, *, #6734, .T. ) ;
#10751 = CARTESIAN_POINT ( 'NONE',  ( 1.125000000000000222, 0.1000000000000000056, -2.500105095651770082 ) ) ;
#10752 = CARTESIAN_POINT ( 'NONE',  ( -2.188584073464102442, 0.0000000000000000000, 0.6249999999999997780 ) ) ;
#10753 = CARTESIAN_POINT ( 'NONE',  ( -0.1249999999999999722, 0.0000000000000000000, -2.188584073464102442 ) ) ;
#10754 = LINE ( 'NONE', #6991, #159 ) ;
#10755 = EDGE_CURVE ( 'NONE', #10334, #2978, #6518, .T. ) ;
#10756 = DIRECTION ( 'NONE',  ( -0.0000000000000000000, -1.000000000000000000, 0.0000000000000000000 ) ) ;
#10757 = B_SPLINE_CURVE_WITH_KNOTS ( 'NONE', 3,
 ( #1025, #1739, #4640, #3702 ),
 .UNSPECIFIED., .F., .F.,
 ( 4, 4 ),
 ( 0.0000000000000000000, 1.000000000000000000 ),
 .UNSPECIFIED. ) ;
#10758 = ORIENTED_EDGE ( 'NONE', *, *, #4807, .T. ) ;
#10759 =( NAMED_UNIT ( * ) SI_UNIT ( $, .STERADIAN. ) SOLID_ANGLE_UNIT ( ) );
#10760 = B_SPLINE_CURVE_WITH_KNOTS ( 'NONE', 3,
 ( #10524, #2166, #4909, #2225 ),
 .UNSPECIFIED., .F., .F.,
 ( 4, 4 ),
 ( 0.0000000000000000000, 1.000000000000000000 ),
 .UNSPECIFIED. ) ;
#10761 =( GEOMETRIC_REPRESENTATION_CONTEXT ( 3 ) GLOBAL_UNCERTAINTY_ASSIGNED_CONTEXT ( ( #4716 ) ) GLOBAL_UNIT_ASSIGNED_CONTEXT ( ( #9362, #8456, #4691 ) ) REPRESENTATION_CONTEXT ( 'NONE', 'WORKASPACE' ) );
#10762 = LINE ( 'NONE', #4433, #5708 ) ;
#10763 = VECTOR ( 'NONE', #11279, 1000.000000000000000 ) ;
#10764 = LINE ( 'NONE', #3668, #686 ) ;
#10765 = VERTEX_POINT ( 'NONE', #689 ) ;
#10766 = LINE ( 'NONE', #6468, #9766 ) ;
#10767 = CARTESIAN_POINT ( 'NONE',  ( -1.636670602965730303, 0.8950000000000001288, 0.1161732482417700135 ) ) ;
#10768 = CARTESIAN_POINT ( 'NONE',  ( 2.112932771566822687, -0.03000000000000000930, 1.682361600948406588 ) ) ;
#10769 = ORIENTED_EDGE ( 'NONE', *, *, #5595, .F. ) ;
#10770 = LINE ( 'NONE', #7067, #4517 ) ;
#10771 = EDGE_CURVE ( 'NONE', #9823, #2157, #4371, .T. ) ;
#10772 = SURFACE_STYLE_USAGE ( .BOTH. , #11784 ) ;
#10773 = EDGE_CURVE ( 'NONE', #903, #5078, #1693, .T. ) ;
#10774 = ORIENTED_EDGE ( 'NONE', *, *, #4254, .F. ) ;
#10775 = CARTESIAN_POINT ( 'NONE',  ( 2.220000000000000195, -0.03000000000000000236, -0.2449999999999999956 ) ) ;
#10776 = VECTOR ( 'NONE', #2119, 1000.000000000000000 ) ;
#10777 = ORIENTED_EDGE ( 'NONE', *, *, #3281, .T. ) ;
#10778 = CARTESIAN_POINT ( 'NONE',  ( -2.188584073464102442, -0.03000000000000000930, 1.375000000000000444 ) ) ;
#10779 = VERTEX_POINT ( 'NONE', #2516 ) ;
#10780 = DIRECTION ( 'NONE',  ( 0.0000000000000000000, -1.000000000000000000, -0.0000000000000000000 ) ) ;
#10781 = ORIENTED_EDGE ( 'NONE', *, *, #598, .F. ) ;
#10782 = CARTESIAN_POINT ( 'NONE',  ( 2.157361600948406455, -0.0000000000000000000, -1.137932771566822598 ) ) ;
#10783 = CARTESIAN_POINT ( 'NONE',  ( 2.100000000000000089, -0.03000000000000000583, -1.745000000000000329 ) ) ;
#10784 = B_SPLINE_CURVE_WITH_KNOTS ( 'NONE', 3,
 ( #11001, #3772, #8239, #8424, #4659, #2818, #1930 ),
 .UNSPECIFIED., .F., .F.,
 ( 4, 1, 1, 1, 4 ),
 ( 0.0000000000000000000, 0.0002117098919814605108, 0.0004234197839629210217, 0.0006351296759443815325, 0.0008468395679258420433 ),
 .UNSPECIFIED. ) ;
#10785 = CARTESIAN_POINT ( 'NONE',  ( 1.422691962381610109, 0.8900000000000000133, -0.06973913874182940953 ) ) ;
#10786 = DIRECTION ( 'NONE',  ( 0.0000000000000000000, 0.0000000000000000000, -1.000000000000000000 ) ) ;
#10787 = DIRECTION ( 'NONE',  ( -0.0000000000000000000, -1.000000000000000000, -0.0000000000000000000 ) ) ;
#10788 = CARTESIAN_POINT ( 'NONE',  ( 0.0000000000000000000, 0.9000000000000001332, 0.03479771567938359789 ) ) ;
#10789 = CARTESIAN_POINT ( 'NONE',  ( -2.500000000000000000, 0.0000000000000000000, -0.6250000000000000000 ) ) ;
#10790 =( NAMED_UNIT ( * ) PLANE_ANGLE_UNIT ( ) SI_UNIT ( $, .RADIAN. ) );
#10791 = EDGE_CURVE ( 'NONE', #8770, #2108, #8977, .T. ) ;
#10792 = VERTEX_POINT ( 'NONE', #39 ) ;
#10793 = CARTESIAN_POINT ( 'NONE',  ( 1.745000000000000329, -0.03000000000000000236, -2.220000000000000195 ) ) ;
#10794 = VECTOR ( 'NONE', #3673, 1000.000000000000000 ) ;
#10795 = FILL_AREA_STYLE ('',( #10075 ) ) ;
#10796 = ORIENTED_EDGE ( 'NONE', *, *, #6722, .T. ) ;
#10797 = DIRECTION ( 'NONE',  ( 0.0000000000000000000, 0.0000000000000000000, 1.000000000000000000 ) ) ;
#10798 = ORIENTED_EDGE ( 'NONE', *, *, #2799, .T. ) ;
#10799 = CARTESIAN_POINT ( 'NONE',  ( 1.213584073464102131, -0.03000000000000000930, 2.100000000000000533 ) ) ;
#10800 = ADVANCED_FACE ( 'NONE', ( #3660 ), #8117, .T. ) ;
#10801 = FILL_AREA_STYLE ('',( #9907 ) ) ;
#10802 = CARTESIAN_POINT ( 'NONE',  ( -1.817638399051593634, -0.0000000000000000000, 2.112932771566822687 ) ) ;
#10803 = LINE ( 'NONE', #6439, #11619 ) ;
#10804 = DIRECTION ( 'NONE',  ( 0.0000000000000000000, 1.000000000000000000, 0.0000000000000000000 ) ) ;
#10805 = CARTESIAN_POINT ( 'NONE',  ( -1.875000000000000000, 0.1000000000000000194, 2.500052547825884819 ) ) ;
#10806 = SURFACE_STYLE_FILL_AREA ( #7922 ) ;
#10807 = EDGE_CURVE ( 'NONE', #3929, #10765, #3957, .T. ) ;
#10808 = SURFACE_STYLE_USAGE ( .BOTH. , #2384 ) ;
#10809 = CARTESIAN_POINT ( 'NONE',  ( -1.354625563403949906, 0.8900000000000000133, 0.01392127015290760099 ) ) ;
#10810 = VERTEX_POINT ( 'NONE', #9037 ) ;
#10811 = AXIS2_PLACEMENT_3D ( 'NONE', #5202, #7935, #11585 ) ;
#10812 = VERTEX_POINT ( 'NONE', #2705 ) ;
#10813 = EDGE_LOOP ( 'NONE', ( #2736, #3393, #10825, #3108 ) ) ;
#10814 = DIRECTION ( 'NONE',  ( 0.0000000000000000000, 0.0000000000000000000, -1.000000000000000000 ) ) ;
#10815 = CARTESIAN_POINT ( 'NONE',  ( -2.499999999999999556, 0.0000000000000000000, 0.3749999999999991673 ) ) ;
#10816 = ORIENTED_EDGE ( 'NONE', *, *, #2001, .F. ) ;
#10817 = CARTESIAN_POINT ( 'NONE',  ( 2.100000000000000089, 0.0000000000000000000, -1.245000000000000329 ) ) ;
#10818 = CARTESIAN_POINT ( 'NONE',  ( 2.100000000000000089, 0.0000000000000000000, -0.7450000000000009948 ) ) ;
#10819 = B_SPLINE_CURVE_WITH_KNOTS ( 'NONE', 3,
 ( #11512, #497, #1396, #4129 ),
 .UNSPECIFIED., .F., .F.,
 ( 4, 4 ),
 ( 0.0000000000000000000, 1.000000000000000000 ),
 .UNSPECIFIED. ) ;
#10820 = CARTESIAN_POINT ( 'NONE',  ( -0.1823616009484060885, -0.0000000000000000000, -2.112932771566822687 ) ) ;
#10821 = ADVANCED_FACE ( 'NONE', ( #867 ), #6340, .F. ) ;
#10822 = AXIS2_PLACEMENT_3D ( 'NONE', #3644, #143, #1802 ) ;
#10823 = CARTESIAN_POINT ( 'NONE',  ( 2.220000000000000195, 0.0000000000000000000, 0.8750000000000001110 ) ) ;
#10824 = CARTESIAN_POINT ( 'NONE',  ( -1.625000000000000222, -0.03000000000000000930, -2.188584073464102886 ) ) ;
#10825 = ORIENTED_EDGE ( 'NONE', *, *, #7685, .T. ) ;
#10826 = CARTESIAN_POINT ( 'NONE',  ( 0.1250000000000000000, 0.0000000000000000000, -2.313333333333333464 ) ) ;
#10827 = PRESENTATION_STYLE_ASSIGNMENT (( #4320 ) ) ;
#10828 = EDGE_CURVE ( 'NONE', #3989, #6163, #10363, .T. ) ;
#10829 = CARTESIAN_POINT ( 'NONE',  ( -2.500000000000000000, 0.0000000000000000000, -0.8750000000000001110 ) ) ;
#10830 = ORIENTED_EDGE ( 'NONE', *, *, #832, .F. ) ;
#10831 = CARTESIAN_POINT ( 'NONE',  ( -1.375000000000000000, 0.1000000000000000056, -2.500105095651770082 ) ) ;
#10832 = CARTESIAN_POINT ( 'NONE',  ( 1.245000000000000329, -0.03000000000000000930, -2.100000000000000089 ) ) ;
#10833 = VECTOR ( 'NONE', #7584, 1000.000000000000000 ) ;
#10834 = CARTESIAN_POINT ( 'NONE',  ( 2.100000000000000089, 0.0000000000000000000, -1.254999999999999893 ) ) ;
#10835 = CARTESIAN_POINT ( 'NONE',  ( 0.7450000000000009948, 0.1000000000000000056, -2.100000000000000089 ) ) ;
#10836 = EDGE_LOOP ( 'NONE', ( #2590, #430, #1148, #4150, #326, #4180 ) ) ;
#10837 = CARTESIAN_POINT ( 'NONE',  ( -1.430232663244010105, 0.8900000000000000133, -0.003069089361714209905 ) ) ;
#10838 = ORIENTED_EDGE ( 'NONE', *, *, #7720, .F. ) ;
#10839 = B_SPLINE_CURVE_WITH_KNOTS ( 'NONE', 3,
 ( #10353, #3795, #2174, #4917 ),
 .UNSPECIFIED., .F., .F.,
 ( 4, 4 ),
 ( 0.0000000000000000000, 1.000000000000000000 ),
 .UNSPECIFIED. ) ;
#10840 = DIRECTION ( 'NONE',  ( 1.000000000000000000, -0.0000000000000000000, 0.0000000000000000000 ) ) ;
#10841 = MECHANICAL_DESIGN_GEOMETRIC_PRESENTATION_REPRESENTATION (  '', ( #9880 ), #3213 ) ;
#10842 = ORIENTED_EDGE ( 'NONE', *, *, #3345, .T. ) ;
#10843 = B_SPLINE_CURVE_WITH_KNOTS ( 'NONE', 3,
 ( #3168, #8714, #5860, #6812, #7645, #3109 ),
 .UNSPECIFIED., .F., .F.,
 ( 4, 2, 4 ),
 ( 0.0000000000000000000, 0.5000000000000000000, 1.000000000000000000 ),
 .UNSPECIFIED. ) ;
#10844 =( NAMED_UNIT ( * ) SI_UNIT ( $, .STERADIAN. ) SOLID_ANGLE_UNIT ( ) );
#10845 = APPLICATION_CONTEXT ( 'automotive_design' ) ;
#10846 = ORIENTED_EDGE ( 'NONE', *, *, #1362, .F. ) ;
#10847 = CARTESIAN_POINT ( 'NONE',  ( -2.500000000000000000, 0.0000000000000000000, -1.875000000000000000 ) ) ;
#10848 = EDGE_CURVE ( 'NONE', #6406, #7665, #10784, .T. ) ;
#10849 = VECTOR ( 'NONE', #2685, 1000.000000000000000 ) ;
#10850 = VERTEX_POINT ( 'NONE', #3833 ) ;
#10851 = CARTESIAN_POINT ( 'NONE',  ( 1.875000000000000000, 0.0000000000000000000, -2.500000000000000000 ) ) ;
#10852 = CARTESIAN_POINT ( 'NONE',  ( 0.1250000000000000000, 0.1000000000000000056, 2.220000000000000195 ) ) ;
#10853 =( LENGTH_UNIT ( ) NAMED_UNIT ( * ) SI_UNIT ( .MILLI., .METRE. ) );
#10854 = VECTOR ( 'NONE', #6639, 1000.000000000000000 ) ;
#10855 = CARTESIAN_POINT ( 'NONE',  ( 1.625000000000000222, -0.03000000000000000583, -2.220000000000000195 ) ) ;
#10856 = FACE_OUTER_BOUND ( 'NONE', #5324, .T. ) ;
#10857 = VECTOR ( 'NONE', #4354, 1000.000000000000000 ) ;
#10858 =( LENGTH_UNIT ( ) NAMED_UNIT ( * ) SI_UNIT ( .MILLI., .METRE. ) );
#10859 = CARTESIAN_POINT ( 'NONE',  ( -2.499999999999999556, 0.0000000000000000000, 0.1250000000000000555 ) ) ;
#10860 = ORIENTED_EDGE ( 'NONE', *, *, #2848, .T. ) ;
#10861 = SURFACE_STYLE_FILL_AREA ( #4402 ) ;
#10862 = VERTEX_POINT ( 'NONE', #986 ) ;
#10863 = AXIS2_PLACEMENT_3D ( 'NONE', #10046, #1879, #4608 ) ;
#10864 = CARTESIAN_POINT ( 'NONE',  ( -2.220000000000000195, -0.03000000000000000583, 0.6250000000000000000 ) ) ;
#10865 = EDGE_CURVE ( 'NONE', #11063, #4503, #277, .T. ) ;
#10866 = ORIENTED_EDGE ( 'NONE', *, *, #1376, .F. ) ;
#10867 = B_SPLINE_CURVE_WITH_KNOTS ( 'NONE', 3,
 ( #4147, #7829, #8791, #2294 ),
 .UNSPECIFIED., .F., .F.,
 ( 4, 4 ),
 ( 0.0000000000000000000, 1.000000000000000000 ),
 .UNSPECIFIED. ) ;
#10868 = VERTEX_POINT ( 'NONE', #6524 ) ;
#10869 = CARTESIAN_POINT ( 'NONE',  ( 0.7449999999999999956, -0.03000000000000000236, 2.220000000000000195 ) ) ;
#10870 = PRESENTATION_STYLE_ASSIGNMENT (( #10683 ) ) ;
#10871 = CARTESIAN_POINT ( 'NONE',  ( -15.55649400896630041, 0.9000000000000001332, -3.953400012226209626 ) ) ;
#10872 = LINE ( 'NONE', #6323, #2976 ) ;
#10873 =( NAMED_UNIT ( * ) PLANE_ANGLE_UNIT ( ) SI_UNIT ( $, .RADIAN. ) );
#10874 = VECTOR ( 'NONE', #5020, 1000.000000000000000 ) ;
#10875 = CARTESIAN_POINT ( 'NONE',  ( 2.100000000000000089, 0.0000000000000000000, 0.2516666666666663166 ) ) ;
#10876 = CARTESIAN_POINT ( 'NONE',  ( 0.8750000000000000000, 0.1000000000000000056, -2.500105095651770082 ) ) ;
#10877 = EDGE_CURVE ( 'NONE', #5364, #8228, #5125, .T. ) ;
#10878 = ORIENTED_EDGE ( 'NONE', *, *, #5055, .T. ) ;
#10879 = EDGE_LOOP ( 'NONE', ( #2086, #3188, #534, #5498, #7988 ) ) ;
#10880 = ADVANCED_FACE ( 'NONE', ( #6586 ), #9208, .F. ) ;
#10881 = VERTEX_POINT ( 'NONE', #8360 ) ;
#10882 = CARTESIAN_POINT ( 'NONE',  ( 0.2550000000000000044, 0.1000000000000000056, -2.220000000000000195 ) ) ;
#10883 = VERTEX_POINT ( 'NONE', #2881 ) ;
#10884 = CARTESIAN_POINT ( 'NONE',  ( -2.220000000000000195, 0.0000000000000000000, -0.8750000000000001110 ) ) ;
#10885 = CARTESIAN_POINT ( 'NONE',  ( 2.100000000000000089, 0.0000000000000000000, -0.7135840734641026861 ) ) ;
#10886 = PLANE ( 'NONE',  #6463 ) ;
#10887 = CARTESIAN_POINT ( 'NONE',  ( 2.500447051772229923, 0.1000000000000000056, 1.375000000000000000 ) ) ;
#10888 = CARTESIAN_POINT ( 'NONE',  ( -1.245000000000000329, 0.1000000000000000056, -2.220000000000000195 ) ) ;
#10889 = EDGE_CURVE ( 'NONE', #9222, #11707, #5507, .T. ) ;
#10890 = ORIENTED_EDGE ( 'NONE', *, *, #10959, .T. ) ;
#10891 = EDGE_CURVE ( 'NONE', #6448, #4963, #10173, .T. ) ;
#10892 = CARTESIAN_POINT ( 'NONE',  ( 2.100000000000000089, 0.0000000000000000000, -0.2450000000000010225 ) ) ;
#10893 = CARTESIAN_POINT ( 'NONE',  ( -1.875000000000000000, -0.03000000000000000236, 2.187085253205458546 ) ) ;
#10894 = EDGE_LOOP ( 'NONE', ( #7306, #6300, #5483, #4450 ) ) ;
#10895 = CARTESIAN_POINT ( 'NONE',  ( 0.7864159265358978690, 0.0000000000000000000, 2.100000000000000533 ) ) ;
#10896 =( LENGTH_UNIT ( ) NAMED_UNIT ( * ) SI_UNIT ( .MILLI., .METRE. ) );
#10897 = VECTOR ( 'NONE', #10553, 1000.000000000000000 ) ;
#10898 = PLANE ( 'NONE',  #3347 ) ;
#10899 = CARTESIAN_POINT ( 'NONE',  ( -2.500447051772229923, -0.03000000000000000930, 0.8750000000000000000 ) ) ;
#10900 = LINE ( 'NONE', #5162, #3181 ) ;
#10901 = DIRECTION ( 'NONE',  ( 0.0000000000000000000, 1.000000000000000000, -0.0000000000000000000 ) ) ;
#10902 = ORIENTED_EDGE ( 'NONE', *, *, #1412, .T. ) ;
#10903 = LINE ( 'NONE', #2717, #4545 ) ;
#10904 = EDGE_CURVE ( 'NONE', #8839, #2266, #10943, .T. ) ;
#10905 = ORIENTED_EDGE ( 'NONE', *, *, #8254, .F. ) ;
#10906 = VECTOR ( 'NONE', #5419, 1000.000000000000000 ) ;
#10907 = DIRECTION ( 'NONE',  ( 1.000000000000000000, 0.0000000000000000000, -0.0000000000000000000 ) ) ;
#10908 = CARTESIAN_POINT ( 'NONE',  ( 2.500223525886114739, 0.1000000000000000194, -0.3749999999999999445 ) ) ;
#10909 = VERTEX_POINT ( 'NONE', #3718 ) ;
#10910 = CARTESIAN_POINT ( 'NONE',  ( -2.500447051772229923, 0.1000000000000000056, -1.125000000000000222 ) ) ;
#10911 = CARTESIAN_POINT ( 'NONE',  ( 2.220000000000000195, 0.1000000000000000056, 0.7550000000000000044 ) ) ;
#10912 = DIRECTION ( 'NONE',  ( 0.0000000000000000000, 1.000000000000000000, -0.0000000000000000000 ) ) ;
#10913 = CARTESIAN_POINT ( 'NONE',  ( -2.500223525886114739, 0.1000000000000000194, -0.8750000000000000000 ) ) ;
#10914 = LINE ( 'NONE', #10973, #8404 ) ;
#10915 = ORIENTED_EDGE ( 'NONE', *, *, #1679, .F. ) ;
#10916 = ADVANCED_FACE ( 'NONE', ( #1876 ), #6460, .F. ) ;
#10917 = EDGE_CURVE ( 'NONE', #4126, #10719, #5817, .T. ) ;
#10918 = B_SPLINE_CURVE_WITH_KNOTS ( 'NONE', 3,
 ( #9650, #4172, #9592, #1492 ),
 .UNSPECIFIED., .F., .F.,
 ( 4, 4 ),
 ( 0.0000000000000000000, 1.000000000000000000 ),
 .UNSPECIFIED. ) ;
#10919 = VERTEX_POINT ( 'NONE', #5681 ) ;
#10920 = PRESENTATION_LAYER_ASSIGNMENT (  '', '', ( #4431 ) ) ;
#10921 = ORIENTED_EDGE ( 'NONE', *, *, #2964, .T. ) ;
#10922 = B_SPLINE_CURVE_WITH_KNOTS ( 'NONE', 3,
 ( #8018, #2607, #4456, #5361, #6305, #836, #9951, #1786, #3691, #7325 ),
 .UNSPECIFIED., .F., .F.,
 ( 4, 1, 1, 1, 1, 1, 1, 4 ),
 ( 0.0000000000000000000, 0.0002824651457306854674, 0.0004236977185960281739, 0.0005649302914613709347, 0.0007061628643267136955, 0.0008473954371920563479, 0.0009886280100573992171, 0.001129860582922741869 ),
 .UNSPECIFIED. ) ;
#10923 = ORIENTED_EDGE ( 'NONE', *, *, #2456, .F. ) ;
#10924 = CARTESIAN_POINT ( 'NONE',  ( -2.220000000000000195, -0.03000000000000000583, 0.3750000000000000000 ) ) ;
#10925 = DIRECTION ( 'NONE',  ( 0.0000000000000000000, -0.0000000000000000000, -1.000000000000000000 ) ) ;
#10926 = FILL_AREA_STYLE_COLOUR ( '', #384 ) ;
#10927 = DIRECTION ( 'NONE',  ( -0.0000000000000000000, -1.000000000000000000, -0.0000000000000000000 ) ) ;
#10928 = CARTESIAN_POINT ( 'NONE',  ( 0.6669812533945912447, 0.9000000000000001332, -0.3030598619225643442 ) ) ;
#10929 = CARTESIAN_POINT ( 'NONE',  ( -2.500223525886114739, 0.1000000000000000333, 0.6250000000000000000 ) ) ;
#10930 = DIRECTION ( 'NONE',  ( -0.5579391863233839066, 0.0000000000000000000, -0.8298818375918347590 ) ) ;
#10931 = ORIENTED_EDGE ( 'NONE', *, *, #5214, .F. ) ;
#10932 = CARTESIAN_POINT ( 'NONE',  ( 0.3620672284331776236, -0.0000000000000000000, -2.157361600948406455 ) ) ;
#10933 = PRESENTATION_STYLE_ASSIGNMENT (( #2923 ) ) ;
#10934 = EDGE_LOOP ( 'NONE', ( #1906, #10198, #4506, #5167 ) ) ;
#10935 = EDGE_LOOP ( 'NONE', ( #10269, #9692, #5345, #2870, #8731 ) ) ;
#10936 = VERTEX_POINT ( 'NONE', #7533 ) ;
#10937 =( NAMED_UNIT ( * ) PLANE_ANGLE_UNIT ( ) SI_UNIT ( $, .RADIAN. ) );
#10938 = DIRECTION ( 'NONE',  ( -0.0000000000000000000, 0.0000000000000000000, -1.000000000000000000 ) ) ;
#10939 = CARTESIAN_POINT ( 'NONE',  ( -0.7083333333333333703, 0.1000000000000000056, -2.500105095651770082 ) ) ;
#10940 = ORIENTED_EDGE ( 'NONE', *, *, #168, .F. ) ;
#10941 = CYLINDRICAL_SURFACE ( 'NONE', #9115, 0.1200000000000000927 ) ;
#10942 = SURFACE_STYLE_FILL_AREA ( #1754 ) ;
#10943 = B_SPLINE_CURVE_WITH_KNOTS ( 'NONE', 3,
 ( #7473, #4776, #7587, #1990, #97, #11121 ),
 .UNSPECIFIED., .F., .F.,
 ( 4, 2, 4 ),
 ( 0.0000000000000000000, 0.5000000000000000000, 1.000000000000000000 ),
 .UNSPECIFIED. ) ;
#10944 = CARTESIAN_POINT ( 'NONE',  ( -2.188584073464102442, -0.03000000000000000930, 0.8750000000000000000 ) ) ;
#10945 = CARTESIAN_POINT ( 'NONE',  ( -1.041666666666666963, 0.0000000000000000000, -2.500000000000000000 ) ) ;
#10946 = EDGE_CURVE ( 'NONE', #6127, #2699, #3893, .T. ) ;
#10947 = CARTESIAN_POINT ( 'NONE',  ( 0.6250000000000000000, 0.1000000000000000056, -2.500105095651770082 ) ) ;
#10948 = B_SPLINE_CURVE_WITH_KNOTS ( 'NONE', 3,
 ( #2076, #2914, #7392, #6497 ),
 .UNSPECIFIED., .F., .F.,
 ( 4, 4 ),
 ( 0.0000000000000000000, 1.000000000000000000 ),
 .UNSPECIFIED. ) ;
#10949 = LINE ( 'NONE', #2767, #3424 ) ;
#10950 = CARTESIAN_POINT ( 'NONE',  ( -1.862067228433177402, -0.03000000000000001277, -2.157361600948406455 ) ) ;
#10951 = ORIENTED_EDGE ( 'NONE', *, *, #10773, .F. ) ;
#10952 = EDGE_LOOP ( 'NONE', ( #11564, #8154, #5575, #9214 ) ) ;
#10953 = CARTESIAN_POINT ( 'NONE',  ( 1.395526597277698011, 0.8900000000000000133, -0.2421347249779584321 ) ) ;
#10954 = EDGE_CURVE ( 'NONE', #4813, #9114, #7933, .T. ) ;
#10955 = LINE ( 'NONE', #3842, #10413 ) ;
#10956 = DIRECTION ( 'NONE',  ( 0.0000000000000000000, 1.000000000000000000, 0.0000000000000000000 ) ) ;
#10957 = CARTESIAN_POINT ( 'NONE',  ( 1.125000000000000222, 0.0000000000000000000, -2.500000000000000000 ) ) ;
#10958 =( LENGTH_UNIT ( ) NAMED_UNIT ( * ) SI_UNIT ( .MILLI., .METRE. ) );
#10959 = EDGE_CURVE ( 'NONE', #1104, #11168, #10282, .T. ) ;
#10960 = CARTESIAN_POINT ( 'NONE',  ( 2.220000000000000195, -0.03000000000000000930, -1.875000000000000000 ) ) ;
#10961 = PRESENTATION_LAYER_ASSIGNMENT (  '', '', ( #305 ) ) ;
#10962 = ORIENTED_EDGE ( 'NONE', *, *, #1830, .T. ) ;
#10963 = AXIS2_PLACEMENT_3D ( 'NONE', #6865, #5787, #10272 ) ;
#10964 = PRESENTATION_STYLE_ASSIGNMENT (( #7193 ) ) ;
#10965 = ORIENTED_EDGE ( 'NONE', *, *, #1412, .F. ) ;
#10966 = CARTESIAN_POINT ( 'NONE',  ( -1.354625563403949906, 0.9000000000000001332, 0.01392127015290760099 ) ) ;
#10967 = CARTESIAN_POINT ( 'NONE',  ( -2.220000000000000195, 0.0000000000000000000, -1.875000000000000000 ) ) ;
#10968 = ORIENTED_EDGE ( 'NONE', *, *, #8000, .T. ) ;
#10969 = B_SPLINE_CURVE_WITH_KNOTS ( 'NONE', 3,
 ( #6403, #989, #5398, #8246 ),
 .UNSPECIFIED., .F., .F.,
 ( 4, 4 ),
 ( 0.0000000000000000000, 1.000000000000000000 ),
 .UNSPECIFIED. ) ;
#10970 = CARTESIAN_POINT ( 'NONE',  ( 1.625000000000000222, -0.03000000000000000930, -2.500105095651770082 ) ) ;
#10971 = CARTESIAN_POINT ( 'NONE',  ( -2.220000000000000195, -0.03000000000000000930, -0.3750000000000000000 ) ) ;
#10972 = CARTESIAN_POINT ( 'NONE',  ( -0.3750000000000000000, 0.0000000000000000000, 2.220000000000000195 ) ) ;
#10973 = CARTESIAN_POINT ( 'NONE',  ( 0.3750000000000000000, -0.03000000000000000930, -2.500105095651770082 ) ) ;
#10974 = ORIENTED_EDGE ( 'NONE', *, *, #11667, .T. ) ;
#10975 = FILL_AREA_STYLE_COLOUR ( '', #5782 ) ;
#10976 = ORIENTED_EDGE ( 'NONE', *, *, #11101, .T. ) ;
#10977 = SURFACE_STYLE_FILL_AREA ( #9959 ) ;
#10978 = ORIENTED_EDGE ( 'NONE', *, *, #11764, .F. ) ;
#10979 = EDGE_LOOP ( 'NONE', ( #857, #2893, #9024, #1893 ) ) ;
#10980 = DIRECTION ( 'NONE',  ( -0.0000000000000000000, 0.0000000000000000000, -1.000000000000000000 ) ) ;
#10981 = CARTESIAN_POINT ( 'NONE',  ( 0.8203592205278840144, 0.8900000000000000133, -0.2165717304557349954 ) ) ;
#10982 = SURFACE_STYLE_USAGE ( .BOTH. , #7334 ) ;
#10983 = CARTESIAN_POINT ( 'NONE',  ( 2.220000000000000195, 0.0000000000000000000, 0.3750000000000000000 ) ) ;
#10984 = UNCERTAINTY_MEASURE_WITH_UNIT (LENGTH_MEASURE( 1.000000000000000082E-05 ), #912, 'distance_accuracy_value', 'NONE');
#10985 = DIRECTION ( 'NONE',  ( 0.0000000000000000000, 0.0000000000000000000, -1.000000000000000000 ) ) ;
#10986 = EDGE_LOOP ( 'NONE', ( #7855, #2912, #2083, #9361 ) ) ;
#10987 = DIRECTION ( 'NONE',  ( 1.000000000000000000, 0.0000000000000000000, -0.0000000000000000000 ) ) ;
#10988 = VECTOR ( 'NONE', #10938, 1000.000000000000000 ) ;
#10989 = CARTESIAN_POINT ( 'NONE',  ( -1.555721120312040018, 0.8900000000000000133, 0.1251202963245449939 ) ) ;
#10990 = EDGE_LOOP ( 'NONE', ( #6085, #11263, #601, #8801 ) ) ;
#10991 = ORIENTED_EDGE ( 'NONE', *, *, #1137, .F. ) ;
#10992 = ORIENTED_EDGE ( 'NONE', *, *, #3212, .T. ) ;
#10993 = CARTESIAN_POINT ( 'NONE',  ( -2.100000000000000089, 0.0000000000000000000, 0.2549999999999990052 ) ) ;
#10994 = ADVANCED_FACE ( 'NONE', ( #11244 ), #1347, .T. ) ;
#10995 = EDGE_CURVE ( 'NONE', #10060, #7274, #5799, .T. ) ;
#10996 = VERTEX_POINT ( 'NONE', #8542 ) ;
#10997 = PLANE ( 'NONE',  #7763 ) ;
#10998 = CARTESIAN_POINT ( 'NONE',  ( 1.872859023482720042, 0.8900000000000000133, 0.1249850370245180059 ) ) ;
#10999 = CARTESIAN_POINT ( 'NONE',  ( 2.112932771566821799, -0.03000000000000000930, -0.8176383990515933009 ) ) ;
#11000 = CARTESIAN_POINT ( 'NONE',  ( -1.712085253205451574, -0.03000000000000000236, 2.100000000000000533 ) ) ;
#11001 = CARTESIAN_POINT ( 'NONE',  ( -1.354625563403949906, 0.9000000000000001332, 0.01392127015290760099 ) ) ;
#11002 = VECTOR ( 'NONE', #5949, 1000.000000000000000 ) ;
#11003 = ORIENTED_EDGE ( 'NONE', *, *, #3357, .F. ) ;
#11004 = CARTESIAN_POINT ( 'NONE',  ( 0.6250000000000000000, 0.0000000000000000000, -2.500000000000000000 ) ) ;
#11005 = EDGE_CURVE ( 'NONE', #5405, #6231, #10337, .T. ) ;
#11006 = ORIENTED_EDGE ( 'NONE', *, *, #1252, .T. ) ;
#11007 = B_SPLINE_CURVE_WITH_KNOTS ( 'NONE', 3,
 ( #8348, #211, #3824, #11110, #6576, #3044 ),
 .UNSPECIFIED., .F., .F.,
 ( 4, 2, 4 ),
 ( 0.0000000000000000000, 0.5000000000000000000, 1.000000000000000000 ),
 .UNSPECIFIED. ) ;
#11008 = ORIENTED_EDGE ( 'NONE', *, *, #2444, .F. ) ;
#11009 =( LENGTH_UNIT ( ) NAMED_UNIT ( * ) SI_UNIT ( .MILLI., .METRE. ) );
#11010 = COLOUR_RGB ( '',1.000000000000000000, 1.000000000000000000, 1.000000000000000000 ) ;
#11011 = CARTESIAN_POINT ( 'NONE',  ( 0.3623593114750309763, 0.8900000000000000133, 0.07326250548071279456 ) ) ;
#11012 = LINE ( 'NONE', #7309, #8505 ) ;
#11013 =( NAMED_UNIT ( * ) PLANE_ANGLE_UNIT ( ) SI_UNIT ( $, .RADIAN. ) );
#11014 = B_SPLINE_CURVE_WITH_KNOTS ( 'NONE', 3,
 ( #5371, #559, #7807, #10621 ),
 .UNSPECIFIED., .F., .F.,
 ( 4, 4 ),
 ( 0.0000000000000000000, 1.000000000000000000 ),
 .UNSPECIFIED. ) ;
#11015 = FILL_AREA_STYLE_COLOUR ( '', #6088 ) ;
#11016 = ORIENTED_EDGE ( 'NONE', *, *, #2517, .F. ) ;
#11017 = EDGE_CURVE ( 'NONE', #5318, #6307, #9443, .T. ) ;
#11018 = CARTESIAN_POINT ( 'NONE',  ( -1.125000000000000222, -0.03000000000000000583, 2.220000000000000195 ) ) ;
#11019 = COLOUR_RGB ( '',1.000000000000000000, 1.000000000000000000, 1.000000000000000000 ) ;
#11020 = DIRECTION ( 'NONE',  ( 0.0000000000000000000, 1.000000000000000000, 0.0000000000000000000 ) ) ;
#11021 = CARTESIAN_POINT ( 'NONE',  ( -2.500447051772229923, 0.1000000000000000056, -1.208333333333333481 ) ) ;
#11022 = EDGE_CURVE ( 'NONE', #6556, #9078, #3230, .T. ) ;
#11023 = ORIENTED_EDGE ( 'NONE', *, *, #2950, .T. ) ;
#11024 = DIRECTION ( 'NONE',  ( 0.0000000000000000000, 1.000000000000000000, 0.0000000000000000000 ) ) ;
#11025 = CARTESIAN_POINT ( 'NONE',  ( -0.1412354234161199984, 0.8900000000000000133, 0.3083217570670889751 ) ) ;
#11026 = CARTESIAN_POINT ( 'NONE',  ( -1.215319232939700012, 0.8900000000000001243, -0.3053677086611230052 ) ) ;
#11027 = FACE_OUTER_BOUND ( 'NONE', #543, .T. ) ;
#11028 = VERTEX_POINT ( 'NONE', #1509 ) ;
#11029 = SURFACE_SIDE_STYLE ('',( #2845 ) ) ;
#11030 = DIRECTION ( 'NONE',  ( 0.0000000000000000000, -1.000000000000000000, -0.0000000000000000000 ) ) ;
#11031 = ORIENTED_EDGE ( 'NONE', *, *, #9898, .T. ) ;
#11032 = VECTOR ( 'NONE', #11127, 1000.000000000000000 ) ;
#11033 = CARTESIAN_POINT ( 'NONE',  ( 2.220000000000000195, -0.03000000000000000930, -0.3750000000000000000 ) ) ;
#11034 = ORIENTED_EDGE ( 'NONE', *, *, #11335, .T. ) ;
#11035 = EDGE_CURVE ( 'NONE', #3982, #9041, #5975, .T. ) ;
#11036 = ORIENTED_EDGE ( 'NONE', *, *, #5083, .T. ) ;
#11037 = AXIS2_PLACEMENT_3D ( 'NONE', #7663, #11313, #2292 ) ;
#11038 = VECTOR ( 'NONE', #7495, 1000.000000000000000 ) ;
#11039 = ORIENTED_EDGE ( 'NONE', *, *, #6641, .F. ) ;
#11040 = CARTESIAN_POINT ( 'NONE',  ( -2.499999999999999556, 0.0000000000000000000, 0.6250000000000000000 ) ) ;
#11041 = B_SPLINE_CURVE_WITH_KNOTS ( 'NONE', 3,
 ( #8537, #1721, #1395, #1340 ),
 .UNSPECIFIED., .F., .F.,
 ( 4, 4 ),
 ( 0.0000000000000000000, 1.000000000000000000 ),
 .UNSPECIFIED. ) ;
#11042 = DIRECTION ( 'NONE',  ( 0.0000000000000000000, 1.000000000000000000, 0.0000000000000000000 ) ) ;
#11043 = CARTESIAN_POINT ( 'NONE',  ( 0.5177207035037286742, 0.9000000000000001332, 0.04254276026138174155 ) ) ;
#11044 = PLANE ( 'NONE',  #6699 ) ;
#11045 = CARTESIAN_POINT ( 'NONE',  ( -2.112932771566821799, -0.03000000000000000930, -0.6823616009484065881 ) ) ;
#11046 = ORIENTED_EDGE ( 'NONE', *, *, #424, .T. ) ;
#11047 = CIRCLE ( 'NONE', #2273, 17.35351528269860211 ) ;
#11048 = CARTESIAN_POINT ( 'NONE',  ( 2.220000000000000195, -0.03000000000000000583, -0.1250000000000000000 ) ) ;
#11049 =( GEOMETRIC_REPRESENTATION_CONTEXT ( 3 ) GLOBAL_UNCERTAINTY_ASSIGNED_CONTEXT ( ( #10025 ) ) GLOBAL_UNIT_ASSIGNED_CONTEXT ( ( #749, #11702, #11583 ) ) REPRESENTATION_CONTEXT ( 'NONE', 'WORKASPACE' ) );
#11050 = ADVANCED_FACE ( 'NONE', ( #4190 ), #4131, .T. ) ;
#11051 = VERTEX_POINT ( 'NONE', #450 ) ;
#11052 = ORIENTED_EDGE ( 'NONE', *, *, #7093, .F. ) ;
#11053 = CARTESIAN_POINT ( 'NONE',  ( 2.500447051772229923, -0.03000000000000000930, -1.875000000000000000 ) ) ;
#11054 = STYLED_ITEM ( 'NONE', ( #2943 ), #1192 ) ;
#11055 = VERTEX_POINT ( 'NONE', #6874 ) ;
#11056 = CARTESIAN_POINT ( 'NONE',  ( 2.500447051772229923, -0.03000000000000000930, 1.375000000000000222 ) ) ;
#11057 =( LENGTH_UNIT ( ) NAMED_UNIT ( * ) SI_UNIT ( .MILLI., .METRE. ) );
#11058 = CARTESIAN_POINT ( 'NONE',  ( -1.875000000000000000, 0.0000000000000000000, 2.313333333333333464 ) ) ;
#11059 = LINE ( 'NONE', #4543, #8926 ) ;
#11060 = CARTESIAN_POINT ( 'NONE',  ( -1.625000000000000222, 0.1000000000000000056, -2.500105095651770082 ) ) ;
#11061 = AXIS2_PLACEMENT_3D ( 'NONE', #3995, #3156, #6800 ) ;
#11062 = CARTESIAN_POINT ( 'NONE',  ( 2.157361600948405567, -0.03000000000000000930, -0.6379327715668224874 ) ) ;
#11063 = VERTEX_POINT ( 'NONE', #4248 ) ;
#11064 =( NAMED_UNIT ( * ) SI_UNIT ( $, .STERADIAN. ) SOLID_ANGLE_UNIT ( ) );
#11065 = DIRECTION ( 'NONE',  ( 0.0000000000000000000, 0.0000000000000000000, 1.000000000000000000 ) ) ;
#11066 = EDGE_CURVE ( 'NONE', #5405, #11377, #7813, .T. ) ;
#11067 = UNCERTAINTY_MEASURE_WITH_UNIT (LENGTH_MEASURE( 1.000000000000000082E-05 ), #2122, 'distance_accuracy_value', 'NONE');
#11068 = ORIENTED_EDGE ( 'NONE', *, *, #6696, .F. ) ;
#11069 = B_SPLINE_CURVE_WITH_KNOTS ( 'NONE', 3,
 ( #4338, #3450, #11026, #1186, #6551, #10190, #7494 ),
 .UNSPECIFIED., .F., .F.,
 ( 4, 1, 1, 1, 4 ),
 ( 0.0000000000000000000, 0.2500000000000000000, 0.5000000000000000000, 0.7500000000000000000, 1.000000000000000000 ),
 .UNSPECIFIED. ) ;
#11070 = CARTESIAN_POINT ( 'NONE',  ( 2.500000000000000000, 0.0000000000000000000, 0.1250000000000000555 ) ) ;
#11071 = VERTEX_POINT ( 'NONE', #394 ) ;
#11072 = ORIENTED_EDGE ( 'NONE', *, *, #3357, .T. ) ;
#11073 = CARTESIAN_POINT ( 'NONE',  ( 2.157361600948406455, -0.03000000000000001277, -1.362067228433177624 ) ) ;
#11074 = DIRECTION ( 'NONE',  ( 0.0000000000000000000, 0.0000000000000000000, -1.000000000000000000 ) ) ;
#11075 = DIRECTION ( 'NONE',  ( -1.000000000000000000, 0.0000000000000000000, 0.0000000000000000000 ) ) ;
#11076 = ADVANCED_FACE ( 'NONE', ( #4017 ), #7649, .F. ) ;
#11077 = EDGE_LOOP ( 'NONE', ( #8861, #3046, #4234, #3655 ) ) ;
#11078 = DIRECTION ( 'NONE',  ( 0.0000000000000000000, 0.0000000000000000000, 1.000000000000000000 ) ) ;
#11079 = CARTESIAN_POINT ( 'NONE',  ( 0.2450000000000010225, 0.0000000000000000000, -2.100000000000000089 ) ) ;
#11080 = ORIENTED_EDGE ( 'NONE', *, *, #7786, .F. ) ;
#11081 = DIRECTION ( 'NONE',  ( 1.000000000000000000, -0.0000000000000000000, 0.0000000000000000000 ) ) ;
#11082 = CARTESIAN_POINT ( 'NONE',  ( 2.100000000000000089, -0.03000000000000000583, 1.254999999999999893 ) ) ;
#11083 = CARTESIAN_POINT ( 'NONE',  ( 2.313333333333333464, 0.0000000000000000000, -0.3750000000000000000 ) ) ;
#11084 = DIRECTION ( 'NONE',  ( 0.0000000000000000000, 0.0000000000000000000, -1.000000000000000000 ) ) ;
#11085 = CARTESIAN_POINT ( 'NONE',  ( 2.100000000000000089, 0.0000000000000000000, 0.7450000000000009948 ) ) ;
#11086 = EDGE_CURVE ( 'NONE', #10283, #9823, #2815, .T. ) ;
#11087 = PLANE ( 'NONE',  #3470 ) ;
#11088 = VERTEX_POINT ( 'NONE', #11462 ) ;
#11089 = AXIS2_PLACEMENT_3D ( 'NONE', #6739, #2026, #5660 ) ;
#11090 = EDGE_CURVE ( 'NONE', #820, #4430, #5666, .T. ) ;
#11091 = DIRECTION ( 'NONE',  ( 0.0000000000000000000, 0.0000000000000000000, 1.000000000000000000 ) ) ;
#11092 = ORIENTED_EDGE ( 'NONE', *, *, #1712, .T. ) ;
#11093 = LINE ( 'NONE', #1791, #9061 ) ;
#11094 = ORIENTED_EDGE ( 'NONE', *, *, #4420, .T. ) ;
#11095 = ORIENTED_EDGE ( 'NONE', *, *, #11257, .T. ) ;
#11096 = AXIS2_PLACEMENT_3D ( 'NONE', #1176, #2831, #997 ) ;
#11097 = CARTESIAN_POINT ( 'NONE',  ( -1.578553151628609985, 0.9000000000000001332, -0.2121918246879440084 ) ) ;
#11098 = ADVANCED_FACE ( 'NONE', ( #10568 ), #9501, .T. ) ;
#11099 = LINE ( 'NONE', #4059, #7042 ) ;
#11100 = LINE ( 'NONE', #2078, #8108 ) ;
#11101 = EDGE_CURVE ( 'NONE', #7187, #28, #9729, .T. ) ;
#11102 = CARTESIAN_POINT ( 'NONE',  ( -1.885473175945169944, 0.8899999999999991251, 0.2992137922188750077 ) ) ;
#11103 = DIRECTION ( 'NONE',  ( 0.0000000000000000000, 1.000000000000000000, 0.0000000000000000000 ) ) ;
#11104 = ORIENTED_EDGE ( 'NONE', *, *, #11035, .T. ) ;
#11105 = EDGE_CURVE ( 'NONE', #4963, #2809, #11754, .T. ) ;
#11106 = CARTESIAN_POINT ( 'NONE',  ( -2.500223525886114739, 0.1000000000000000333, 0.8750000000000000000 ) ) ;
#11107 = VECTOR ( 'NONE', #7670, 1000.000000000000000 ) ;
#11108 = EDGE_LOOP ( 'NONE', ( #4159, #5532, #11425, #3274, #6744, #10687 ) ) ;
#11109 = ORIENTED_EDGE ( 'NONE', *, *, #5540, .F. ) ;
#11110 = CARTESIAN_POINT ( 'NONE',  ( -2.112932771566822687, -0.03000000000000000930, 1.817638399051593634 ) ) ;
#11111 = CARTESIAN_POINT ( 'NONE',  ( 1.254999999999999893, 0.0000000000000000000, 2.100000000000000089 ) ) ;
#11112 = CARTESIAN_POINT ( 'NONE',  ( 0.6823616009484065881, -0.03000000000000000930, -2.112932771566821799 ) ) ;
#11113 = VERTEX_POINT ( 'NONE', #10628 ) ;
#11114 = CARTESIAN_POINT ( 'NONE',  ( -0.6250000000000000000, 0.0000000000000000000, 2.406666666666666732 ) ) ;
#11115 = FACE_OUTER_BOUND ( 'NONE', #5717, .T. ) ;
#11116 = AXIS2_PLACEMENT_3D ( 'NONE', #2448, #11470, #3298 ) ;
#11117 = CARTESIAN_POINT ( 'NONE',  ( -2.100000000000000089, -0.03000000000000000583, 1.245000000000000329 ) ) ;
#11118 = ORIENTED_EDGE ( 'NONE', *, *, #2799, .F. ) ;
#11119 = CARTESIAN_POINT ( 'NONE',  ( -0.9583333333333333703, 0.0000000000000000000, -2.500000000000000000 ) ) ;
#11120 = ADVANCED_FACE ( 'NONE', ( #9849 ), #10595, .T. ) ;
#11121 = CARTESIAN_POINT ( 'NONE',  ( 2.220000000000000195, 0.0000000000000000000, 1.125000000000000222 ) ) ;
#11122 = VERTEX_POINT ( 'NONE', #3405 ) ;
#11123 = MECHANICAL_DESIGN_GEOMETRIC_PRESENTATION_REPRESENTATION (  '', ( #1028 ), #289 ) ;
#11124 = CARTESIAN_POINT ( 'NONE',  ( 1.041666666666666963, 0.0000000000000000000, 2.500000000000000000 ) ) ;
#11125 = CARTESIAN_POINT ( 'NONE',  ( -1.625000000000000222, 0.0000000000000000000, -2.313333333333333464 ) ) ;
#11126 = ORIENTED_EDGE ( 'NONE', *, *, #3240, .T. ) ;
#11127 = DIRECTION ( 'NONE',  ( 1.000000000000000000, 0.0000000000000000000, -0.0000000000000000000 ) ) ;
#11128 = CARTESIAN_POINT ( 'NONE',  ( -1.125000000000000222, 0.06666666666666669350, 2.500105095651770082 ) ) ;
#11129 = EDGE_CURVE ( 'NONE', #2733, #8783, #2385, .T. ) ;
#11130 = CARTESIAN_POINT ( 'NONE',  ( 1.208333333333333481, 0.1000000000000000056, 2.500105095651770082 ) ) ;
#11131 = DIRECTION ( 'NONE',  ( -0.0000000000000000000, 1.000000000000000000, 0.0000000000000000000 ) ) ;
#11132 = CARTESIAN_POINT ( 'NONE',  ( 2.500000000000000000, 0.0000000000000000000, -0.8750000000000001110 ) ) ;
#11133 = PLANE ( 'NONE',  #1000 ) ;
#11134 = PLANE ( 'NONE',  #2073 ) ;
#11135 = B_SPLINE_CURVE_WITH_KNOTS ( 'NONE', 3,
 ( #7058, #7245, #1700, #756 ),
 .UNSPECIFIED., .F., .F.,
 ( 4, 4 ),
 ( 0.0000000000000000000, 1.000000000000000000 ),
 .UNSPECIFIED. ) ;
#11136 = VERTEX_POINT ( 'NONE', #9968 ) ;
#11137 = SURFACE_STYLE_USAGE ( .BOTH. , #1300 ) ;
#11138 = FACE_BOUND ( 'NONE', #1511, .T. ) ;
#11139 = CARTESIAN_POINT ( 'NONE',  ( 1.178241143838899996, 0.8900000000000000133, 0.3083217570670889751 ) ) ;
#11140 = ORIENTED_EDGE ( 'NONE', *, *, #8482, .T. ) ;
#11141 = CARTESIAN_POINT ( 'NONE',  ( -0.8750000000000000000, 0.1000000000000000056, 2.500105095651770082 ) ) ;
#11142 = CARTESIAN_POINT ( 'NONE',  ( 2.500000000000000000, 0.0000000000000000000, 0.5416666666666662966 ) ) ;
#11143 = ADVANCED_FACE ( 'NONE', ( #2628 ), #852, .T. ) ;
#11144 = ADVANCED_FACE ( 'NONE', ( #7221 ), #9076, .F. ) ;
#11145 = LINE ( 'NONE', #10971, #3224 ) ;
#11146 = CARTESIAN_POINT ( 'NONE',  ( 1.265581375123106200, 0.9000000000000001332, 0.3083217570670812036 ) ) ;
#11147 = ORIENTED_EDGE ( 'NONE', *, *, #9200, .F. ) ;
#11148 = PRESENTATION_LAYER_ASSIGNMENT (  '', '', ( #1438 ) ) ;
#11149 = CARTESIAN_POINT ( 'NONE',  ( -0.2450000000000008005, -0.03000000000000000583, -2.100000000000000089 ) ) ;
#11150 = ORIENTED_EDGE ( 'NONE', *, *, #5112, .T. ) ;
#11151 = CARTESIAN_POINT ( 'NONE',  ( 0.7555727586559100040, 0.9000000000000001332, 0.2650099285898819823 ) ) ;
#11152 = ORIENTED_EDGE ( 'NONE', *, *, #6641, .T. ) ;
#11153 = VECTOR ( 'NONE', #2969, 1000.000000000000000 ) ;
#11154 = ORIENTED_EDGE ( 'NONE', *, *, #9743, .T. ) ;
#11155 = CARTESIAN_POINT ( 'NONE',  ( -0.9920570910971920897, 0.9000000000000001332, 0.0000000000000000000 ) ) ;
#11156 = EDGE_CURVE ( 'NONE', #3942, #2170, #1210, .T. ) ;
#11157 = CARTESIAN_POINT ( 'NONE',  ( 0.7450000000000006617, -0.03000000000000000583, 2.100000000000000089 ) ) ;
#11158 = DIRECTION ( 'NONE',  ( 1.000000000000000000, -0.0000000000000000000, 0.0000000000000000000 ) ) ;
#11159 = CARTESIAN_POINT ( 'NONE',  ( -0.1379327715668224597, -0.0000000000000000000, 2.157361600948406011 ) ) ;
#11160 = CARTESIAN_POINT ( 'NONE',  ( 1.105261380706687557, 0.9000000000000002442, 0.1329611854825990258 ) ) ;
#11161 = CARTESIAN_POINT ( 'NONE',  ( -0.2549999999999990052, 0.0000000000000000000, -2.100000000000000089 ) ) ;
#11162 = LINE ( 'NONE', #8162, #6864 ) ;
#11163 = ORIENTED_EDGE ( 'NONE', *, *, #8409, .F. ) ;
#11164 = DIRECTION ( 'NONE',  ( -0.0000000000000000000, -1.000000000000000000, 0.0000000000000000000 ) ) ;
#11165 = AXIS2_PLACEMENT_3D ( 'NONE', #6960, #8758, #6795 ) ;
#11166 = VECTOR ( 'NONE', #5763, 1000.000000000000000 ) ;
#11167 = ORIENTED_EDGE ( 'NONE', *, *, #8116, .F. ) ;
#11168 = VERTEX_POINT ( 'NONE', #1862 ) ;
#11169 = EDGE_CURVE ( 'NONE', #1543, #7838, #9189, .T. ) ;
#11170 = FACE_OUTER_BOUND ( 'NONE', #390, .T. ) ;
#11171 = CARTESIAN_POINT ( 'NONE',  ( 1.875000000000000222, 0.1000000000000000194, -2.500052547825884819 ) ) ;
#11172 = SURFACE_STYLE_FILL_AREA ( #6809 ) ;
#11173 = ADVANCED_FACE ( 'NONE', ( #5665 ), #6968, .T. ) ;
#11174 = ORIENTED_EDGE ( 'NONE', *, *, #2745, .T. ) ;
#11175 = FACE_OUTER_BOUND ( 'NONE', #10514, .T. ) ;
#11176 = AXIS2_PLACEMENT_3D ( 'NONE', #11250, #2107, #6704 ) ;
#11177 = ORIENTED_EDGE ( 'NONE', *, *, #161, .F. ) ;
#11178 = CARTESIAN_POINT ( 'NONE',  ( 0.3750000000000000000, 0.1000000000000000056, -2.500105095651770082 ) ) ;
#11179 = VERTEX_POINT ( 'NONE', #11048 ) ;
#11180 = DIRECTION ( 'NONE',  ( -0.0000000000000000000, 1.000000000000000000, -0.0000000000000000000 ) ) ;
#11181 = CARTESIAN_POINT ( 'NONE',  ( -2.220000000000000195, 0.0000000000000000000, 0.8750000000000001110 ) ) ;
#11182 = CARTESIAN_POINT ( 'NONE',  ( -2.188584073464102442, 0.0000000000000000000, 1.125000000000000444 ) ) ;
#11183 = ORIENTED_EDGE ( 'NONE', *, *, #9263, .F. ) ;
#11184 = CARTESIAN_POINT ( 'NONE',  ( 1.000909311221620079, 0.8900000000000000133, -0.2953164364386607343 ) ) ;
#11185 = FACE_OUTER_BOUND ( 'NONE', #5221, .T. ) ;
#11186 = LINE ( 'NONE', #7428, #9908 ) ;
#11187 = B_SPLINE_CURVE_WITH_KNOTS ( 'NONE', 3,
 ( #2860, #6503, #1142, #11102, #4759, #9304, #4877, #2973, #3035, #2140 ),
 .UNSPECIFIED., .F., .F.,
 ( 4, 1, 1, 1, 1, 1, 1, 4 ),
 ( 0.0000000000000000000, 0.2500000000000000000, 0.3750000000000000000, 0.5000000000000000000, 0.6250000000000000000, 0.7500000000000000000, 0.8750000000000000000, 1.000000000000000000 ),
 .UNSPECIFIED. ) ;
#11188 = DIRECTION ( 'NONE',  ( -0.0000000000000000000, 0.0000000000000000000, -1.000000000000000000 ) ) ;
#11189 = B_SPLINE_CURVE_WITH_KNOTS ( 'NONE', 3,
 ( #3568, #8017, #10728, #2606 ),
 .UNSPECIFIED., .F., .F.,
 ( 4, 4 ),
 ( 0.0000000000000000000, 1.000000000000000000 ),
 .UNSPECIFIED. ) ;
#11190 = CARTESIAN_POINT ( 'NONE',  ( 2.100000000000000089, 0.0000000000000000000, 0.7549999999999990052 ) ) ;
#11191 =( NAMED_UNIT ( * ) PLANE_ANGLE_UNIT ( ) SI_UNIT ( $, .RADIAN. ) );
#11192 = ORIENTED_EDGE ( 'NONE', *, *, #8638, .T. ) ;
#11193 = EDGE_CURVE ( 'NONE', #10678, #2108, #1974, .T. ) ;
#11194 = SURFACE_STYLE_FILL_AREA ( #8500 ) ;
#11195 = VECTOR ( 'NONE', #5459, 1000.000000000000000 ) ;
#11196 = CARTESIAN_POINT ( 'NONE',  ( -1.479623600755409996, 0.9000000000000015765, 0.1572478114445549913 ) ) ;
#11197 = DIRECTION ( 'NONE',  ( 0.0000000000000000000, 0.0000000000000000000, 1.000000000000000000 ) ) ;
#11198 = VERTEX_POINT ( 'NONE', #9132 ) ;
#11199 = DIRECTION ( 'NONE',  ( -1.000000000000000000, 0.0000000000000000000, -0.0000000000000000000 ) ) ;
#11200 = CARTESIAN_POINT ( 'NONE',  ( -2.500447051772229923, 0.1000000000000000056, 1.708333333333333481 ) ) ;
#11201 = CARTESIAN_POINT ( 'NONE',  ( 2.500000000000000000, 0.0000000000000000000, -0.3750000000000000000 ) ) ;
#11202 = CARTESIAN_POINT ( 'NONE',  ( 2.000000000000000000, 0.8900000000000000133, 2.000000000000000000 ) ) ;
#11203 = CARTESIAN_POINT ( 'NONE',  ( 2.500447051772229923, 0.1000000000000000056, 1.125000000000000222 ) ) ;
#11204 = CARTESIAN_POINT ( 'NONE',  ( 1.625000000000000222, 0.0000000000000000000, 2.220000000000000195 ) ) ;
#11205 = ORIENTED_EDGE ( 'NONE', *, *, #4595, .F. ) ;
#11206 = AXIS2_PLACEMENT_3D ( 'NONE', #10088, #4534, #5555 ) ;
#11207 = VECTOR ( 'NONE', #9659, 1000.000000000000000 ) ;
#11208 = EDGE_CURVE ( 'NONE', #1178, #2882, #5732, .T. ) ;
#11209 = FACE_OUTER_BOUND ( 'NONE', #5399, .T. ) ;
#11210 = VERTEX_POINT ( 'NONE', #10268 ) ;
#11211 = B_SPLINE_CURVE_WITH_KNOTS ( 'NONE', 3,
 ( #7854, #1604, #11322, #5824, #6835, #2177 ),
 .UNSPECIFIED., .F., .F.,
 ( 4, 2, 4 ),
 ( 0.0000000000000000000, 0.5000000000000000000, 1.000000000000000000 ),
 .UNSPECIFIED. ) ;
#11212 = PRESENTATION_STYLE_ASSIGNMENT (( #8581 ) ) ;
#11213 = VERTEX_POINT ( 'NONE', #11106 ) ;
#11214 = ORIENTED_EDGE ( 'NONE', *, *, #10771, .T. ) ;
#11215 = CARTESIAN_POINT ( 'NONE',  ( -0.7483565433187380211, 0.8900000000000000133, -0.1394566969803849865 ) ) ;
#11216 = CARTESIAN_POINT ( 'NONE',  ( 2.100000000000000089, -0.03000000000000000583, -1.745000000000000329 ) ) ;
#11217 = DIRECTION ( 'NONE',  ( -0.0000000000000000000, -1.000000000000000000, 0.0000000000000000000 ) ) ;
#11218 = VECTOR ( 'NONE', #2038, 1000.000000000000000 ) ;
#11219 = CARTESIAN_POINT ( 'NONE',  ( -1.745000000000000329, 0.1000000000000000056, 2.100000000000000089 ) ) ;
#11220 = CARTESIAN_POINT ( 'NONE',  ( 0.6149143978971285396, 0.9000000000000002442, 0.2555006461984729027 ) ) ;
#11221 = CARTESIAN_POINT ( 'NONE',  ( -0.2864159265358970363, 0.0000000000000000000, -2.100000000000000533 ) ) ;
#11222 = FILL_AREA_STYLE ('',( #7691 ) ) ;
#11223 = VERTEX_POINT ( 'NONE', #4591 ) ;
#11224 = B_SPLINE_CURVE_WITH_KNOTS ( 'NONE', 3,
 ( #6876, #9393, #7706, #3115 ),
 .UNSPECIFIED., .F., .F.,
 ( 4, 4 ),
 ( 0.0000000000000000000, 1.000000000000000000 ),
 .UNSPECIFIED. ) ;
#11225 = CARTESIAN_POINT ( 'NONE',  ( -1.966007182393600283, 0.8900000000000000133, -0.3316052058057050167 ) ) ;
#11226 = VERTEX_POINT ( 'NONE', #6571 ) ;
#11227 = EDGE_CURVE ( 'NONE', #7192, #652, #10492, .T. ) ;
#11228 = STYLED_ITEM ( 'NONE', ( #10099 ), #10267 ) ;
#11229 = ORIENTED_EDGE ( 'NONE', *, *, #5475, .F. ) ;
#11230 = PRESENTATION_LAYER_ASSIGNMENT (  '', '', ( #9880 ) ) ;
#11231 = CARTESIAN_POINT ( 'NONE',  ( -2.500447051772229923, -0.03000000000000000930, -0.3750000000000000555 ) ) ;
#11232 = VERTEX_POINT ( 'NONE', #8408 ) ;
#11233 =( LENGTH_UNIT ( ) NAMED_UNIT ( * ) SI_UNIT ( .MILLI., .METRE. ) );
#11234 = DIRECTION ( 'NONE',  ( 0.0000000000000000000, 0.0000000000000000000, 1.000000000000000000 ) ) ;
#11235 = STYLED_ITEM ( 'NONE', ( #3871 ), #367 ) ;
#11236 = CARTESIAN_POINT ( 'NONE',  ( 1.395526597277698011, 0.8900000000000000133, -0.2421347249779584321 ) ) ;
#11237 = LINE ( 'NONE', #6871, #5682 ) ;
#11238 = CARTESIAN_POINT ( 'NONE',  ( 2.100000000000000089, -0.03000000000000000583, -0.7450000000000009948 ) ) ;
#11239 = ORIENTED_EDGE ( 'NONE', *, *, #11169, .F. ) ;
#11240 =( GEOMETRIC_REPRESENTATION_CONTEXT ( 3 ) GLOBAL_UNCERTAINTY_ASSIGNED_CONTEXT ( ( #1206 ) ) GLOBAL_UNIT_ASSIGNED_CONTEXT ( ( #2277, #5018, #622 ) ) REPRESENTATION_CONTEXT ( 'NONE', 'WORKASPACE' ) );
#11241 = PRESENTATION_LAYER_ASSIGNMENT (  '', '', ( #3803 ) ) ;
#11242 = FACE_OUTER_BOUND ( 'NONE', #25, .T. ) ;
#11243 = EDGE_CURVE ( 'NONE', #9436, #4821, #6015, .T. ) ;
#11244 = FACE_OUTER_BOUND ( 'NONE', #603, .T. ) ;
#11245 = EDGE_CURVE ( 'NONE', #7260, #7277, #9545, .T. ) ;
#11246 = ORIENTED_EDGE ( 'NONE', *, *, #10317, .F. ) ;
#11247 = ORIENTED_EDGE ( 'NONE', *, *, #5788, .T. ) ;
#11248 = AXIS2_PLACEMENT_3D ( 'NONE', #7946, #4325, #1767 ) ;
#11249 = CARTESIAN_POINT ( 'NONE',  ( -0.2450000000000005229, -0.03000000000000000583, 2.100000000000000089 ) ) ;
#11250 = CARTESIAN_POINT ( 'NONE',  ( -2.220000000000000195, 0.1000000000000000056, 1.875000000000000000 ) ) ;
#11251 = ORIENTED_EDGE ( 'NONE', *, *, #8836, .F. ) ;
#11252 = FACE_OUTER_BOUND ( 'NONE', #6462, .T. ) ;
#11253 = CARTESIAN_POINT ( 'NONE',  ( -0.3749999999999998890, 0.03333333333333334675, -2.500105095651770082 ) ) ;
#11254 = FACE_OUTER_BOUND ( 'NONE', #8622, .T. ) ;
#11255 = VECTOR ( 'NONE', #11376, 1000.000000000000000 ) ;
#11256 = CARTESIAN_POINT ( 'NONE',  ( -1.073640129337579907, 0.8900000000000000133, 0.2119030800701119932 ) ) ;
#11257 = EDGE_CURVE ( 'NONE', #8823, #2878, #9597, .T. ) ;
#11258 = DIRECTION ( 'NONE',  ( 0.0000000000000000000, 0.0000000000000000000, -1.000000000000000000 ) ) ;
#11259 =( GEOMETRIC_REPRESENTATION_CONTEXT ( 3 ) GLOBAL_UNCERTAINTY_ASSIGNED_CONTEXT ( ( #8 ) ) GLOBAL_UNIT_ASSIGNED_CONTEXT ( ( #10858, #3508, #10067 ) ) REPRESENTATION_CONTEXT ( 'NONE', 'WORKASPACE' ) );
#11260 = PLANE ( 'NONE',  #3983 ) ;
#11261 = VECTOR ( 'NONE', #2778, 1000.000000000000000 ) ;
#11262 = EDGE_CURVE ( 'NONE', #3951, #946, #4499, .T. ) ;
#11263 = ORIENTED_EDGE ( 'NONE', *, *, #1390, .T. ) ;
#11264 = FACE_OUTER_BOUND ( 'NONE', #1636, .T. ) ;
#11265 = DIRECTION ( 'NONE',  ( 1.000000000000000000, 0.0000000000000000000, -0.0000000000000000000 ) ) ;
#11266 = VERTEX_POINT ( 'NONE', #10504 ) ;
#11267 = CARTESIAN_POINT ( 'NONE',  ( -1.061077176307170244, 0.8950000000000000178, 0.1447185921249100060 ) ) ;
#11268 = FILL_AREA_STYLE_COLOUR ( '', #1905 ) ;
#11269 = CARTESIAN_POINT ( 'NONE',  ( 1.254999999999999893, -0.03000000000000000583, 2.100000000000000089 ) ) ;
#11270 =( NAMED_UNIT ( * ) SI_UNIT ( $, .STERADIAN. ) SOLID_ANGLE_UNIT ( ) );
#11271 = ORIENTED_EDGE ( 'NONE', *, *, #7980, .F. ) ;
#11272 = CARTESIAN_POINT ( 'NONE',  ( 2.406666666666666732, 0.0000000000000000000, 1.625000000000000222 ) ) ;
#11273 = ADVANCED_FACE ( 'NONE', ( #4123 ), #8591, .T. ) ;
#11274 = PLANE ( 'NONE',  #3659 ) ;
#11275 = ORIENTED_EDGE ( 'NONE', *, *, #7119, .T. ) ;
#11276 = ADVANCED_FACE ( 'NONE', ( #6689 ), #7800, .F. ) ;
#11277 = CARTESIAN_POINT ( 'NONE',  ( -0.5664332323023040239, 0.8900000000000000133, 0.3083217570670889751 ) ) ;
#11278 = ORIENTED_EDGE ( 'NONE', *, *, #303, .F. ) ;
#11279 = DIRECTION ( 'NONE',  ( 1.000000000000000000, 0.0000000000000000000, -0.0000000000000000000 ) ) ;
#11280 = VERTEX_POINT ( 'NONE', #10447 ) ;
#11281 = ORIENTED_EDGE ( 'NONE', *, *, #6889, .T. ) ;
#11282 = CARTESIAN_POINT ( 'NONE',  ( 2.220000000000000195, 0.0000000000000000000, -0.6250000000000000000 ) ) ;
#11283 = CARTESIAN_POINT ( 'NONE',  ( 2.500447051772229923, -0.03000000000000000930, 0.6250000000000000000 ) ) ;
#11284 = LINE ( 'NONE', #11219, #7625 ) ;
#11285 = LINE ( 'NONE', #9892, #3744 ) ;
#11286 = EDGE_CURVE ( 'NONE', #597, #11475, #7766, .T. ) ;
#11287 = VECTOR ( 'NONE', #4942, 1000.000000000000000 ) ;
#11288 = FACE_OUTER_BOUND ( 'NONE', #2752, .T. ) ;
#11289 = DIRECTION ( 'NONE',  ( 0.0000000000000000000, 0.0000000000000000000, -1.000000000000000000 ) ) ;
#11290 = CARTESIAN_POINT ( 'NONE',  ( -1.139044309599930083, 0.8900000000000000133, 0.1310849950463950087 ) ) ;
#11291 = ORIENTED_EDGE ( 'NONE', *, *, #2905, .F. ) ;
#11292 = ORIENTED_EDGE ( 'NONE', *, *, #10074, .F. ) ;
#11293 = CARTESIAN_POINT ( 'NONE',  ( -2.220000000000000195, 0.0000000000000000000, 1.125000000000000222 ) ) ;
#11294 = CARTESIAN_POINT ( 'NONE',  ( -2.100000000000000089, 0.1000000000000000056, -1.245000000000000329 ) ) ;
#11295 = B_SPLINE_CURVE_WITH_KNOTS ( 'NONE', 3,
 ( #7522, #8599, #496, #6749 ),
 .UNSPECIFIED., .F., .F.,
 ( 4, 4 ),
 ( 0.0000000000000000000, 1.000000000000000000 ),
 .UNSPECIFIED. ) ;
#11296 = CARTESIAN_POINT ( 'NONE',  ( 2.500447051772229923, -0.03000000000000000930, -1.125000000000000222 ) ) ;
#11297 = CARTESIAN_POINT ( 'NONE',  ( -1.754999999999999893, -0.03000000000000000583, -2.100000000000000089 ) ) ;
#11298 = EDGE_CURVE ( 'NONE', #9581, #4317, #11504, .T. ) ;
#11299 =( NAMED_UNIT ( * ) PLANE_ANGLE_UNIT ( ) SI_UNIT ( $, .RADIAN. ) );
#11300 = EDGE_CURVE ( 'NONE', #4927, #5408, #3664, .T. ) ;
#11301 = EDGE_LOOP ( 'NONE', ( #7271, #7285, #9427, #2087 ) ) ;
#11302 = FACE_OUTER_BOUND ( 'NONE', #10527, .T. ) ;
#11303 = VECTOR ( 'NONE', #1065, 1000.000000000000000 ) ;
#11304 = CARTESIAN_POINT ( 'NONE',  ( -1.875000000000000000, 0.0000000000000000000, -2.220000000000000195 ) ) ;
#11305 = CARTESIAN_POINT ( 'NONE',  ( 1.541666666666666741, 0.0000000000000000000, 2.500000000000000000 ) ) ;
#11306 = MECHANICAL_DESIGN_GEOMETRIC_PRESENTATION_REPRESENTATION (  '', ( #4431 ), #6140 ) ;
#11307 = CARTESIAN_POINT ( 'NONE',  ( -2.500223525886114739, 0.1000000000000000194, -0.1250000000000000555 ) ) ;
#11308 = CARTESIAN_POINT ( 'NONE',  ( -2.220000000000000195, -0.03000000000000000930, -1.875000000000000000 ) ) ;
#11309 = ORIENTED_EDGE ( 'NONE', *, *, #10995, .T. ) ;
#11310 = CARTESIAN_POINT ( 'NONE',  ( -1.125000000000000222, 0.1000000000000000194, 2.500052547825884819 ) ) ;
#11311 = CARTESIAN_POINT ( 'NONE',  ( -1.555721120312040018, 0.8950000000000001288, 0.1251202963245451882 ) ) ;
#11312 = EDGE_CURVE ( 'NONE', #8993, #3747, #11771, .T. ) ;
#11313 = DIRECTION ( 'NONE',  ( 0.0000000000000000000, 0.0000000000000000000, -1.000000000000000000 ) ) ;
#11314 = ORIENTED_EDGE ( 'NONE', *, *, #7590, .T. ) ;
#11315 = CARTESIAN_POINT ( 'NONE',  ( 2.100000000000000089, -0.03000000000000000583, -1.254999999999999893 ) ) ;
#11316 = ADVANCED_FACE ( 'NONE', ( #9009 ), #6069, .T. ) ;
#11317 = EDGE_CURVE ( 'NONE', #8039, #4037, #10733, .T. ) ;
#11318 = CARTESIAN_POINT ( 'NONE',  ( -2.100000000000000089, 0.1000000000000000056, -0.7450000000000009948 ) ) ;
#11319 = CARTESIAN_POINT ( 'NONE',  ( -1.245000000000000329, -0.03000000000000000583, -2.100000000000000089 ) ) ;
#11320 = ORIENTED_EDGE ( 'NONE', *, *, #969, .F. ) ;
#11321 = FACE_OUTER_BOUND ( 'NONE', #142, .T. ) ;
#11322 = CARTESIAN_POINT ( 'NONE',  ( 2.112932771566823131, -0.03000000000000001277, 1.817638399051593856 ) ) ;
#11323 = EDGE_CURVE ( 'NONE', #2279, #4927, #2935, .T. ) ;
#11324 = CARTESIAN_POINT ( 'NONE',  ( -1.786415926535897869, 0.0000000000000000000, -2.100000000000000533 ) ) ;
#11325 = ORIENTED_EDGE ( 'NONE', *, *, #7934, .F. ) ;
#11326 = LINE ( 'NONE', #4157, #2043 ) ;
#11327 = ORIENTED_EDGE ( 'NONE', *, *, #10807, .T. ) ;
#11328 = VECTOR ( 'NONE', #11437, 1000.000000000000000 ) ;
#11329 = DIRECTION ( 'NONE',  ( 0.0000000000000000000, 0.0000000000000000000, -1.000000000000000000 ) ) ;
#11330 = B_SPLINE_CURVE_WITH_KNOTS ( 'NONE', 3,
 ( #1839, #948, #889, #9168, #8074, #5356 ),
 .UNSPECIFIED., .F., .F.,
 ( 4, 2, 4 ),
 ( 0.0000000000000000000, 0.5000000000000000000, 1.000000000000000000 ),
 .UNSPECIFIED. ) ;
#11331 = VERTEX_POINT ( 'NONE', #5366 ) ;
#11332 = CARTESIAN_POINT ( 'NONE',  ( 2.220000000000000195, 0.1000000000000000056, 1.625000000000000222 ) ) ;
#11333 = ORIENTED_EDGE ( 'NONE', *, *, #4755, .T. ) ;
#11334 = CARTESIAN_POINT ( 'NONE',  ( -2.500000000000000000, 0.0000000000000000000, -1.375000000000000000 ) ) ;
#11335 = EDGE_CURVE ( 'NONE', #10157, #2479, #2670, .T. ) ;
#11336 = LINE ( 'NONE', #8759, #9896 ) ;
#11337 = CARTESIAN_POINT ( 'NONE',  ( 0.04166666666666667129, 0.0000000000000000000, -2.500000000000000000 ) ) ;
#11338 = ORIENTED_EDGE ( 'NONE', *, *, #6866, .F. ) ;
#11339 =( LENGTH_UNIT ( ) NAMED_UNIT ( * ) SI_UNIT ( .MILLI., .METRE. ) );
#11340 = ORIENTED_EDGE ( 'NONE', *, *, #4464, .F. ) ;
#11341 = EDGE_CURVE ( 'NONE', #11707, #3643, #11211, .T. ) ;
#11342 = VECTOR ( 'NONE', #3089, 1000.000000000000000 ) ;
#11343 = ORIENTED_EDGE ( 'NONE', *, *, #9289, .T. ) ;
#11344 = CARTESIAN_POINT ( 'NONE',  ( -1.398138699575159904, 0.8900000000000000133, -0.3477824238403219859 ) ) ;
#11345 = DIRECTION ( 'NONE',  ( 0.0000000000000000000, 0.0000000000000000000, 1.000000000000000000 ) ) ;
#11346 = CARTESIAN_POINT ( 'NONE',  ( -0.6478087648646909669, 0.8900000000000000133, -0.3316052058057050167 ) ) ;
#11347 = LINE ( 'NONE', #6811, #1130 ) ;
#11348 = CARTESIAN_POINT ( 'NONE',  ( -0.2549999999999990052, -0.03000000000000000583, -2.100000000000000089 ) ) ;
#11349 = AXIS2_PLACEMENT_3D ( 'NONE', #3506, #5287, #2602 ) ;
#11350 = DIRECTION ( 'NONE',  ( 0.0000000000000000000, 0.0000000000000000000, -1.000000000000000000 ) ) ;
#11351 = ORIENTED_EDGE ( 'NONE', *, *, #11312, .F. ) ;
#11352 = EDGE_CURVE ( 'NONE', #2924, #180, #8922, .T. ) ;
#11353 = ADVANCED_FACE ( 'NONE', ( #8569 ), #4211, .T. ) ;
#11354 = ORIENTED_EDGE ( 'NONE', *, *, #7897, .F. ) ;
#11355 = B_SPLINE_CURVE_WITH_KNOTS ( 'NONE', 3,
 ( #4923, #11324, #3312, #6780, #471, #3135 ),
 .UNSPECIFIED., .F., .F.,
 ( 4, 2, 4 ),
 ( 0.0000000000000000000, 0.5000000000000000000, 1.000000000000000000 ),
 .UNSPECIFIED. ) ;
#11356 = CARTESIAN_POINT ( 'NONE',  ( -2.100000000000000089, 0.1000000000000000056, -1.754999999999999893 ) ) ;
#11357 = VECTOR ( 'NONE', #3535, 1000.000000000000000 ) ;
#11358 = DIRECTION ( 'NONE',  ( 0.0000000000000000000, 0.0000000000000000000, -1.000000000000000000 ) ) ;
#11359 = ORIENTED_EDGE ( 'NONE', *, *, #5608, .F. ) ;
#11360 = CARTESIAN_POINT ( 'NONE',  ( -2.220000000000000195, -0.03000000000000000583, 0.1250000000000000000 ) ) ;
#11361 = LINE ( 'NONE', #3178, #8036 ) ;
#11362 = CARTESIAN_POINT ( 'NONE',  ( 2.220000000000000195, -0.03000000000000000930, -1.625000000000000222 ) ) ;
#11363 = DIRECTION ( 'NONE',  ( -1.000000000000000000, 0.0000000000000000000, 0.0000000000000000000 ) ) ;
#11364 = CARTESIAN_POINT ( 'NONE',  ( 2.100000000000000533, 0.0000000000000000000, 0.7135840734641026861 ) ) ;
#11365 = STYLED_ITEM ( 'NONE', ( #9480 ), #6534 ) ;
#11366 = B_SPLINE_CURVE_WITH_KNOTS ( 'NONE', 3,
 ( #7793, #11557, #10375, #11443, #9478, #7849 ),
 .UNSPECIFIED., .F., .F.,
 ( 4, 2, 4 ),
 ( 0.0000000000000000000, 0.5000000000000000000, 1.000000000000000000 ),
 .UNSPECIFIED. ) ;
#11367 = ORIENTED_EDGE ( 'NONE', *, *, #397, .F. ) ;
#11368 = EDGE_CURVE ( 'NONE', #1136, #4348, #5157, .T. ) ;
#11369 = CARTESIAN_POINT ( 'NONE',  ( -2.499999999999999556, 0.0000000000000000000, 0.6250000000000000000 ) ) ;
#11370 = CARTESIAN_POINT ( 'NONE',  ( 1.625000000000000000, -0.03000000000000000930, -2.188584073464102442 ) ) ;
#11371 =( LENGTH_UNIT ( ) NAMED_UNIT ( * ) SI_UNIT ( .MILLI., .METRE. ) );
#11372 = ORIENTED_EDGE ( 'NONE', *, *, #7549, .F. ) ;
#11373 = CARTESIAN_POINT ( 'NONE',  ( -1.213584073464102353, 0.0000000000000000000, -2.100000000000000089 ) ) ;
#11374 = PLANE ( 'NONE',  #9705 ) ;
#11375 = CARTESIAN_POINT ( 'NONE',  ( -1.215319232939700012, 0.8900000000000000133, -0.3053677086611230052 ) ) ;
#11376 = DIRECTION ( 'NONE',  ( 0.0000000000000000000, 1.000000000000000000, -0.0000000000000000000 ) ) ;
#11377 = VERTEX_POINT ( 'NONE', #9689 ) ;
#11378 = CARTESIAN_POINT ( 'NONE',  ( -2.220000000000000195, 0.1000000000000000056, 1.745000000000000329 ) ) ;
#11379 = DIRECTION ( 'NONE',  ( -1.000000000000000000, 0.0000000000000000000, 0.0000000000000000000 ) ) ;
#11380 = ORIENTED_EDGE ( 'NONE', *, *, #10169, .T. ) ;
#11381 = EDGE_CURVE ( 'NONE', #2266, #11226, #9575, .T. ) ;
#11382 = UNCERTAINTY_MEASURE_WITH_UNIT (LENGTH_MEASURE( 1.000000000000000082E-05 ), #1480, 'distance_accuracy_value', 'NONE');
#11383 = AXIS2_PLACEMENT_3D ( 'NONE', #8673, #514, #4143 ) ;
#11384 = EDGE_CURVE ( 'NONE', #10779, #6254, #973, .T. ) ;
#11385 = CARTESIAN_POINT ( 'NONE',  ( 2.220000000000000195, 0.0000000000000000000, 0.3750000000000000000 ) ) ;
#11386 = ORIENTED_EDGE ( 'NONE', *, *, #2613, .F. ) ;
#11387 = CARTESIAN_POINT ( 'NONE',  ( 1.047178013952730025, 0.8900000000000000133, -0.2172683308910660083 ) ) ;
#11388 = EDGE_LOOP ( 'NONE', ( #5031, #6955, #10373, #9573 ) ) ;
#11389 = ORIENTED_EDGE ( 'NONE', *, *, #1650, .T. ) ;
#11390 = LINE ( 'NONE', #8584, #10213 ) ;
#11391 = CARTESIAN_POINT ( 'NONE',  ( -0.3750000000000000000, -0.03000000000000000583, 2.220000000000000195 ) ) ;
#11392 = CARTESIAN_POINT ( 'NONE',  ( -1.636670602965730081, 0.8900000000000000133, 0.1161732482417699996 ) ) ;
#11393 = STYLED_ITEM ( 'NONE', ( #8115 ), #7498 ) ;
#11394 = DIRECTION ( 'NONE',  ( 0.0000000000000000000, -1.000000000000000000, -0.0000000000000000000 ) ) ;
#11395 = SURFACE_SIDE_STYLE ('',( #11446 ) ) ;
#11396 = DIRECTION ( 'NONE',  ( 0.0000000000000000000, 1.000000000000000000, 0.0000000000000000000 ) ) ;
#11397 = ORIENTED_EDGE ( 'NONE', *, *, #6601, .T. ) ;
#11398 = PRESENTATION_LAYER_ASSIGNMENT (  '', '', ( #5672 ) ) ;
#11399 = EDGE_CURVE ( 'NONE', #11113, #1668, #1952, .T. ) ;
#11400 = CYLINDRICAL_SURFACE ( 'NONE', #9619, 0.1199999999999999956 ) ;
#11401 = VECTOR ( 'NONE', #6092, 1000.000000000000000 ) ;
#11402 = CARTESIAN_POINT ( 'NONE',  ( -1.354625563403949906, 0.8900000000000000133, 0.01392127015290760099 ) ) ;
#11403 = CARTESIAN_POINT ( 'NONE',  ( -0.1249999999999999722, -0.03000000000000000930, 2.188584073464102442 ) ) ;
#11404 = SURFACE_STYLE_FILL_AREA ( #4959 ) ;
#11405 = ADVANCED_FACE ( 'NONE', ( #9631 ), #2235, .T. ) ;
#11406 = CARTESIAN_POINT ( 'NONE',  ( -2.500447051772229923, 0.1000000000000000056, -1.375000000000000000 ) ) ;
#11407 = STYLED_ITEM ( 'NONE', ( #9963 ), #8803 ) ;
#11408 = ORIENTED_EDGE ( 'NONE', *, *, #984, .F. ) ;
#11409 = LINE ( 'NONE', #5869, #890 ) ;
#11410 = VECTOR ( 'NONE', #11516, 1000.000000000000000 ) ;
#11411 = ORIENTED_EDGE ( 'NONE', *, *, #10044, .F. ) ;
#11412 = CARTESIAN_POINT ( 'NONE',  ( 0.7364273885132770481, 0.8899999999999999023, -0.2532120226042439692 ) ) ;
#11413 = CARTESIAN_POINT ( 'NONE',  ( 0.5248075435062264926, 0.8900000000000001243, -0.1372390897981231594 ) ) ;
#11414 = VECTOR ( 'NONE', #5618, 1000.000000000000000 ) ;
#11415 = DIRECTION ( 'NONE',  ( -1.000000000000000000, 0.0000000000000000000, 0.0000000000000000000 ) ) ;
#11416 = CARTESIAN_POINT ( 'NONE',  ( 0.01512489307809719921, 0.9000000000000001332, -0.04018706825244849901 ) ) ;
#11417 = ADVANCED_FACE ( 'NONE', ( #5889 ), #9526, .T. ) ;
#11418 = COLOUR_RGB ( '',1.000000000000000000, 1.000000000000000000, 1.000000000000000000 ) ;
#11419 = CARTESIAN_POINT ( 'NONE',  ( 2.188584073464102442, 0.0000000000000000000, -1.625000000000000000 ) ) ;
#11420 = STYLED_ITEM ( 'NONE', ( #10933 ), #11173 ) ;
#11421 = ORIENTED_EDGE ( 'NONE', *, *, #7020, .F. ) ;
#11422 = DIRECTION ( 'NONE',  ( -0.0000000000000000000, -1.000000000000000000, -0.0000000000000000000 ) ) ;
#11423 = CARTESIAN_POINT ( 'NONE',  ( -2.188584073464102442, 0.0000000000000000000, -0.6250000000000000000 ) ) ;
#11424 = FACE_OUTER_BOUND ( 'NONE', #9955, .T. ) ;
#11425 = ORIENTED_EDGE ( 'NONE', *, *, #7879, .F. ) ;
#11426 = CARTESIAN_POINT ( 'NONE',  ( 1.875000000000000000, 0.1000000000000000056, -2.500105095651770082 ) ) ;
#11427 = SURFACE_STYLE_USAGE ( .BOTH. , #7777 ) ;
#11428 = LINE ( 'NONE', #9632, #1630 ) ;
#11429 = DIRECTION ( 'NONE',  ( 0.0000000000000000000, -0.0000000000000000000, 1.000000000000000000 ) ) ;
#11430 = ORIENTED_EDGE ( 'NONE', *, *, #961, .T. ) ;
#11431 = VECTOR ( 'NONE', #1227, 1000.000000000000000 ) ;
#11432 = CARTESIAN_POINT ( 'NONE',  ( 0.7450000000000006617, 0.0000000000000000000, 2.100000000000000089 ) ) ;
#11433 = ADVANCED_FACE ( 'NONE', ( #6047 ), #4154, .T. ) ;
#11434 = SURFACE_STYLE_USAGE ( .BOTH. , #8576 ) ;
#11435 = ADVANCED_FACE ( 'NONE', ( #4921 ), #11374, .F. ) ;
#11436 = ORIENTED_EDGE ( 'NONE', *, *, #4978, .F. ) ;
#11437 = DIRECTION ( 'NONE',  ( -0.0000000000000000000, -1.000000000000000000, -0.0000000000000000000 ) ) ;
#11438 = EDGE_LOOP ( 'NONE', ( #3025, #160, #7276, #4551 ) ) ;
#11439 = FILL_AREA_STYLE_COLOUR ( '', #3529 ) ;
#11440 = VERTEX_POINT ( 'NONE', #419 ) ;
#11441 = ADVANCED_FACE ( 'NONE', ( #7613 ), #7671, .T. ) ;
#11442 = CARTESIAN_POINT ( 'NONE',  ( -2.100000000000000089, 0.0000000000000000000, 0.2483333333333336834 ) ) ;
#11443 = CARTESIAN_POINT ( 'NONE',  ( -2.157361600948406011, -0.03000000000000000930, -1.362067228433177402 ) ) ;
#11444 = DIRECTION ( 'NONE',  ( 0.0000000000000000000, 0.0000000000000000000, -1.000000000000000000 ) ) ;
#11445 = CARTESIAN_POINT ( 'NONE',  ( 2.500447051772229923, 0.1000000000000000056, 1.791666666666666741 ) ) ;
#11446 = SURFACE_STYLE_FILL_AREA ( #437 ) ;
#11447 = ADVANCED_FACE ( 'NONE', ( #8986 ), #7999, .T. ) ;
#11448 = ORIENTED_EDGE ( 'NONE', *, *, #8352, .T. ) ;
#11449 = EDGE_LOOP ( 'NONE', ( #1848, #6237, #1701, #6268 ) ) ;
#11450 = DIRECTION ( 'NONE',  ( -1.000000000000000000, 0.0000000000000000000, -0.0000000000000000000 ) ) ;
#11451 = ORIENTED_EDGE ( 'NONE', *, *, #1808, .F. ) ;
#11452 = EDGE_CURVE ( 'NONE', #6393, #6511, #8343, .T. ) ;
#11453 = CARTESIAN_POINT ( 'NONE',  ( -1.745000000000000551, 0.0000000000000000000, -2.100000000000000089 ) ) ;
#11454 = DIRECTION ( 'NONE',  ( -1.000000000000000000, 0.0000000000000000000, 0.0000000000000000000 ) ) ;
#11455 = ADVANCED_FACE ( 'NONE', ( #2461 ), #2586, .T. ) ;
#11456 = VECTOR ( 'NONE', #1207, 1000.000000000000000 ) ;
#11457 = CARTESIAN_POINT ( 'NONE',  ( -1.284324105418200190, 0.9000000000000001332, 0.04581484287409479800 ) ) ;
#11458 = CARTESIAN_POINT ( 'NONE',  ( -1.749999999999999778, 0.0000000000000000000, 1.750000000000000222 ) ) ;
#11459 = LINE ( 'NONE', #4353, #8179 ) ;
#11460 = ADVANCED_FACE ( 'NONE', ( #4529 ), #10083, .T. ) ;
#11461 = DIRECTION ( 'NONE',  ( 0.2585431947893059856, 0.0000000000000000000, -0.9659996979441239917 ) ) ;
#11462 = CARTESIAN_POINT ( 'NONE',  ( -0.3750000000000000000, 0.0000000000000000000, 2.500000000000000000 ) ) ;
#11463 = ORIENTED_EDGE ( 'NONE', *, *, #5180, .T. ) ;
#11464 = B_SPLINE_CURVE_WITH_KNOTS ( 'NONE', 3,
 ( #10453, #4007, #9826, #714 ),
 .UNSPECIFIED., .F., .F.,
 ( 4, 4 ),
 ( 0.0000000000000000000, 1.000000000000000000 ),
 .UNSPECIFIED. ) ;
#11465 = PLANE ( 'NONE',  #3404 ) ;
#11466 = LINE ( 'NONE', #3293, #4301 ) ;
#11467 = CARTESIAN_POINT ( 'NONE',  ( -1.745000000000000329, -0.03000000000000000930, -2.100000000000000089 ) ) ;
#11468 = ORIENTED_EDGE ( 'NONE', *, *, #6167, .F. ) ;
#11469 = CARTESIAN_POINT ( 'NONE',  ( 1.375000000000000000, 0.0000000000000000000, -2.220000000000000195 ) ) ;
#11470 = DIRECTION ( 'NONE',  ( -1.000000000000000000, 0.0000000000000000000, 0.0000000000000000000 ) ) ;
#11471 = VECTOR ( 'NONE', #558, 1000.000000000000000 ) ;
#11472 = CARTESIAN_POINT ( 'NONE',  ( 0.8749999999999998890, 0.03333333333333334675, 2.500105095651770082 ) ) ;
#11473 = EDGE_CURVE ( 'NONE', #8183, #304, #3639, .T. ) ;
#11474 = CARTESIAN_POINT ( 'NONE',  ( -1.245000000000000329, 0.0000000000000000000, 2.100000000000000089 ) ) ;
#11475 = VERTEX_POINT ( 'NONE', #2739 ) ;
#11476 = CARTESIAN_POINT ( 'NONE',  ( -2.112932771566822687, -0.03000000000000000930, -1.682361600948406588 ) ) ;
#11477 = DIRECTION ( 'NONE',  ( 0.0000000000000000000, 1.000000000000000000, 0.0000000000000000000 ) ) ;
#11478 = EDGE_CURVE ( 'NONE', #10201, #2328, #6322, .T. ) ;
#11479 = FILL_AREA_STYLE ('',( #9806 ) ) ;
#11480 = ORIENTED_EDGE ( 'NONE', *, *, #2268, .F. ) ;
#11481 = CARTESIAN_POINT ( 'NONE',  ( 1.616816876927420044, 0.9000000000000001332, 0.1202315587619360027 ) ) ;
#11482 = DIRECTION ( 'NONE',  ( 0.0000000000000000000, 0.0000000000000000000, -1.000000000000000000 ) ) ;
#11483 = CARTESIAN_POINT ( 'NONE',  ( 0.8750000000000000000, 0.0000000000000000000, -2.406666666666666732 ) ) ;
#11484 = CARTESIAN_POINT ( 'NONE',  ( 1.137932771566823043, -0.03000000000000001277, -2.157361600948406455 ) ) ;
#11485 = ORIENTED_EDGE ( 'NONE', *, *, #7550, .T. ) ;
#11486 = CARTESIAN_POINT ( 'NONE',  ( 2.157361600948405567, -0.03000000000000000930, 0.3620672284331773461 ) ) ;
#11487 = DIRECTION ( 'NONE',  ( 1.000000000000000000, -0.0000000000000000000, 0.0000000000000000000 ) ) ;
#11488 = ORIENTED_EDGE ( 'NONE', *, *, #2880, .T. ) ;
#11489 = FACE_OUTER_BOUND ( 'NONE', #10614, .T. ) ;
#11490 = VERTEX_POINT ( 'NONE', #6376 ) ;
#11491 = EDGE_CURVE ( 'NONE', #6731, #4812, #5430, .T. ) ;
#11492 = MECHANICAL_DESIGN_GEOMETRIC_PRESENTATION_REPRESENTATION (  '', ( #10175 ), #8826 ) ;
#11493 = CARTESIAN_POINT ( 'NONE',  ( 0.6250000000000000000, -0.03000000000000000930, 2.500105095651770082 ) ) ;
#11494 = EDGE_CURVE ( 'NONE', #7072, #1807, #11047, .T. ) ;
#11495 = CARTESIAN_POINT ( 'NONE',  ( 1.206242467781529992, 0.8900000000000010125, -0.2609950194256709932 ) ) ;
#11496 = ORIENTED_EDGE ( 'NONE', *, *, #5129, .T. ) ;
#11497 = CARTESIAN_POINT ( 'NONE',  ( -2.220000000000000195, 0.0000000000000000000, 1.375000000000000000 ) ) ;
#11498 = DIRECTION ( 'NONE',  ( 0.0000000000000000000, 0.0000000000000000000, -1.000000000000000000 ) ) ;
#11499 = CYLINDRICAL_SURFACE ( 'NONE', #8937, 0.1200000000000000927 ) ;
#11500 = DIRECTION ( 'NONE',  ( 0.0000000000000000000, -1.000000000000000000, 0.0000000000000000000 ) ) ;
#11501 = CARTESIAN_POINT ( 'NONE',  ( -2.157361600948406011, -0.0000000000000000000, 1.362067228433177402 ) ) ;
#11502 = CARTESIAN_POINT ( 'NONE',  ( 2.220000000000000195, -0.03000000000000000236, 1.754999999999999893 ) ) ;
#11503 = ORIENTED_EDGE ( 'NONE', *, *, #395, .T. ) ;
#11504 = LINE ( 'NONE', #7910, #1345 ) ;
#11505 = B_SPLINE_CURVE_WITH_KNOTS ( 'NONE', 3,
 ( #1524, #1418, #4980, #6716, #9460 ),
 .UNSPECIFIED., .F., .F.,
 ( 4, 1, 4 ),
 ( 1.343910578186136732E-17, 0.0002918116691053079456, 0.0005836233382106024471 ),
 .UNSPECIFIED. ) ;
#11506 = ORIENTED_EDGE ( 'NONE', *, *, #767, .F. ) ;
#11507 = CARTESIAN_POINT ( 'NONE',  ( 0.1250000000000000000, 0.1000000000000000056, -2.220000000000000195 ) ) ;
#11508 = EDGE_CURVE ( 'NONE', #4631, #9227, #3753, .T. ) ;
#11509 = CARTESIAN_POINT ( 'NONE',  ( -2.406666666666666732, 0.0000000000000000000, 1.125000000000000222 ) ) ;
#11510 = CARTESIAN_POINT ( 'NONE',  ( 1.245000000000000329, -0.03000000000000000583, 2.100000000000000089 ) ) ;
#11511 = AXIS2_PLACEMENT_3D ( 'NONE', #1253, #9357, #11091 ) ;
#11512 = CARTESIAN_POINT ( 'NONE',  ( 2.500000000000000000, 0.0000000000000000000, 1.375000000000000000 ) ) ;
#11513 =( NAMED_UNIT ( * ) PLANE_ANGLE_UNIT ( ) SI_UNIT ( $, .RADIAN. ) );
#11514 = DIRECTION ( 'NONE',  ( -1.000000000000000000, 0.0000000000000000000, -0.0000000000000000000 ) ) ;
#11515 = DIRECTION ( 'NONE',  ( -1.000000000000000000, 0.0000000000000000000, -0.0000000000000000000 ) ) ;
#11516 = DIRECTION ( 'NONE',  ( 0.0000000000000000000, 1.000000000000000000, 0.0000000000000000000 ) ) ;
#11517 = EDGE_CURVE ( 'NONE', #1423, #146, #1737, .T. ) ;
#11518 = ORIENTED_EDGE ( 'NONE', *, *, #5328, .F. ) ;
#11519 = ORIENTED_EDGE ( 'NONE', *, *, #1765, .F. ) ;
#11520 = EDGE_CURVE ( 'NONE', #1618, #6307, #10803, .T. ) ;
#11521 = DIRECTION ( 'NONE',  ( 1.000000000000000000, 0.0000000000000000000, -0.0000000000000000000 ) ) ;
#11522 = DIRECTION ( 'NONE',  ( 1.000000000000000000, 0.0000000000000000000, -0.0000000000000000000 ) ) ;
#11523 = CARTESIAN_POINT ( 'NONE',  ( -2.100000000000000089, 0.1000000000000000056, 1.745000000000000329 ) ) ;
#11524 = VECTOR ( 'NONE', #7847, 1000.000000000000000 ) ;
#11525 = CARTESIAN_POINT ( 'NONE',  ( 0.9372373512007650120, 0.8900000000000000133, 0.3021479357102004881 ) ) ;
#11526 = VECTOR ( 'NONE', #4222, 1000.000000000000000 ) ;
#11527 = B_SPLINE_CURVE_WITH_KNOTS ( 'NONE', 3,
 ( #7557, #1244, #4859, #6781 ),
 .UNSPECIFIED., .F., .F.,
 ( 4, 4 ),
 ( 0.0000000000000000000, 1.000000000000000000 ),
 .UNSPECIFIED. ) ;
#11528 = CARTESIAN_POINT ( 'NONE',  ( 1.375000000000000000, 0.0000000000000000000, 2.313333333333333464 ) ) ;
#11529 = CARTESIAN_POINT ( 'NONE',  ( -2.112932771566822687, -0.03000000000000001277, 0.6823616009484068101 ) ) ;
#11530 = VECTOR ( 'NONE', #4326, 1000.000000000000000 ) ;
#11531 = ORIENTED_EDGE ( 'NONE', *, *, #10699, .F. ) ;
#11532 = AXIS2_PLACEMENT_3D ( 'NONE', #4448, #9226, #3502 ) ;
#11533 = EDGE_CURVE ( 'NONE', #9744, #10919, #5549, .T. ) ;
#11534 = FILL_AREA_STYLE_COLOUR ( '', #5034 ) ;
#11535 = CARTESIAN_POINT ( 'NONE',  ( -1.375000000000000000, 0.0000000000000000000, -2.220000000000000195 ) ) ;
#11536 = CARTESIAN_POINT ( 'NONE',  ( -2.157361600948406455, -0.0000000000000000000, -1.862067228433177402 ) ) ;
#11537 = CARTESIAN_POINT ( 'NONE',  ( 1.745313572323379914, 0.8900000000000000133, -0.3316052058057050167 ) ) ;
#11538 = LINE ( 'NONE', #9750, #10015 ) ;
#11539 = B_SPLINE_SURFACE_WITH_KNOTS ( 'NONE', 3, 1, ( 
 ( #863, #6337 ),
 ( #10998, #93 ),
 ( #10104, #1872 ),
 ( #9143, #6454 ) ),
 .UNSPECIFIED., .F., .F., .F.,
 ( 4, 4 ),
 ( 2, 2 ),
 ( 0.0000000000000000000, 1.000000000000000000 ),
 ( 0.0000000000000000000, 1.000000000000000000 ),
 .UNSPECIFIED. ) ;
#11540 = CARTESIAN_POINT ( 'NONE',  ( -1.375000000000000222, -0.03000000000000000930, -2.500105095651770082 ) ) ;
#11541 = ORIENTED_EDGE ( 'NONE', *, *, #10455, .F. ) ;
#11542 = AXIS2_PLACEMENT_3D ( 'NONE', #1462, #5983, #9620 ) ;
#11543 = LINE ( 'NONE', #3370, #5657 ) ;
#11544 = VECTOR ( 'NONE', #9139, 1000.000000000000000 ) ;
#11545 = FACE_OUTER_BOUND ( 'NONE', #11438, .T. ) ;
#11546 = EDGE_LOOP ( 'NONE', ( #3446, #7294, #2598, #1500, #8292, #991 ) ) ;
#11547 = ORIENTED_EDGE ( 'NONE', *, *, #518, .T. ) ;
#11548 = PLANE ( 'NONE',  #7868 ) ;
#11549 = STYLED_ITEM ( 'NONE', ( #5538 ), #6788 ) ;
#11550 = VERTEX_POINT ( 'NONE', #2622 ) ;
#11551 = CARTESIAN_POINT ( 'NONE',  ( 0.3750000000000000000, 0.0000000000000000000, -2.220000000000000195 ) ) ;
#11552 = ORIENTED_EDGE ( 'NONE', *, *, #832, .T. ) ;
#11553 = FILL_AREA_STYLE_COLOUR ( '', #11010 ) ;
#11554 = FACE_OUTER_BOUND ( 'NONE', #3351, .T. ) ;
#11555 = ORIENTED_EDGE ( 'NONE', *, *, #3665, .T. ) ;
#11556 = CARTESIAN_POINT ( 'NONE',  ( -0.1823616009484061162, -0.03000000000000001277, -2.112932771566823131 ) ) ;
#11557 = CARTESIAN_POINT ( 'NONE',  ( -2.100000000000000533, -0.03000000000000000930, -1.286415926535898091 ) ) ;
#11558 = CARTESIAN_POINT ( 'NONE',  ( -0.6379327715668223764, -0.0000000000000000000, 2.157361600948406011 ) ) ;
#11559 = DIRECTION ( 'NONE',  ( -1.000000000000000000, 0.0000000000000000000, 0.0000000000000000000 ) ) ;
#11560 = EDGE_CURVE ( 'NONE', #475, #1144, #8159, .T. ) ;
#11561 = DIRECTION ( 'NONE',  ( 0.0000000000000000000, 1.000000000000000000, -0.0000000000000000000 ) ) ;
#11562 = ORIENTED_EDGE ( 'NONE', *, *, #6872, .T. ) ;
#11563 = FACE_OUTER_BOUND ( 'NONE', #9544, .T. ) ;
#11564 = ORIENTED_EDGE ( 'NONE', *, *, #9830, .F. ) ;
#11565 = ORIENTED_EDGE ( 'NONE', *, *, #5112, .F. ) ;
#11566 = CARTESIAN_POINT ( 'NONE',  ( 2.500000000000000000, 0.0000000000000000000, 2.500000000000000000 ) ) ;
#11567 = LINE ( 'NONE', #8776, #7248 ) ;
#11568 = FACE_OUTER_BOUND ( 'NONE', #6109, .T. ) ;
#11569 = CARTESIAN_POINT ( 'NONE',  ( -0.7549999999999990052, 0.0000000000000000000, -2.100000000000000089 ) ) ;
#11570 = CARTESIAN_POINT ( 'NONE',  ( 2.000000000000000000, 0.8900000000000000133, 2.000000000000000000 ) ) ;
#11571 = ADVANCED_FACE ( 'NONE', ( #17 ), #7280, .T. ) ;
#11572 = CARTESIAN_POINT ( 'NONE',  ( -1.417263123745039932, 0.9000000000000001332, 0.04339776913695130717 ) ) ;
#11573 = ORIENTED_EDGE ( 'NONE', *, *, #1085, .F. ) ;
#11574 = ORIENTED_EDGE ( 'NONE', *, *, #4400, .F. ) ;
#11575 = MECHANICAL_DESIGN_GEOMETRIC_PRESENTATION_REPRESENTATION (  '', ( #741 ), #7945 ) ;
#11576 = ORIENTED_EDGE ( 'NONE', *, *, #11637, .T. ) ;
#11577 = FACE_OUTER_BOUND ( 'NONE', #6006, .T. ) ;
#11578 = CARTESIAN_POINT ( 'NONE',  ( 2.100000000000000089, -0.03000000000000000930, 0.2450000000000010225 ) ) ;
#11579 = ORIENTED_EDGE ( 'NONE', *, *, #7301, .T. ) ;
#11580 = DIRECTION ( 'NONE',  ( -0.0000000000000000000, 1.000000000000000000, 0.0000000000000000000 ) ) ;
#11581 = CARTESIAN_POINT ( 'NONE',  ( 0.6132989648979390029, 0.8899999999999999023, -0.2630111705044270165 ) ) ;
#11582 = EDGE_CURVE ( 'NONE', #1052, #10653, #11284, .T. ) ;
#11583 =( NAMED_UNIT ( * ) SI_UNIT ( $, .STERADIAN. ) SOLID_ANGLE_UNIT ( ) );
#11584 = MECHANICAL_DESIGN_GEOMETRIC_PRESENTATION_REPRESENTATION (  '', ( #2060 ), #3773 ) ;
#11585 = DIRECTION ( 'NONE',  ( 0.0000000000000000000, 0.0000000000000000000, 1.000000000000000000 ) ) ;
#11586 = EDGE_CURVE ( 'NONE', #11589, #2735, #11099, .T. ) ;
#11587 = B_SPLINE_CURVE_WITH_KNOTS ( 'NONE', 3,
 ( #8874, #8933, #10666, #6118 ),
 .UNSPECIFIED., .F., .F.,
 ( 4, 4 ),
 ( 0.0000000000000000000, 1.000000000000000000 ),
 .UNSPECIFIED. ) ;
#11588 = CARTESIAN_POINT ( 'NONE',  ( -0.8749999999999998890, 0.06666666666666669350, -2.500105095651770082 ) ) ;
#11589 = VERTEX_POINT ( 'NONE', #4875 ) ;
#11590 = DIRECTION ( 'NONE',  ( 0.0000000000000000000, 0.0000000000000000000, 1.000000000000000000 ) ) ;
#11591 = AXIS2_PLACEMENT_3D ( 'NONE', #2367, #2545, #10609 ) ;
#11592 = CARTESIAN_POINT ( 'NONE',  ( 2.100000000000000089, 0.0000000000000000000, -0.2549999999999990052 ) ) ;
#11593 = DIRECTION ( 'NONE',  ( 0.0000000000000000000, 0.0000000000000000000, 1.000000000000000000 ) ) ;
#11594 = ORIENTED_EDGE ( 'NONE', *, *, #3055, .T. ) ;
#11595 = CARTESIAN_POINT ( 'NONE',  ( -1.125000000000000444, -0.03000000000000000930, 2.188584073464102442 ) ) ;
#11596 = CARTESIAN_POINT ( 'NONE',  ( 1.719285493790500219, 0.8999999999999991340, -0.2378877532266260031 ) ) ;
#11597 = EDGE_CURVE ( 'NONE', #4763, #523, #5380, .T. ) ;
#11598 = CARTESIAN_POINT ( 'NONE',  ( -2.220000000000000195, 0.1000000000000000056, 0.7550000000000000044 ) ) ;
#11599 = MECHANICAL_DESIGN_GEOMETRIC_PRESENTATION_REPRESENTATION (  '', ( #3611 ), #9136 ) ;
#11600 = DIRECTION ( 'NONE',  ( 1.000000000000000000, 0.0000000000000000000, -0.0000000000000000000 ) ) ;
#11601 = ORIENTED_EDGE ( 'NONE', *, *, #5096, .F. ) ;
#11602 = DIRECTION ( 'NONE',  ( 0.0000000000000000000, 0.0000000000000000000, 1.000000000000000000 ) ) ;
#11603 = DIRECTION ( 'NONE',  ( 0.0000000000000000000, 0.0000000000000000000, -1.000000000000000000 ) ) ;
#11604 = ADVANCED_FACE ( 'NONE', ( #2023 ), #199, .T. ) ;
#11605 = COLOUR_RGB ( '',1.000000000000000000, 1.000000000000000000, 1.000000000000000000 ) ;
#11606 = VECTOR ( 'NONE', #7455, 1000.000000000000000 ) ;
#11607 = VERTEX_POINT ( 'NONE', #9366 ) ;
#11608 = MECHANICAL_DESIGN_GEOMETRIC_PRESENTATION_REPRESENTATION (  '', ( #11054 ), #1151 ) ;
#11609 = DIRECTION ( 'NONE',  ( -1.000000000000000000, 0.0000000000000000000, -0.0000000000000000000 ) ) ;
#11610 = ORIENTED_EDGE ( 'NONE', *, *, #5736, .F. ) ;
#11611 = EDGE_LOOP ( 'NONE', ( #721, #2770, #769, #8147 ) ) ;
#11612 = STYLED_ITEM ( 'NONE', ( #8651 ), #11273 ) ;
#11613 = EDGE_CURVE ( 'NONE', #5636, #3477, #1398, .T. ) ;
#11614 = CARTESIAN_POINT ( 'NONE',  ( 1.537827266784729918, 0.8900000000000000133, 0.3083217570670889751 ) ) ;
#11615 = LINE ( 'NONE', #7086, #1335 ) ;
#11616 = CARTESIAN_POINT ( 'NONE',  ( -0.6250000000000000000, 0.0000000000000000000, -2.500000000000000000 ) ) ;
#11617 = ORIENTED_EDGE ( 'NONE', *, *, #476, .T. ) ;
#11618 = EDGE_CURVE ( 'NONE', #7246, #4778, #2858, .T. ) ;
#11619 = VECTOR ( 'NONE', #1023, 1000.000000000000000 ) ;
#11620 = B_SPLINE_CURVE_WITH_KNOTS ( 'NONE', 3,
 ( #8938, #5471, #6179, #4512 ),
 .UNSPECIFIED., .F., .F.,
 ( 4, 4 ),
 ( 0.0000000000000000000, 1.000000000000000000 ),
 .UNSPECIFIED. ) ;
#11621 = ORIENTED_EDGE ( 'NONE', *, *, #9497, .F. ) ;
#11622 = DIRECTION ( 'NONE',  ( 0.0000000000000000000, 0.0000000000000000000, 1.000000000000000000 ) ) ;
#11623 = ORIENTED_EDGE ( 'NONE', *, *, #2327, .T. ) ;
#11624 = ORIENTED_EDGE ( 'NONE', *, *, #1237, .F. ) ;
#11625 = CARTESIAN_POINT ( 'NONE',  ( 1.125000000000000444, -0.03000000000000000930, 2.188584073464102886 ) ) ;
#11626 = EDGE_CURVE ( 'NONE', #10110, #4766, #1970, .T. ) ;
#11627 = SURFACE_STYLE_USAGE ( .BOTH. , #9782 ) ;
#11628 = CARTESIAN_POINT ( 'NONE',  ( -2.100000000000000089, -0.03000000000000000583, 1.745000000000000329 ) ) ;
#11629 = CARTESIAN_POINT ( 'NONE',  ( 2.220000000000000195, -0.03000000000000000583, -0.3750000000000000000 ) ) ;
#11630 = LINE ( 'NONE', #671, #4004 ) ;
#11631 = FILL_AREA_STYLE_COLOUR ( '', #5510 ) ;
#11632 = EDGE_LOOP ( 'NONE', ( #3145, #1966, #6061, #5052 ) ) ;
#11633 = PLANE ( 'NONE',  #6626 ) ;
#11634 = VERTEX_POINT ( 'NONE', #4817 ) ;
#11635 = ORIENTED_EDGE ( 'NONE', *, *, #4560, .F. ) ;
#11636 = CARTESIAN_POINT ( 'NONE',  ( 1.125000000000000222, -0.03000000000000000583, -2.220000000000000195 ) ) ;
#11637 = EDGE_CURVE ( 'NONE', #4766, #4102, #552, .T. ) ;
#11638 = PLANE ( 'NONE',  #4309 ) ;
#11639 = CARTESIAN_POINT ( 'NONE',  ( -2.100000000000000089, -0.03000000000000000583, -0.2450000000000010225 ) ) ;
#11640 = ORIENTED_EDGE ( 'NONE', *, *, #7338, .T. ) ;
#11641 = LINE ( 'NONE', #9034, #6247 ) ;
#11642 = SURFACE_STYLE_USAGE ( .BOTH. , #8906 ) ;
#11643 = CARTESIAN_POINT ( 'NONE',  ( 1.375000000000000000, 0.0000000000000000000, 2.220000000000000195 ) ) ;
#11644 = LINE ( 'NONE', #3541, #1697 ) ;
#11645 = ORIENTED_EDGE ( 'NONE', *, *, #11452, .T. ) ;
#11646 = B_SPLINE_CURVE_WITH_KNOTS ( 'NONE', 3,
 ( #11079, #115, #2783, #10126, #9165, #1002 ),
 .UNSPECIFIED., .F., .F.,
 ( 4, 2, 4 ),
 ( 0.0000000000000000000, 0.5000000000000000000, 1.000000000000000000 ),
 .UNSPECIFIED. ) ;
#11647 = DIRECTION ( 'NONE',  ( 0.0000000000000000000, 0.0000000000000000000, -1.000000000000000000 ) ) ;
#11648 = AXIS2_PLACEMENT_3D ( 'NONE', #2530, #11603, #7068 ) ;
#11649 = CARTESIAN_POINT ( 'NONE',  ( -2.500000000000000000, 0.0000000000000000000, -1.125000000000000222 ) ) ;
#11650 = ADVANCED_FACE ( 'NONE', ( #315 ), #3935, .T. ) ;
#11651 = ORIENTED_EDGE ( 'NONE', *, *, #2993, .T. ) ;
#11652 = CARTESIAN_POINT ( 'NONE',  ( -1.182361600948406588, -0.03000000000000000930, 2.112932771566822687 ) ) ;
#11653 = CARTESIAN_POINT ( 'NONE',  ( 2.500000000000000000, 0.9000000000000001332, -1.125000000000000222 ) ) ;
#11654 = CARTESIAN_POINT ( 'NONE',  ( -1.668613946857949948, 0.8900000000000000133, 0.2384770468886940054 ) ) ;
#11655 = DIRECTION ( 'NONE',  ( 0.0000000000000000000, 0.0000000000000000000, 1.000000000000000000 ) ) ;
#11656 = CARTESIAN_POINT ( 'NONE',  ( 2.500447051772229923, -0.03000000000000000930, 1.125000000000000222 ) ) ;
#11657 = ORIENTED_EDGE ( 'NONE', *, *, #5462, .F. ) ;
#11658 = CARTESIAN_POINT ( 'NONE',  ( -1.150359397269010042, 0.8900000000000000133, -0.3554240631100160641 ) ) ;
#11659 = ORIENTED_EDGE ( 'NONE', *, *, #9838, .T. ) ;
#11660 = DIRECTION ( 'NONE',  ( 0.0000000000000000000, -0.0000000000000000000, 1.000000000000000000 ) ) ;
#11661 = MECHANICAL_DESIGN_GEOMETRIC_PRESENTATION_REPRESENTATION (  '', ( #6329 ), #2512 ) ;
#11662 = ADVANCED_FACE ( 'NONE', ( #2197 ), #2368, .T. ) ;
#11663 = ORIENTED_EDGE ( 'NONE', *, *, #10828, .F. ) ;
#11664 = CARTESIAN_POINT ( 'NONE',  ( -2.100000000000000089, -0.03000000000000000583, 1.254999999999999893 ) ) ;
#11665 = ORIENTED_EDGE ( 'NONE', *, *, #9322, .F. ) ;
#11666 = CARTESIAN_POINT ( 'NONE',  ( 1.245000000000000329, 0.1000000000000000056, -2.100000000000000089 ) ) ;
#11667 = EDGE_CURVE ( 'NONE', #9881, #2200, #10918, .T. ) ;
#11668 = ORIENTED_EDGE ( 'NONE', *, *, #3650, .F. ) ;
#11669 = CARTESIAN_POINT ( 'NONE',  ( 2.188584073464102442, 0.0000000000000000000, -1.125000000000000000 ) ) ;
#11670 = CARTESIAN_POINT ( 'NONE',  ( -1.317638399051594078, -0.03000000000000001277, 2.112932771566823131 ) ) ;
#11671 = AXIS2_PLACEMENT_3D ( 'NONE', #1996, #7599, #3782 ) ;
#11672 = FILL_AREA_STYLE_COLOUR ( '', #9439 ) ;
#11673 = CARTESIAN_POINT ( 'NONE',  ( -0.5664332323023040239, 0.8900000000000000133, 0.3083217570670889751 ) ) ;
#11674 = CARTESIAN_POINT ( 'NONE',  ( -0.2226109559785069969, 0.8900000000000000133, 0.1715597363732359881 ) ) ;
#11675 = CARTESIAN_POINT ( 'NONE',  ( -2.313333333333333464, 0.0000000000000000000, -0.6250000000000000000 ) ) ;
#11676 = CARTESIAN_POINT ( 'NONE',  ( 0.1250000000000000000, -0.03000000000000000930, 2.500105095651770082 ) ) ;
#11677 = ORIENTED_EDGE ( 'NONE', *, *, #1650, .F. ) ;
#11678 = FACE_OUTER_BOUND ( 'NONE', #3557, .T. ) ;
#11679 = DIRECTION ( 'NONE',  ( -0.1285540286414040279, 0.0000000000000000000, 0.9917025066621870666 ) ) ;
#11680 = EDGE_CURVE ( 'NONE', #11770, #2426, #2506, .T. ) ;
#11681 = ORIENTED_EDGE ( 'NONE', *, *, #621, .T. ) ;
#11682 = VERTEX_POINT ( 'NONE', #5119 ) ;
#11683 = LINE ( 'NONE', #3522, #4153 ) ;
#11684 = CARTESIAN_POINT ( 'NONE',  ( -0.5664332323023040239, 0.8900000000000000133, 0.3083217570670889751 ) ) ;
#11685 = CARTESIAN_POINT ( 'NONE',  ( -1.209768594444730061, 0.8900000000000000133, -0.02953582053485869982 ) ) ;
#11686 = DIRECTION ( 'NONE',  ( 0.0000000000000000000, -1.000000000000000000, 0.0000000000000000000 ) ) ;
#11687 = UNCERTAINTY_MEASURE_WITH_UNIT (LENGTH_MEASURE( 1.000000000000000082E-05 ), #7100, 'distance_accuracy_value', 'NONE');
#11688 = CARTESIAN_POINT ( 'NONE',  ( -1.875000000000000000, 0.1000000000000000056, 2.220000000000000195 ) ) ;
#11689 = PLANE ( 'NONE',  #10091 ) ;
#11690 = CARTESIAN_POINT ( 'NONE',  ( 0.7916666666666666297, 0.1000000000000000056, 2.500105095651770082 ) ) ;
#11691 = CARTESIAN_POINT ( 'NONE',  ( -1.140123546261919918, 0.9000000000000001332, 0.3094733318067159900 ) ) ;
#11692 = ADVANCED_FACE ( 'NONE', ( #4340 ), #719, .T. ) ;
#11693 = VERTEX_POINT ( 'NONE', #7017 ) ;
#11694 = EDGE_LOOP ( 'NONE', ( #9347, #3256, #6142, #11411 ) ) ;
#11695 = ORIENTED_EDGE ( 'NONE', *, *, #6927, .F. ) ;
#11696 = DIRECTION ( 'NONE',  ( 0.0000000000000000000, 0.0000000000000000000, -1.000000000000000000 ) ) ;
#11697 = DIRECTION ( 'NONE',  ( 1.000000000000000000, -0.0000000000000000000, 0.0000000000000000000 ) ) ;
#11698 = CARTESIAN_POINT ( 'NONE',  ( 1.875000000000000000, 0.0000000000000000000, -2.313333333333333464 ) ) ;
#11699 = ORIENTED_EDGE ( 'NONE', *, *, #6062, .T. ) ;
#11700 = LINE ( 'NONE', #10751, #3590 ) ;
#11701 = CARTESIAN_POINT ( 'NONE',  ( 2.220000000000000195, 0.0000000000000000000, -0.6250000000000000000 ) ) ;
#11702 =( NAMED_UNIT ( * ) PLANE_ANGLE_UNIT ( ) SI_UNIT ( $, .RADIAN. ) );
#11703 = CARTESIAN_POINT ( 'NONE',  ( -1.125000000000000222, 0.0000000000000000000, 2.220000000000000195 ) ) ;
#11704 = LINE ( 'NONE', #3602, #4934 ) ;
#11705 = ADVANCED_FACE ( 'NONE', ( #10499 ), #4228, .T. ) ;
#11706 = EDGE_CURVE ( 'NONE', #8195, #11693, #1437, .T. ) ;
#11707 = VERTEX_POINT ( 'NONE', #5909 ) ;
#11708 = PLANE ( 'NONE',  #9430 ) ;
#11709 = FACE_OUTER_BOUND ( 'NONE', #10038, .T. ) ;
#11710 = VECTOR ( 'NONE', #6250, 1000.000000000000000 ) ;
#11711 = CARTESIAN_POINT ( 'NONE',  ( 0.01512489307809719921, 0.8900000000000000133, 0.03479771567938359789 ) ) ;
#11712 = VERTEX_POINT ( 'NONE', #9542 ) ;
#11713 = FACE_OUTER_BOUND ( 'NONE', #901, .T. ) ;
#11714 = PRESENTATION_STYLE_ASSIGNMENT (( #8060 ) ) ;
#11715 = DIRECTION ( 'NONE',  ( -0.0000000000000000000, 1.000000000000000000, 0.0000000000000000000 ) ) ;
#11716 = EDGE_LOOP ( 'NONE', ( #9731, #10003, #7343, #3955 ) ) ;
#11717 = DIRECTION ( 'NONE',  ( 0.0000000000000000000, 0.0000000000000000000, -1.000000000000000000 ) ) ;
#11718 =( NAMED_UNIT ( * ) SI_UNIT ( $, .STERADIAN. ) SOLID_ANGLE_UNIT ( ) );
#11719 = B_SPLINE_CURVE_WITH_KNOTS ( 'NONE', 3,
 ( #83, #11669, #10782, #10664, #1719, #9706 ),
 .UNSPECIFIED., .F., .F.,
 ( 4, 2, 4 ),
 ( 0.0000000000000000000, 0.5000000000000000000, 1.000000000000000000 ),
 .UNSPECIFIED. ) ;
#11720 = ORIENTED_EDGE ( 'NONE', *, *, #9618, .T. ) ;
#11721 = PLANE ( 'NONE',  #10674 ) ;
#11722 = AXIS2_PLACEMENT_3D ( 'NONE', #11025, #5644, #6480 ) ;
#11723 = AXIS2_PLACEMENT_3D ( 'NONE', #9461, #11197, #11265 ) ;
#11724 = ADVANCED_FACE ( 'NONE', ( #8761 ), #1385, .T. ) ;
#11725 = ORIENTED_EDGE ( 'NONE', *, *, #56, .T. ) ;
#11726 = DIRECTION ( 'NONE',  ( 0.0000000000000000000, 0.0000000000000000000, 1.000000000000000000 ) ) ;
#11727 = VERTEX_POINT ( 'NONE', #9712 ) ;
#11728 = VERTEX_POINT ( 'NONE', #3268 ) ;
#11729 = LINE ( 'NONE', #6301, #3002 ) ;
#11730 = STYLED_ITEM ( 'NONE', ( #8570 ), #5966 ) ;
#11731 = DIRECTION ( 'NONE',  ( 1.000000000000000000, -0.0000000000000000000, 0.0000000000000000000 ) ) ;
#11732 = CARTESIAN_POINT ( 'NONE',  ( 1.125000000000000222, 0.0000000000000000000, 2.220000000000000195 ) ) ;
#11733 = CARTESIAN_POINT ( 'NONE',  ( -1.125000000000000222, 0.0000000000000000000, -2.220000000000000195 ) ) ;
#11734 = FACE_OUTER_BOUND ( 'NONE', #6758, .T. ) ;
#11735 = ORIENTED_EDGE ( 'NONE', *, *, #6086, .T. ) ;
#11736 = EDGE_CURVE ( 'NONE', #9392, #8582, #9496, .T. ) ;
#11737 = AXIS2_PLACEMENT_3D ( 'NONE', #4788, #10465, #4905 ) ;
#11738 = CARTESIAN_POINT ( 'NONE',  ( -1.125000000000000222, 0.0000000000000000000, -2.220000000000000195 ) ) ;
#11739 = VERTEX_POINT ( 'NONE', #10671 ) ;
#11740 = VERTEX_POINT ( 'NONE', #6066 ) ;
#11741 = VERTEX_POINT ( 'NONE', #1547 ) ;
#11742 = SURFACE_STYLE_FILL_AREA ( #7031 ) ;
#11743 = FACE_OUTER_BOUND ( 'NONE', #6986, .T. ) ;
#11744 = FILL_AREA_STYLE_COLOUR ( '', #6640 ) ;
#11745 = B_SPLINE_CURVE_WITH_KNOTS ( 'NONE', 3,
 ( #8834, #7661, #2113, #11569 ),
 .UNSPECIFIED., .F., .F.,
 ( 4, 4 ),
 ( 0.0000000000000000000, 1.000000000000000000 ),
 .UNSPECIFIED. ) ;
#11746 = SURFACE_STYLE_USAGE ( .BOTH. , #8095 ) ;
#11747 = DIRECTION ( 'NONE',  ( 0.0000000000000000000, 0.0000000000000000000, 1.000000000000000000 ) ) ;
#11748 = ADVANCED_FACE ( 'NONE', ( #3690 ), #7203, .F. ) ;
#11749 = CARTESIAN_POINT ( 'NONE',  ( 1.914881435987410008, 0.9000000000000001332, 0.3083217570670889751 ) ) ;
#11750 = FACE_OUTER_BOUND ( 'NONE', #5275, .T. ) ;
#11751 = ORIENTED_EDGE ( 'NONE', *, *, #9801, .F. ) ;
#11752 = DIRECTION ( 'NONE',  ( 0.0000000000000000000, 1.000000000000000000, -0.0000000000000000000 ) ) ;
#11753 = EDGE_CURVE ( 'NONE', #2735, #7260, #1785, .T. ) ;
#11754 = LINE ( 'NONE', #2690, #5311 ) ;
#11755 = ORIENTED_EDGE ( 'NONE', *, *, #2405, .T. ) ;
#11756 = AXIS2_PLACEMENT_3D ( 'NONE', #1424, #7781, #6897 ) ;
#11757 = ORIENTED_EDGE ( 'NONE', *, *, #329, .T. ) ;
#11758 = ORIENTED_EDGE ( 'NONE', *, *, #395, .F. ) ;
#11759 = DIRECTION ( 'NONE',  ( -0.0000000000000000000, 1.000000000000000000, -0.0000000000000000000 ) ) ;
#11760 = CARTESIAN_POINT ( 'NONE',  ( 0.5833333333333334814, 0.0000000000000000000, -1.750000000000000000 ) ) ;
#11761 = ORIENTED_EDGE ( 'NONE', *, *, #7223, .F. ) ;
#11762 = CARTESIAN_POINT ( 'NONE',  ( 0.8750000000000000000, -0.03000000000000000583, 2.220000000000000195 ) ) ;
#11763 = CARTESIAN_POINT ( 'NONE',  ( -2.112932771566821799, -0.0000000000000000000, 0.6823616009484065881 ) ) ;
#11764 = EDGE_CURVE ( 'NONE', #9310, #8640, #11620, .T. ) ;
#11765 = FACE_OUTER_BOUND ( 'NONE', #7330, .T. ) ;
#11766 = STYLED_ITEM ( 'NONE', ( #447 ), #7588 ) ;
#11767 = CARTESIAN_POINT ( 'NONE',  ( -1.713584073464102131, -0.03000000000000000930, -2.100000000000000533 ) ) ;
#11768 = PRESENTATION_LAYER_ASSIGNMENT (  '', '', ( #10256 ) ) ;
#11769 = UNCERTAINTY_MEASURE_WITH_UNIT (LENGTH_MEASURE( 1.000000000000000082E-05 ), #7478, 'distance_accuracy_value', 'NONE');
#11770 = VERTEX_POINT ( 'NONE', #1724 ) ;
#11771 = B_SPLINE_CURVE_WITH_KNOTS ( 'NONE', 3,
 ( #1662, #3389, #7022, #723 ),
 .UNSPECIFIED., .F., .F.,
 ( 4, 4 ),
 ( 0.0000000000000000000, 1.000000000000000000 ),
 .UNSPECIFIED. ) ;
#11772 = CARTESIAN_POINT ( 'NONE',  ( -1.362067228433177402, -0.0000000000000000000, -2.157361600948406011 ) ) ;
#11773 = LINE ( 'NONE', #42, #7351 ) ;
#11774 = ORIENTED_EDGE ( 'NONE', *, *, #10281, .T. ) ;
#11775 = PLANE ( 'NONE',  #8148 ) ;
#11776 = FILL_AREA_STYLE ('',( #2585 ) ) ;
#11777 = AXIS2_PLACEMENT_3D ( 'NONE', #9142, #2875, #1871 ) ;
#11778 = EDGE_CURVE ( 'NONE', #10215, #3057, #11189, .T. ) ;
#11779 =( NAMED_UNIT ( * ) SI_UNIT ( $, .STERADIAN. ) SOLID_ANGLE_UNIT ( ) );
#11780 = CARTESIAN_POINT ( 'NONE',  ( -1.254999999999999893, 0.0000000000000000000, -2.100000000000000089 ) ) ;
#11781 = EDGE_CURVE ( 'NONE', #3563, #8504, #5537, .T. ) ;
#11782 = LINE ( 'NONE', #5344, #8370 ) ;
#11783 = CARTESIAN_POINT ( 'NONE',  ( 0.3750000000000000000, 0.0000000000000000000, 2.500000000000000000 ) ) ;
#11784 = SURFACE_SIDE_STYLE ('',( #6294 ) ) ;
#11785 = ORIENTED_EDGE ( 'NONE', *, *, #4710, .F. ) ;
#11786 = CARTESIAN_POINT ( 'NONE',  ( 2.313333333333333464, 0.0000000000000000000, 1.125000000000000222 ) ) ;
#11787 = VECTOR ( 'NONE', #6089, 1000.000000000000000 ) ;
#11788 = VECTOR ( 'NONE', #4227, 1000.000000000000000 ) ;
#11789 = CARTESIAN_POINT ( 'NONE',  ( -2.220000000000000195, -0.03000000000000000583, -0.3750000000000000000 ) ) ;
#11790 = ORIENTED_EDGE ( 'NONE', *, *, #542, .F. ) ;
#11791 = DIRECTION ( 'NONE',  ( -0.0000000000000000000, -1.000000000000000000, -0.0000000000000000000 ) ) ;
#11792 = VECTOR ( 'NONE', #4297, 1000.000000000000000 ) ;
#11793 = ORIENTED_EDGE ( 'NONE', *, *, #9483, .F. ) ;
#11794 = CARTESIAN_POINT ( 'NONE',  ( -1.708333333333333481, 0.1000000000000000056, 2.500105095651770082 ) ) ;
#11795 = DIRECTION ( 'NONE',  ( 1.000000000000000000, -0.0000000000000000000, 0.0000000000000000000 ) ) ;
#11796 = EDGE_CURVE ( 'NONE', #8885, #2479, #9832, .T. ) ;
ENDSEC;
END-ISO-10303-21;
